-- phpMyAdmin SQL Dump
-- version 4.5.1
-- http://www.phpmyadmin.net
--
-- Host: 127.0.0.1
-- Generation Time: Nov 23, 2016 at 11:15 PM
-- Server version: 10.1.16-MariaDB
-- PHP Version: 5.6.24

SET SQL_MODE = "NO_AUTO_VALUE_ON_ZERO";
SET time_zone = "+00:00";


/*!40101 SET @OLD_CHARACTER_SET_CLIENT=@@CHARACTER_SET_CLIENT */;
/*!40101 SET @OLD_CHARACTER_SET_RESULTS=@@CHARACTER_SET_RESULTS */;
/*!40101 SET @OLD_COLLATION_CONNECTION=@@COLLATION_CONNECTION */;
/*!40101 SET NAMES utf8mb4 */;

--
-- Database: `campfire`
--

-- --------------------------------------------------------

--
-- Table structure for table `attendee`
--

CREATE TABLE `attendee` (
  `attendee_id` bigint(20) NOT NULL,
  `user_id` bigint(20) NOT NULL,
  `event_id` bigint(20) NOT NULL
) ENGINE=InnoDB DEFAULT CHARSET=latin1;

--
-- Dumping data for table `attendee`
--

INSERT INTO `attendee` (`attendee_id`, `user_id`, `event_id`) VALUES
(437, 4, 435),
(438, 1, 436),
(439, 2, 437),
(440, 2, 438),
(441, 2, 439),
(442, 3, 440),
(443, 3, 441),
(444, 6, 442),
(445, 6, 443),
(446, 6, 444),
(447, 7, 445),
(448, 9, 446),
(449, 12, 447),
(450, 15, 448),
(451, 15, 449),
(452, 15, 450),
(453, 16, 451),
(454, 18, 452),
(455, 21, 453),
(456, 21, 454),
(457, 22, 455),
(458, 23, 456),
(459, 23, 457),
(460, 24, 458),
(461, 24, 459),
(462, 24, 460),
(463, 25, 461),
(464, 25, 462),
(465, 25, 463),
(466, 26, 464),
(467, 27, 465),
(468, 27, 466),
(469, 28, 467),
(470, 29, 468),
(471, 29, 469),
(472, 30, 470),
(473, 30, 471),
(474, 32, 472),
(475, 32, 473),
(476, 33, 474),
(477, 33, 475),
(478, 34, 476),
(479, 34, 477),
(480, 34, 478),
(481, 35, 479),
(482, 37, 480),
(483, 42, 481),
(484, 43, 482),
(485, 43, 483),
(486, 44, 484),
(487, 46, 485),
(488, 46, 486),
(489, 46, 487),
(490, 47, 488),
(491, 48, 489),
(492, 48, 490),
(493, 49, 491),
(494, 49, 492),
(495, 49, 493),
(496, 50, 494),
(497, 50, 495),
(498, 51, 496),
(499, 51, 497),
(500, 53, 498),
(501, 54, 499),
(502, 57, 500),
(503, 58, 501),
(504, 58, 502),
(505, 59, 503),
(506, 60, 504),
(507, 61, 505),
(508, 61, 506),
(509, 61, 507),
(510, 62, 508),
(511, 62, 509),
(512, 62, 510),
(513, 64, 511),
(514, 65, 512),
(515, 67, 513),
(516, 68, 514),
(517, 68, 515),
(518, 69, 516),
(519, 69, 517),
(520, 70, 518),
(521, 70, 519),
(522, 70, 520),
(523, 71, 521),
(524, 71, 522),
(525, 71, 523),
(526, 72, 524),
(527, 72, 525),
(528, 72, 526),
(529, 74, 527),
(530, 74, 528),
(531, 75, 529),
(532, 76, 530),
(533, 77, 531),
(534, 78, 532),
(535, 79, 533),
(536, 80, 534),
(537, 82, 535),
(538, 83, 536),
(539, 83, 537),
(540, 83, 538),
(541, 84, 539),
(542, 84, 540),
(543, 84, 541),
(544, 85, 542),
(545, 85, 543),
(546, 88, 544),
(547, 88, 545),
(548, 88, 546),
(549, 91, 547),
(550, 91, 548),
(551, 91, 549),
(552, 93, 550),
(553, 94, 551),
(554, 94, 552),
(555, 95, 553),
(556, 95, 554),
(557, 96, 555),
(558, 98, 556),
(559, 98, 557),
(560, 98, 558),
(561, 100, 559),
(562, 100, 560),
(563, 100, 561),
(564, 102, 562),
(565, 102, 563),
(566, 102, 564),
(567, 104, 565),
(568, 109, 566),
(569, 110, 567),
(570, 110, 568),
(571, 110, 569),
(572, 111, 570),
(573, 112, 571),
(574, 112, 572),
(575, 114, 573),
(576, 114, 574),
(577, 115, 575),
(578, 115, 576),
(579, 115, 577),
(580, 116, 578),
(581, 119, 579),
(582, 119, 580),
(583, 119, 581),
(584, 121, 582),
(585, 121, 583),
(586, 121, 584),
(587, 122, 585),
(588, 123, 586),
(589, 124, 587),
(590, 124, 588),
(591, 127, 589),
(592, 127, 590),
(593, 127, 591),
(594, 128, 592),
(595, 128, 593),
(596, 128, 594),
(597, 129, 595),
(598, 129, 596),
(599, 129, 597),
(600, 130, 598),
(601, 131, 599),
(602, 132, 600),
(603, 132, 601),
(604, 133, 602),
(605, 133, 603),
(606, 133, 604),
(607, 134, 605),
(608, 134, 606),
(609, 135, 607),
(610, 135, 608),
(611, 135, 609),
(612, 137, 610),
(613, 138, 611),
(614, 138, 612),
(615, 138, 613),
(616, 139, 614),
(617, 139, 615),
(618, 139, 616),
(619, 140, 617),
(620, 141, 618),
(621, 141, 619),
(622, 142, 620),
(623, 142, 621),
(624, 142, 622),
(625, 144, 623),
(626, 144, 624),
(627, 144, 625),
(628, 145, 626),
(629, 145, 627),
(630, 146, 628),
(631, 146, 629),
(632, 147, 630),
(633, 149, 631),
(634, 149, 632),
(635, 149, 633),
(636, 151, 634),
(637, 151, 635),
(638, 153, 636),
(639, 153, 637),
(640, 153, 638),
(641, 154, 639),
(642, 154, 640),
(643, 155, 641),
(644, 156, 642),
(645, 157, 643),
(646, 157, 644),
(647, 157, 645),
(648, 158, 646),
(649, 158, 647),
(650, 159, 648),
(651, 160, 649),
(652, 161, 650),
(653, 161, 651),
(654, 161, 652),
(655, 162, 653),
(656, 163, 654),
(657, 163, 655),
(658, 163, 656),
(659, 164, 657),
(660, 164, 658),
(661, 165, 659),
(662, 166, 660),
(663, 167, 661),
(664, 167, 662),
(665, 167, 663),
(666, 168, 664),
(667, 168, 665),
(668, 168, 666),
(669, 169, 667),
(670, 169, 668),
(671, 169, 669),
(672, 170, 670),
(673, 170, 671),
(674, 171, 672),
(675, 171, 673),
(676, 171, 674),
(677, 172, 675),
(678, 174, 676),
(679, 174, 677),
(680, 176, 678),
(681, 176, 679),
(682, 176, 680),
(683, 177, 681),
(684, 178, 682),
(685, 178, 683),
(686, 178, 684),
(687, 179, 685),
(688, 180, 686),
(689, 182, 687),
(690, 183, 688),
(691, 183, 689),
(692, 183, 690),
(693, 184, 691),
(694, 184, 692),
(695, 184, 693),
(696, 185, 694),
(697, 185, 695),
(698, 185, 696),
(699, 186, 697),
(700, 186, 698),
(701, 186, 699),
(702, 187, 700),
(703, 187, 701),
(704, 189, 702),
(705, 190, 703),
(706, 190, 704),
(707, 192, 705),
(708, 193, 706),
(709, 193, 707),
(710, 195, 708),
(711, 195, 709),
(712, 196, 710),
(713, 196, 711),
(714, 196, 712),
(715, 198, 713),
(716, 198, 714),
(717, 199, 715),
(718, 200, 716),
(719, 200, 717),
(720, 201, 718),
(721, 201, 719),
(722, 203, 720),
(723, 203, 721),
(724, 203, 722),
(725, 204, 723),
(726, 205, 724),
(727, 205, 725),
(728, 206, 726),
(729, 206, 727),
(730, 208, 728),
(731, 208, 729),
(732, 209, 730),
(733, 209, 731),
(734, 209, 732),
(735, 212, 733),
(736, 213, 734),
(737, 213, 735),
(738, 213, 736),
(739, 214, 737),
(740, 214, 738),
(741, 214, 739),
(742, 216, 740),
(743, 216, 741),
(744, 216, 742),
(745, 218, 743),
(746, 219, 744),
(747, 219, 745),
(748, 219, 746),
(749, 220, 747),
(750, 220, 748),
(751, 220, 749),
(752, 221, 750),
(753, 222, 751),
(754, 222, 752),
(755, 222, 753),
(756, 223, 754),
(757, 223, 755),
(758, 224, 756),
(759, 226, 757),
(760, 226, 758),
(761, 227, 759),
(762, 227, 760),
(763, 229, 761),
(764, 229, 762),
(765, 229, 763),
(766, 230, 764),
(767, 230, 765),
(768, 231, 766),
(769, 232, 767),
(770, 233, 768),
(771, 233, 769),
(772, 234, 770),
(773, 234, 771),
(774, 234, 772),
(775, 235, 773),
(776, 235, 774),
(777, 236, 775),
(778, 236, 776),
(779, 239, 777),
(780, 239, 778),
(781, 239, 779),
(782, 240, 780),
(783, 241, 781),
(784, 241, 782),
(785, 242, 783),
(786, 242, 784),
(787, 242, 785),
(788, 243, 786),
(789, 243, 787),
(790, 244, 788),
(791, 246, 789),
(792, 246, 790),
(793, 246, 791),
(794, 247, 792),
(795, 247, 793),
(796, 247, 794),
(797, 249, 795),
(798, 249, 796),
(799, 249, 797),
(800, 250, 798),
(801, 250, 799),
(802, 250, 800);

-- --------------------------------------------------------

--
-- Table structure for table `bulletin`
--

CREATE TABLE `bulletin` (
  `bulletin_id` bigint(20) NOT NULL,
  `bulletin_message` text NOT NULL,
  `bulletin_datetime` datetime NOT NULL,
  `bulletin_user_id` bigint(20) NOT NULL
) ENGINE=InnoDB DEFAULT CHARSET=latin1;

-- --------------------------------------------------------

--
-- Table structure for table `event`
--

CREATE TABLE `event` (
  `event_id` bigint(20) NOT NULL,
  `event_title` text NOT NULL,
  `event_description` text NOT NULL,
  `event_begin_datetime` datetime NOT NULL,
  `event_end_datetime` datetime NOT NULL,
  `event_picture` text NOT NULL
) ENGINE=InnoDB DEFAULT CHARSET=latin1;

--
-- Dumping data for table `event`
--

INSERT INTO `event` (`event_id`, `event_title`, `event_description`, `event_begin_datetime`, `event_end_datetime`, `event_picture`) VALUES
(435, 'BUENA VISTA''S STUDY GROUP', 'BUENA VISTA is hosting a study group.\r\nMany different subjects will be covered all day long.\r\nVolunteer also at 2641 25TH ST if you want to help the community.', '2016-12-01 08:00:00', '2016-12-01 16:45:00', 'Jonathan1479935012.jpg'),
(436, 'SONOMA ELEMENTARY''S STUDY GROUP', 'SONOMA ELEMENTARY is hosting a study group.\r\nMany different subjects will be covered all day long.\r\nVolunteer also at 1325 SONOMA AVE if you want to help the community.', '2016-12-06 08:00:00', '2016-12-06 16:45:00', 'Claire1479935278.jpg'),
(437, 'HORACE MANN ELEMENTARY''S STUDY GROUP', 'HORACE MANN ELEMENTARY is hosting a study group.\r\nMany different subjects will be covered all day long.\r\nVolunteer also at 55 NORTH SEVENTH ST if you want to help the community.', '2016-12-06 08:00:00', '2016-12-06 16:45:00', 'Amelia1479935291.jpg'),
(438, 'PS 75 EMILY DICKINSON''S MOVIE NIGHT', 'Come join us at PS 75 EMILY DICKINSON to watch movies all night long.\r\nWe''re watching animated and live action movies. Many Many kinds of genres!\r\nCome over at 735 WEST END AVE for a fun movie night.', '2016-12-02 18:00:00', '2016-12-02 23:45:00', 'Amelia1479935297.jpg'),
(439, 'SELF ENHANCEMENT, INC/SEI ACADEMY''S MOVIE NIGHT', 'Come join us at SELF ENHANCEMENT, INC/SEI ACADEMY to watch movies all night long.\r\nWe''re watching animated and live action movies. Many Many kinds of genres!\r\nCome over at 3920 NORTH KERBY AVE for a fun movie night.', '2016-12-08 18:00:00', '2016-12-08 23:45:00', 'Amelia1479935303.jpg'),
(440, 'CATHARINE BLAINE K-8''S EATING COMPETITION', 'Food galore!\r\nCan you eat it all!Eating competitions at CATHARINE BLAINE K-8 for hot dogs and sushi!\r\nYES! You heard right, SUSHI! Come to 2550 34 AV WEST and register before 2pm!', '2016-12-05 14:45:00', '2016-12-05 18:30:00', 'Emma1479935317.jpg'),
(441, 'OPEN ARMS''S STUDY GROUP', 'OPEN ARMS is hosting a study group.\r\nMany different subjects will be covered all day long.\r\nVolunteer also at 11025 SW 84TH ST if you want to help the community.', '2016-12-06 08:00:00', '2016-12-06 16:45:00', 'Emma1479935323.jpg'),
(442, 'HIGH SCHOOL FOR LAW & PUBLIC SERVICE''S EATING COMPETITION', 'Food galore!\r\nCan you eat it all!Eating competitions at HIGH SCHOOL FOR LAW & PUBLIC SERVICE for hot dogs and sushi!\r\nYES! You heard right, SUSHI! Come to 549 AUDUBON AVE and register before 2pm!', '2016-12-08 14:45:00', '2016-12-08 18:30:00', 'Maria1479935337.jpg'),
(443, 'WALLIS ANNENBERG HIGH''S STUDY GROUP', 'WALLIS ANNENBERG HIGH is hosting a study group.\r\nMany different subjects will be covered all day long.\r\nVolunteer also at 4000 SOUTH MAIN ST if you want to help the community.', '2016-12-06 08:00:00', '2016-12-06 16:45:00', 'Maria1479935343.jpg'),
(444, 'LOS ANGELES UNIFIED SCHOOL DISTRICT ROCP''S EATING COMPETITION', 'Food galore!\r\nCan you eat it all!Eating competitions at LOS ANGELES UNIFIED SCHOOL DISTRICT ROCP for hot dogs and sushi!\r\nYES! You heard right, SUSHI! Come to 333 SOUTH BEAUDRY AVE 18TH F and register before 2pm!', '2016-12-08 14:45:00', '2016-12-08 18:30:00', 'Maria1479935349.jpg'),
(445, 'VENICE SENIOR HIGH''S STUDY GROUP', 'VENICE SENIOR HIGH is hosting a study group.\r\nMany different subjects will be covered all day long.\r\nVolunteer also at 13000 VENICE BLVD if you want to help the community.', '2016-12-06 08:00:00', '2016-12-06 16:45:00', 'Joe1479935362.jpg'),
(446, 'MERIDIAN PCS''S EATING COMPETITION', 'Food galore!\r\nCan you eat it all!Eating competitions at MERIDIAN PCS for hot dogs and sushi!\r\nYES! You heard right, SUSHI! Come to 1328 FORIDA AVE NW and register before 2pm!', '2016-12-01 14:45:00', '2016-12-01 18:30:00', 'Lucas1479935375.jpg'),
(447, 'LAURELHURST ELEMENTARY SCHOOL''S EATING COMPETITION', 'Food galore!\r\nCan you eat it all!Eating competitions at LAURELHURST ELEMENTARY SCHOOL for hot dogs and sushi!\r\nYES! You heard right, SUSHI! Come to 4530 46 AV NE and register before 2pm!', '2016-12-05 14:45:00', '2016-12-05 18:30:00', 'Wanda1479935389.jpg'),
(448, 'STOCKARD COFFEE ELEMENTARY''S EATING COMPETITION', 'Food galore!\r\nCan you eat it all!Eating competitions at STOCKARD COFFEE ELEMENTARY for hot dogs and sushi!\r\nYES! You heard right, SUSHI! Come to 3900 NORTHVIEW DR and register before 2pm!', '2016-12-08 14:45:00', '2016-12-08 18:30:00', 'Jake1479935403.jpg'),
(449, 'LOUISE WOLFF KAHN ELEMENTARY SCHOOL''S STUDY GROUP', 'LOUISE WOLFF KAHN ELEMENTARY SCHOOL is hosting a study group.\r\nMany different subjects will be covered all day long.\r\nVolunteer also at 610 NORTH FRANKLIN if you want to help the community.', '2016-12-08 08:00:00', '2016-12-08 16:45:00', 'Jake1479935409.jpg'),
(450, 'ASHBURN COMMUNITY ELEM SCHOOL''S SPORTS DAY', 'GOOOOOOOOOAL!!!!!\r\nStarting at 10am ASHBURN COMMUNITY ELEM SCHOOL will be hosting many sport competitions.\r\nCome over and play from a variety of sports at 8300 SOUTH ST LOUIS A all day.', '2016-12-06 10:30:00', '2016-12-06 22:00:00', 'Jake1479935415.jpg'),
(451, 'COFFEE DRINKERS AT FOREST HILL ELEMENTARY', 'Our Lord and Savior Tyler has brought upon this glorious tag.\r\nLet us not let him down and show him we care too.\r\nJoin us at FOREST HILL ELEMENTARY, 4450 MCCOY AVE and be enlightened', '2016-12-01 22:00:00', '2016-12-01 23:45:00', 'Oliver1479935428.jpg'),
(452, 'GILBERT HEIGHTS ELEMENTARY SCHOOL''S MOVIE NIGHT', 'Come join us at GILBERT HEIGHTS ELEMENTARY SCHOOL to watch movies all night long.\r\nWe''re watching animated and live action movies. Many Many kinds of genres!\r\nCome over at 12839 SE HOLGATE BLVD for a fun movie night.', '2016-12-07 18:00:00', '2016-12-07 23:45:00', 'Dorothy1479935441.jpg'),
(453, 'THOMAS DOWNEY HIGH''S STUDY GROUP', 'THOMAS DOWNEY HIGH is hosting a study group.\r\nMany different subjects will be covered all day long.\r\nVolunteer also at 1000 COFFEE RD if you want to help the community.', '2016-12-07 08:00:00', '2016-12-07 16:45:00', 'Jennifer1479935454.jpg'),
(454, 'THE PARENT ACADEMY''S EATING COMPETITION', 'Food galore!\r\nCan you eat it all!Eating competitions at THE PARENT ACADEMY for hot dogs and sushi!\r\nYES! You heard right, SUSHI! Come to 1450 NE 2ND AVE and register before 2pm!', '2016-12-09 14:45:00', '2016-12-09 18:30:00', 'Jennifer1479935460.jpg'),
(455, 'ROOSEVELT HIGH SCHOOL''S SPORTS DAY', 'GOOOOOOOOOAL!!!!!\r\nStarting at 10am ROOSEVELT HIGH SCHOOL will be hosting many sport competitions.\r\nCome over and play from a variety of sports at 1410 NE 66 ST all day.', '2016-12-08 10:30:00', '2016-12-08 22:00:00', 'Zoe1479935474.jpg'),
(456, 'COFFEE DRINKERS AT HYDE-ADDISON ES', 'Our Lord and Savior Tyler has brought upon this glorious tag.\r\nLet us not let him down and show him we care too.\r\nJoin us at HYDE-ADDISON ES, 3219 O ST NW and be enlightened', '2016-12-07 22:00:00', '2016-12-07 23:45:00', 'Hannah1479935488.jpg'),
(457, 'L V STOCKARD MIDDLE SCHOOL''S EATING COMPETITION', 'Food galore!\r\nCan you eat it all!Eating competitions at L V STOCKARD MIDDLE SCHOOL for hot dogs and sushi!\r\nYES! You heard right, SUSHI! Come to 2300 SOUTH RAVINIA DR and register before 2pm!', '2016-12-03 14:45:00', '2016-12-03 18:30:00', 'Hannah1479935494.jpg'),
(458, 'COFFEE DRINKERS AT CITRUS HEALTH LOU PANCI', 'Our Lord and Savior Tyler has brought upon this glorious tag.\r\nLet us not let him down and show him we care too.\r\nJoin us at CITRUS HEALTH LOU PANCI, 106 WEST 9 ST and be enlightened', '2016-12-01 22:00:00', '2016-12-01 23:45:00', 'Christian1479935508.jpg'),
(459, 'FAIRMOUNT ELEMENTARY''S EATING COMPETITION', 'Food galore!\r\nCan you eat it all!Eating competitions at FAIRMOUNT ELEMENTARY for hot dogs and sushi!\r\nYES! You heard right, SUSHI! Come to 65 CHENERY ST and register before 2pm!', '2016-12-04 14:45:00', '2016-12-04 18:30:00', 'Christian1479935515.jpg'),
(460, 'CAMERON ELEM SCHOOL''S MOVIE NIGHT', 'Come join us at CAMERON ELEM SCHOOL to watch movies all night long.\r\nWe''re watching animated and live action movies. Many Many kinds of genres!\r\nCome over at 1234 NORTH MONTICELLO AV for a fun movie night.', '2016-12-06 18:00:00', '2016-12-06 23:45:00', 'Christian1479935520.jpg'),
(461, 'ZAPATA ELEM ACADEMY''S STUDY GROUP', 'ZAPATA ELEM ACADEMY is hosting a study group.\r\nMany different subjects will be covered all day long.\r\nVolunteer also at 2728 SOUTH KOSTNER AVE if you want to help the community.', '2016-12-05 08:00:00', '2016-12-05 16:45:00', 'Sophie1479935533.jpg'),
(462, 'MILAGRO CHARTER''S STUDY GROUP', 'MILAGRO CHARTER is hosting a study group.\r\nMany different subjects will be covered all day long.\r\nVolunteer also at 1855 NORTH MAIN ST if you want to help the community.', '2016-12-05 08:00:00', '2016-12-05 16:45:00', 'Sophie1479935539.jpg'),
(463, 'PS 192 JACOB H SCHIFF''S MOVIE NIGHT', 'Come join us at PS 192 JACOB H SCHIFF to watch movies all night long.\r\nWe''re watching animated and live action movies. Many Many kinds of genres!\r\nCome over at 500 WEST 138TH ST for a fun movie night.', '2016-12-09 18:00:00', '2016-12-09 23:45:00', 'Sophie1479935545.jpg'),
(464, 'MOTT HALL II''S EATING COMPETITION', 'Food galore!\r\nCan you eat it all!Eating competitions at MOTT HALL II for hot dogs and sushi!\r\nYES! You heard right, SUSHI! Come to 234 WEST 109TH ST and register before 2pm!', '2016-12-02 14:45:00', '2016-12-02 18:30:00', 'Angela1479935559.jpg'),
(465, 'CHEREMOYA AVENUE ELEMENTARY''S EATING COMPETITION', 'Food galore!\r\nCan you eat it all!Eating competitions at CHEREMOYA AVENUE ELEMENTARY for hot dogs and sushi!\r\nYES! You heard right, SUSHI! Come to 6017 FRANKLIN AVE and register before 2pm!', '2016-12-09 14:45:00', '2016-12-09 18:30:00', 'Warren1479935572.jpg'),
(466, 'ROSE AVENUE ELEMENTARY''S SPORTS DAY', 'GOOOOOOOOOAL!!!!!\r\nStarting at 10am ROSE AVENUE ELEMENTARY will be hosting many sport competitions.\r\nCome over and play from a variety of sports at 1120 ROSE AVE all day.', '2016-12-01 10:30:00', '2016-12-01 22:00:00', 'Warren1479935579.jpg'),
(467, 'SACAJAWEA ELEMENTARY SCHOOL''S EATING COMPETITION', 'Food galore!\r\nCan you eat it all!Eating competitions at SACAJAWEA ELEMENTARY SCHOOL for hot dogs and sushi!\r\nYES! You heard right, SUSHI! Come to 9501 20 AV NE and register before 2pm!', '2016-12-02 14:45:00', '2016-12-02 18:30:00', 'Evan1479935592.jpg'),
(468, 'LEWIS ELEM SCHOOL''S EATING COMPETITION', 'Food galore!\r\nCan you eat it all!Eating competitions at LEWIS ELEM SCHOOL for hot dogs and sushi!\r\nYES! You heard right, SUSHI! Come to 1431 NORTH LEAMINGTON AV and register before 2pm!', '2016-12-08 14:45:00', '2016-12-08 18:30:00', 'Sophie1479935605.jpg'),
(469, 'BURBANK ELEMENTARY''S STUDY GROUP', 'BURBANK ELEMENTARY is hosting a study group.\r\nMany different subjects will be covered all day long.\r\nVolunteer also at 1135 PARADISE RD if you want to help the community.', '2016-12-04 08:00:00', '2016-12-04 16:45:00', 'Sophie1479935611.jpg'),
(470, 'TRILLIUM''S MOVIE NIGHT', 'Come join us at TRILLIUM to watch movies all night long.\r\nWe''re watching animated and live action movies. Many Many kinds of genres!\r\nCome over at 5420 NORTH INTERSTATE AVE for a fun movie night.', '2016-12-01 18:00:00', '2016-12-01 23:45:00', 'Dan1479935624.jpg'),
(471, 'BRYAN ADAMS HIGH SCHOOL''S EATING COMPETITION', 'Food galore!\r\nCan you eat it all!Eating competitions at BRYAN ADAMS HIGH SCHOOL for hot dogs and sushi!\r\nYES! You heard right, SUSHI! Come to 2101 MILLMAR DR and register before 2pm!', '2016-12-04 14:45:00', '2016-12-04 18:30:00', 'Dan1479935630.jpg'),
(472, 'LEADERSHIP & PUBLIC SERVICE HIGH SCHOOL''S SPORTS DAY', 'GOOOOOOOOOAL!!!!!\r\nStarting at 10am LEADERSHIP & PUBLIC SERVICE HIGH SCHOOL will be hosting many sport competitions.\r\nCome over and play from a variety of sports at 90 TRINITY PLACE all day.', '2016-12-03 10:30:00', '2016-12-03 22:00:00', 'Matt1479935643.jpg'),
(473, 'COFFEE DRINKERS AT CLEVELAND ELEMENTARY', 'Our Lord and Savior Tyler has brought upon this glorious tag.\r\nLet us not let him down and show him we care too.\r\nJoin us at CLEVELAND ELEMENTARY, 455 ATHENS ST and be enlightened', '2016-12-08 22:00:00', '2016-12-08 23:45:00', 'Matt1479935650.jpg'),
(474, 'CLAREMONT ACADEMY ELEM SCHOOL''S MOVIE NIGHT', 'Come join us at CLAREMONT ACADEMY ELEM SCHOOL to watch movies all night long.\r\nWe''re watching animated and live action movies. Many Many kinds of genres!\r\nCome over at 2300 WEST 64TH ST for a fun movie night.', '2016-12-01 18:00:00', '2016-12-01 23:45:00', 'Ryan1479935663.jpg'),
(475, 'COFFEE DRINKERS AT W H GASTON MIDDLE SCHOOL', 'Our Lord and Savior Tyler has brought upon this glorious tag.\r\nLet us not let him down and show him we care too.\r\nJoin us at W H GASTON MIDDLE SCHOOL, 9565 MERCER DR and be enlightened', '2016-12-04 22:00:00', '2016-12-04 23:45:00', 'Ryan1479935669.jpg'),
(476, 'MISSION HIGH''S SPORTS DAY', 'GOOOOOOOOOAL!!!!!\r\nStarting at 10am MISSION HIGH will be hosting many sport competitions.\r\nCome over and play from a variety of sports at 3750 18TH ST all day.', '2016-12-08 10:30:00', '2016-12-08 22:00:00', 'John1479935682.jpg'),
(477, 'AE #2 (DECATUR)''S STUDY GROUP', 'AE #2 (DECATUR) is hosting a study group.\r\nMany different subjects will be covered all day long.\r\nVolunteer also at 7711 43 AV NE if you want to help the community.', '2016-12-08 08:00:00', '2016-12-08 16:45:00', 'John1479935688.jpg'),
(478, 'PASSAGES ELEM CHARTER SCHOOL''S SPORTS DAY', 'GOOOOOOOOOAL!!!!!\r\nStarting at 10am PASSAGES ELEM CHARTER SCHOOL will be hosting many sport competitions.\r\nCome over and play from a variety of sports at 1643 WEST BRYN MAWR AVE all day.', '2016-12-09 10:30:00', '2016-12-09 22:00:00', 'John1479935695.jpg'),
(479, 'COFFEE DRINKERS AT CHRISTINE SIPHERD ELEMENTARY', 'Our Lord and Savior Tyler has brought upon this glorious tag.\r\nLet us not let him down and show him we care too.\r\nJoin us at CHRISTINE SIPHERD ELEMENTARY, 3420 EAST ORANGEBURG AVE and be enlightened', '2016-12-03 22:00:00', '2016-12-03 23:45:00', 'Amanda1479935708.jpg'),
(480, 'COFFEE DRINKERS AT BALDWIN HILLS ELEMENTARY', 'Our Lord and Savior Tyler has brought upon this glorious tag.\r\nLet us not let him down and show him we care too.\r\nJoin us at BALDWIN HILLS ELEMENTARY, 5421 RODEO RD and be enlightened', '2016-12-08 22:00:00', '2016-12-08 23:45:00', 'Jack1479935722.jpg'),
(481, 'COFFEE DRINKERS AT DA VINCI MIDDLE SCHOOL', 'Our Lord and Savior Tyler has brought upon this glorious tag.\r\nLet us not let him down and show him we care too.\r\nJoin us at DA VINCI MIDDLE SCHOOL, 2508 NE EVERETT and be enlightened', '2016-12-05 22:00:00', '2016-12-05 23:45:00', 'Joanne1479935734.jpg'),
(482, 'YOUNG MEN''S PREPARATORY ACADEMY''S EATING COMPETITION', 'Food galore!\r\nCan you eat it all!Eating competitions at YOUNG MEN''S PREPARATORY ACADEMY for hot dogs and sushi!\r\nYES! You heard right, SUSHI! Come to 3001 NW 2 AVE and register before 2pm!', '2016-12-03 14:45:00', '2016-12-03 18:30:00', 'Adam1479935748.jpg'),
(483, 'COFFEE DRINKERS AT CIVIC CENTER SECONDARY', 'Our Lord and Savior Tyler has brought upon this glorious tag.\r\nLet us not let him down and show him we care too.\r\nJoin us at CIVIC CENTER SECONDARY, 727 GOLDEN GATE AVE and be enlightened', '2016-12-07 22:00:00', '2016-12-07 23:45:00', 'Adam1479935755.jpg'),
(484, 'NATIONAL COLLEGIATE PREP''S STUDY GROUP', 'NATIONAL COLLEGIATE PREP is hosting a study group.\r\nMany different subjects will be covered all day long.\r\nVolunteer also at 908 WAHLER  PLACE SE if you want to help the community.', '2016-12-01 08:00:00', '2016-12-01 16:45:00', 'Kylie1479935768.jpg'),
(485, 'APTOS MIDDLE''S SPORTS DAY', 'GOOOOOOOOOAL!!!!!\r\nStarting at 10am APTOS MIDDLE will be hosting many sport competitions.\r\nCome over and play from a variety of sports at 105 APTOS AVE all day.', '2016-12-04 10:30:00', '2016-12-04 22:00:00', 'Vanessa1479935782.jpg'),
(486, 'MEANY MIDDLE SCHOOL''S SPORTS DAY', 'GOOOOOOOOOAL!!!!!\r\nStarting at 10am MEANY MIDDLE SCHOOL will be hosting many sport competitions.\r\nCome over and play from a variety of sports at 301 21 AV EAST all day.', '2016-12-03 10:30:00', '2016-12-03 22:00:00', 'Vanessa1479935788.jpg'),
(487, 'CHOPIN ELEM SCHOOL''S SPORTS DAY', 'GOOOOOOOOOAL!!!!!\r\nStarting at 10am CHOPIN ELEM SCHOOL will be hosting many sport competitions.\r\nCome over and play from a variety of sports at 2450 WEST RICE ST all day.', '2016-12-02 10:30:00', '2016-12-02 22:00:00', 'Vanessa1479935794.jpg'),
(488, 'COFFEE DRINKERS AT ACADEMY OF ARTS AND SCIENCES', 'Our Lord and Savior Tyler has brought upon this glorious tag.\r\nLet us not let him down and show him we care too.\r\nJoin us at ACADEMY OF ARTS AND SCIENCES, 555 PORTOLA DR and be enlightened\r\nSinners against coffee will be prosecuted by the 9 cats of coding.', '2016-12-02 22:00:00', '2016-12-02 23:45:00', 'Diana1479935808.jpg'),
(489, 'IS 218 SALOME URENA''S SPORTS DAY', 'GOOOOOOOOOAL!!!!!\r\nStarting at 10am IS 218 SALOME URENA will be hosting many sport competitions.\r\nCome over and play from a variety of sports at 4600 BROADWAY all day.', '2016-12-07 10:30:00', '2016-12-07 22:00:00', 'Austin1479935821.jpg'),
(490, 'GRANT HIGH SCHOOL''S MOVIE NIGHT', 'Come join us at GRANT HIGH SCHOOL to watch movies all night long.\r\nWe''re watching animated and live action movies. Many Many kinds of genres!\r\nCome over at 2245 NE 36TH AVE for a fun movie night.', '2016-12-03 18:00:00', '2016-12-03 23:45:00', 'Austin1479935827.jpg'),
(491, 'SUNSET HIGH SCHOOL''S SPORTS DAY', 'GOOOOOOOOOAL!!!!!\r\nStarting at 10am SUNSET HIGH SCHOOL will be hosting many sport competitions.\r\nCome over and play from a variety of sports at 13840 NW CORNELL RD all day.', '2016-12-09 10:30:00', '2016-12-09 22:00:00', 'Leonard1479935840.jpg'),
(492, 'BEVERLY PARK ELEM AT GLENDALE''S EATING COMPETITION', 'Food galore!\r\nCan you eat it all!Eating competitions at BEVERLY PARK ELEM AT GLENDALE for hot dogs and sushi!\r\nYES! You heard right, SUSHI! Come to 1201 SOUTH 104TH ST and register before 2pm!', '2016-12-02 14:45:00', '2016-12-02 18:30:00', 'Leonard1479935847.jpg'),
(493, 'FAITH FAMILY ACADEMY OF OAK CLIFF''S STUDY GROUP', 'FAITH FAMILY ACADEMY OF OAK CLIFF is hosting a study group.\r\nMany different subjects will be covered all day long.\r\nVolunteer also at 300 WEST KIEST BLVD if you want to help the community.', '2016-12-06 08:00:00', '2016-12-06 16:45:00', 'Leonard1479935852.jpg'),
(494, 'ALTERNATIVE PLACEMENT ACADEMY''S EATING COMPETITION', 'Food galore!\r\nCan you eat it all!Eating competitions at ALTERNATIVE PLACEMENT ACADEMY for hot dogs and sushi!\r\nYES! You heard right, SUSHI! Come to 420 CALERO AVE and register before 2pm!', '2016-12-01 14:45:00', '2016-12-01 18:30:00', 'Isaac1479935865.jpg'),
(495, 'COFFEE DRINKERS AT CLARK ACAD PREP MAGNET HIGH SCHL', 'Our Lord and Savior Tyler has brought upon this glorious tag.\r\nLet us not let him down and show him we care too.\r\nJoin us at CLARK ACAD PREP MAGNET HIGH SCHL, 5101 WEST HARRISON ST and be enlightened', '2016-12-08 22:00:00', '2016-12-08 23:45:00', 'Isaac1479935872.jpg'),
(496, 'WILLIAM C. OVERFELT HIGH''S STUDY GROUP', 'WILLIAM C. OVERFELT HIGH is hosting a study group.\r\nMany different subjects will be covered all day long.\r\nVolunteer also at 1835 CUNNINGHAM AVE if you want to help the community.', '2016-12-04 08:00:00', '2016-12-04 16:45:00', 'Joan1479935885.jpg'),
(497, 'PROSPECT LC''S EATING COMPETITION', 'Food galore!\r\nCan you eat it all!Eating competitions at PROSPECT LC for hot dogs and sushi!\r\nYES! You heard right, SUSHI! Come to 920 F ST NE and register before 2pm!', '2016-12-03 14:45:00', '2016-12-03 18:30:00', 'Joan1479935892.jpg'),
(498, 'LAKEWOOD ELEMENTARY SCHOOL''S EATING COMPETITION', 'Food galore!\r\nCan you eat it all!Eating competitions at LAKEWOOD ELEMENTARY SCHOOL for hot dogs and sushi!\r\nYES! You heard right, SUSHI! Come to 3000 HILLBROOK ST and register before 2pm!', '2016-12-07 14:45:00', '2016-12-07 18:30:00', 'Claire1479935905.jpg'),
(499, 'MERCER MIDDLE SCHOOL''S MOVIE NIGHT', 'Come join us at MERCER MIDDLE SCHOOL to watch movies all night long.\r\nWe''re watching animated and live action movies. Many Many kinds of genres!\r\nCome over at 1600 SOUTH COLUMBIAN WY for a fun movie night.', '2016-12-06 18:00:00', '2016-12-06 23:45:00', 'Grace1479935918.jpg'),
(500, 'COFFEE DRINKERS AT ROOFTOP ELEMENTARY', 'Our Lord and Savior Tyler has brought upon this glorious tag.\r\nLet us not let him down and show him we care too.\r\nJoin us at ROOFTOP ELEMENTARY, 443 BURNETT AVE and be enlightened', '2016-12-04 22:00:00', '2016-12-04 23:45:00', 'Matt1479935932.jpg'),
(501, 'CULLEN ELEM SCHOOL''S EATING COMPETITION', 'Food galore!\r\nCan you eat it all!Eating competitions at CULLEN ELEM SCHOOL for hot dogs and sushi!\r\nYES! You heard right, SUSHI! Come to 10650 SOUTH EBERHART AVE and register before 2pm!', '2016-12-05 14:45:00', '2016-12-05 18:30:00', 'Heather1479935945.jpg'),
(502, 'HIGHLAND OAKS MIDDLE SCHOOL''S MOVIE NIGHT', 'Come join us at HIGHLAND OAKS MIDDLE SCHOOL to watch movies all night long.\r\nWe''re watching animated and live action movies. Many Many kinds of genres!\r\nCome over at 2375 NE 203RD ST for a fun movie night.', '2016-12-07 18:00:00', '2016-12-07 23:45:00', 'Heather1479935952.jpg'),
(503, 'GUNDERSON PLUS (CONTINUATION)''S MOVIE NIGHT', 'Come join us at GUNDERSON PLUS (CONTINUATION) to watch movies all night long.\r\nWe''re watching animated and live action movies. Many Many kinds of genres!\r\nCome over at 622 GAUNDABERT LN for a fun movie night.', '2016-12-05 18:00:00', '2016-12-05 23:45:00', 'Natalie1479935965.jpg'),
(504, 'WINTERHAVEN SCHOOL''S SPORTS DAY', 'GOOOOOOOOOAL!!!!!\r\nStarting at 10am WINTERHAVEN SCHOOL will be hosting many sport competitions.\r\nCome over and play from a variety of sports at 3830 SE 14TH AVE all day.', '2016-12-08 10:30:00', '2016-12-08 22:00:00', 'William1479935978.jpg'),
(505, 'KINGSLEY ELEMENTARY''S MOVIE NIGHT', 'Come join us at KINGSLEY ELEMENTARY to watch movies all night long.\r\nWe''re watching animated and live action movies. Many Many kinds of genres!\r\nCome over at 5200 WEST VIRGINIA AVE for a fun movie night.', '2016-12-05 18:00:00', '2016-12-05 23:45:00', 'Sam1479935991.jpg'),
(506, 'BERNARD L. HUGHES ELEMENTARY''S STUDY GROUP', 'BERNARD L. HUGHES ELEMENTARY is hosting a study group.\r\nMany different subjects will be covered all day long.\r\nVolunteer also at 512 NORTH MCCLURE RD if you want to help the community.', '2016-12-09 08:00:00', '2016-12-09 16:45:00', 'Sam1479935997.jpg'),
(507, 'COMPTON AVENUE ELEMENTARY''S EATING COMPETITION', 'Food galore!\r\nCan you eat it all!Eating competitions at COMPTON AVENUE ELEMENTARY for hot dogs and sushi!\r\nYES! You heard right, SUSHI! Come to 1515 EAST 104TH ST and register before 2pm!', '2016-12-08 14:45:00', '2016-12-08 18:30:00', 'Sam1479936003.jpg'),
(508, 'NIA COMMUNITY PCS''S MOVIE NIGHT', 'Come join us at NIA COMMUNITY PCS to watch movies all night long.\r\nWe''re watching animated and live action movies. Many Many kinds of genres!\r\nCome over at 3845 SOUTH CAPITOL ST SW for a fun movie night.', '2016-12-07 18:00:00', '2016-12-07 23:45:00', 'Stephen1479936015.jpg'),
(509, 'ELEANOR ROOSEVELT HIGH SCHOOL''S MOVIE NIGHT', 'Come join us at ELEANOR ROOSEVELT HIGH SCHOOL to watch movies all night long.\r\nWe''re watching animated and live action movies. Many Many kinds of genres!\r\nCome over at 411 EAST 76TH ST for a fun movie night.', '2016-12-02 18:00:00', '2016-12-02 23:45:00', 'Stephen1479936021.jpg'),
(510, 'COFFEE DRINKERS AT PIEDMONT MIDDLE', 'Our Lord and Savior Tyler has brought upon this glorious tag.\r\nLet us not let him down and show him we care too.\r\nJoin us at PIEDMONT MIDDLE, 955 PIEDMONT RD and be enlightened', '2016-12-07 22:00:00', '2016-12-07 23:45:00', 'Stephen1479936027.jpg'),
(511, 'DISTRICT SUMMER CENTER M''S EATING COMPETITION', 'Food galore!\r\nCan you eat it all!Eating competitions at DISTRICT SUMMER CENTER M for hot dogs and sushi!\r\nYES! You heard right, SUSHI! Come to 1500 BISCAYNE BLVD and register before 2pm!', '2016-12-04 14:45:00', '2016-12-04 18:30:00', 'Nicholas1479936040.jpg'),
(512, 'MACSA ACADEMICA CALMECAC''S SPORTS DAY', 'GOOOOOOOOOAL!!!!!\r\nStarting at 10am MACSA ACADEMICA CALMECAC will be hosting many sport competitions.\r\nCome over and play from a variety of sports at 1790 EDUCATIONAL PARK DR all day.', '2016-12-02 10:30:00', '2016-12-02 22:00:00', 'Deirdre1479936053.jpg'),
(513, 'JOSEPH POMEROY WIDNEY HIGH''S STUDY GROUP', 'JOSEPH POMEROY WIDNEY HIGH is hosting a study group.\r\nMany different subjects will be covered all day long.\r\nVolunteer also at 2302 SOUTH GRAMERCY  PLACE if you want to help the community.', '2016-12-03 08:00:00', '2016-12-03 16:45:00', 'Amy1479936066.jpg'),
(514, 'L G PINKSTON HIGH SCHOOL''S MOVIE NIGHT', 'Come join us at L G PINKSTON HIGH SCHOOL to watch movies all night long.\r\nWe''re watching animated and live action movies. Many Many kinds of genres!\r\nCome over at 2200 DENNISON ST for a fun movie night.', '2016-12-07 18:00:00', '2016-12-07 23:45:00', 'Ruth1479936078.jpg'),
(515, 'JOHN IRELAND ELEMENTARY SCHOOL''S MOVIE NIGHT', 'Come join us at JOHN IRELAND ELEMENTARY SCHOOL to watch movies all night long.\r\nWe''re watching animated and live action movies. Many Many kinds of genres!\r\nCome over at 1515 NORTH JIM MILLER RD for a fun movie night.', '2016-12-01 18:00:00', '2016-12-01 23:45:00', 'Ruth1479936084.jpg'),
(516, 'BRUCE-MONROE ES''S EATING COMPETITION', 'Food galore!\r\nCan you eat it all!Eating competitions at BRUCE-MONROE ES for hot dogs and sushi!\r\nYES! You heard right, SUSHI! Come to 3012 GEORGIA AVE NW and register before 2pm!', '2016-12-07 14:45:00', '2016-12-07 18:30:00', 'Heather1479936098.jpg'),
(517, 'NEXT STEP PCS''S MOVIE NIGHT', 'Come join us at NEXT STEP PCS to watch movies all night long.\r\nWe''re watching animated and live action movies. Many Many kinds of genres!\r\nCome over at 1419 COLUMBIA RD NW for a fun movie night.', '2016-12-09 18:00:00', '2016-12-09 23:45:00', 'Heather1479936104.jpg'),
(518, 'KIPP DC KEY ACADEMY''S SPORTS DAY', 'GOOOOOOOOOAL!!!!!\r\nStarting at 10am KIPP DC KEY ACADEMY will be hosting many sport competitions.\r\nCome over and play from a variety of sports at 4801 BENNING RD SE all day.', '2016-12-03 10:30:00', '2016-12-03 22:00:00', 'Melanie1479936117.jpg'),
(519, 'COWAN AVENUE ELEMENTARY''S STUDY GROUP', 'COWAN AVENUE ELEMENTARY is hosting a study group.\r\nMany different subjects will be covered all day long.\r\nVolunteer also at 7615 COWAN AVE if you want to help the community.', '2016-12-02 08:00:00', '2016-12-02 16:45:00', 'Melanie1479936123.jpg'),
(520, 'HUMBOLDT ELEMENTARY SCHOOL''S STUDY GROUP', 'HUMBOLDT ELEMENTARY SCHOOL is hosting a study group.\r\nMany different subjects will be covered all day long.\r\nVolunteer also at 4915 NORTH GANTENBEIN AVE if you want to help the community.', '2016-12-06 08:00:00', '2016-12-06 16:45:00', 'Melanie1479936129.jpg'),
(521, 'GRATIGNY ELEMENTARY SCHOOL''S STUDY GROUP', 'GRATIGNY ELEMENTARY SCHOOL is hosting a study group.\r\nMany different subjects will be covered all day long.\r\nVolunteer also at 11905 NORTH MIAMI AVE if you want to help the community.', '2016-12-03 08:00:00', '2016-12-03 16:45:00', 'Madeleine1479936143.jpg'),
(522, 'EVERETTE LEE DEGOLYER ELEMENTARY SCHOOL''S SPORTS DAY', 'GOOOOOOOOOAL!!!!!\r\nStarting at 10am EVERETTE LEE DEGOLYER ELEMENTARY SCHOOL will be hosting many sport competitions.\r\nCome over and play from a variety of sports at 3453 FLAIR DR all day.', '2016-12-03 10:30:00', '2016-12-03 22:00:00', 'Madeleine1479936149.jpg'),
(523, 'COFFEE DRINKERS AT BRET HARTE ELEMENTARY', 'Our Lord and Savior Tyler has brought upon this glorious tag.\r\nLet us not let him down and show him we care too.\r\nJoin us at BRET HARTE ELEMENTARY, 1035 GILMAN AVE and be enlightened', '2016-12-02 22:00:00', '2016-12-02 23:45:00', 'Madeleine1479936155.jpg'),
(524, 'DANIEL J. SAVAGE MIDDLE''S STUDY GROUP', 'DANIEL J. SAVAGE MIDDLE is hosting a study group.\r\nMany different subjects will be covered all day long.\r\nVolunteer also at 1900 MAID MARIANE LN if you want to help the community.', '2016-12-09 08:00:00', '2016-12-09 16:45:00', 'Anna1479936168.jpg'),
(525, 'TECHNOLOGY ENGINEERING & COMMUNICATIONS''S SPORTS DAY', 'GOOOOOOOOOAL!!!!!\r\nStarting at 10am TECHNOLOGY ENGINEERING & COMMUNICATIONS will be hosting many sport competitions.\r\nCome over and play from a variety of sports at 830 SW 116TH ST all day.', '2016-12-01 10:30:00', '2016-12-01 22:00:00', 'Anna1479936174.jpg'),
(526, 'D.C. PREPARATORY - EDGEWOOD MIDDLE CAMPUS PCS''S MOVIE NIGHT', 'Come join us at D.C. PREPARATORY - EDGEWOOD MIDDLE CAMPUS PCS to watch movies all night long.\r\nWe''re watching animated and live action movies. Many Many kinds of genres!\r\nCome over at 701 EDGEWOOD ST NE for a fun movie night.', '2016-12-07 18:00:00', '2016-12-07 23:45:00', 'Anna1479936180.jpg'),
(527, 'COFFEE DRINKERS AT JULIUS DORSEY ELEMENTARY SCHOOL', 'Our Lord and Savior Tyler has brought upon this glorious tag.\r\nLet us not let him down and show him we care too.\r\nJoin us at JULIUS DORSEY ELEMENTARY SCHOOL, 133 NORTH ST AUGUSTINE DR and be enlightened', '2016-12-01 22:00:00', '2016-12-01 23:45:00', 'Hannah1479936194.jpg'),
(528, 'CDS SECONDARY''S STUDY GROUP', 'CDS SECONDARY is hosting a study group.\r\nMany different subjects will be covered all day long.\r\nVolunteer also at 333 SOUTH BEAUDRY AVE 25TH F if you want to help the community.', '2016-12-04 08:00:00', '2016-12-04 16:45:00', 'Hannah1479936200.jpg'),
(529, 'COFFEE DRINKERS AT WILSON J.O. ES', 'Our Lord and Savior Tyler has brought upon this glorious tag.\r\nLet us not let him down and show him we care too.\r\nJoin us at WILSON J.O. ES, 660 K ST NE and be enlightened', '2016-12-05 22:00:00', '2016-12-05 23:45:00', 'Keith1479936214.jpg'),
(530, 'COFFEE DRINKERS AT LAMAR LOUISE CURRY MIDDLE SCHOOL', 'Our Lord and Savior Tyler has brought upon this glorious tag.\r\nLet us not let him down and show him we care too.\r\nJoin us at LAMAR LOUISE CURRY MIDDLE SCHOOL, 15750 SW 47 ST and be enlightened', '2016-12-02 22:00:00', '2016-12-02 23:45:00', 'Donna1479936227.jpg'),
(531, 'STEVENS PARK ELEMENTARY SCHOOL''S MOVIE NIGHT', 'Come join us at STEVENS PARK ELEMENTARY SCHOOL to watch movies all night long.\r\nWe''re watching animated and live action movies. Many Many kinds of genres!\r\nCome over at 2615 WEST COLORADO BLVD for a fun movie night.', '2016-12-02 18:00:00', '2016-12-02 23:45:00', 'Lucas1479936240.jpg'),
(532, 'MCCULLOCH INTERMEDIATE SCHOOL''S SPORTS DAY', 'GOOOOOOOOOAL!!!!!\r\nStarting at 10am MCCULLOCH INTERMEDIATE SCHOOL will be hosting many sport competitions.\r\nCome over and play from a variety of sports at 3555 GRANADA AVE all day.', '2016-12-01 10:30:00', '2016-12-01 22:00:00', 'Joseph1479936254.jpg'),
(533, 'CUTLER RIDGE MIDDLE SCHOOL''S EATING COMPETITION', 'Food galore!\r\nCan you eat it all!Eating competitions at CUTLER RIDGE MIDDLE SCHOOL for hot dogs and sushi!\r\nYES! You heard right, SUSHI! Come to 19400 GULFSTREAM RD and register before 2pm!', '2016-12-09 14:45:00', '2016-12-09 18:30:00', 'Benjamin1479936267.jpg'),
(534, 'OPTIONS PCS''S EATING COMPETITION', 'Food galore!\r\nCan you eat it all!Eating competitions at OPTIONS PCS for hot dogs and sushi!\r\nYES! You heard right, SUSHI! Come to 1375 EAST ST NE and register before 2pm!', '2016-12-03 14:45:00', '2016-12-03 18:30:00', 'Jake1479936281.jpg'),
(535, 'BESSIE CARMICHAEL/FEC''S STUDY GROUP', 'BESSIE CARMICHAEL/FEC is hosting a study group.\r\nMany different subjects will be covered all day long.\r\nVolunteer also at 375 SEVENTH ST if you want to help the community.', '2016-12-06 08:00:00', '2016-12-06 16:45:00', 'Gavin1479936293.jpg'),
(536, 'PHILLIS WHEATLEY ELEMENTARY SCHOOL''S MOVIE NIGHT', 'Come join us at PHILLIS WHEATLEY ELEMENTARY SCHOOL to watch movies all night long.\r\nWe''re watching animated and live action movies. Many Many kinds of genres!\r\nCome over at 2908 METROPOLITAN AVE for a fun movie night.', '2016-12-01 18:00:00', '2016-12-01 23:45:00', 'Ian1479936306.jpg'),
(537, 'GULFSTREAM ELEMENTARY SCHOOL''S STUDY GROUP', 'GULFSTREAM ELEMENTARY SCHOOL is hosting a study group.\r\nMany different subjects will be covered all day long.\r\nVolunteer also at 20900 SW 97TH AVE if you want to help the community.', '2016-12-09 08:00:00', '2016-12-09 16:45:00', 'Ian1479936312.jpg'),
(538, 'WEST MIAMI MIDDLE SCHOOL''S SPORTS DAY', 'GOOOOOOOOOAL!!!!!\r\nStarting at 10am WEST MIAMI MIDDLE SCHOOL will be hosting many sport competitions.\r\nCome over and play from a variety of sports at 7525 SW 24TH ST all day.', '2016-12-02 10:30:00', '2016-12-02 22:00:00', 'Ian1479936318.jpg'),
(539, 'WOODMERE ELEMENTARY SCHOOL''S MOVIE NIGHT', 'Come join us at WOODMERE ELEMENTARY SCHOOL to watch movies all night long.\r\nWe''re watching animated and live action movies. Many Many kinds of genres!\r\nCome over at 7900 SE DUKE ST for a fun movie night.', '2016-12-07 18:00:00', '2016-12-07 23:45:00', 'Jennifer1479936331.jpg'),
(540, 'DAVIS ES''S STUDY GROUP', 'DAVIS ES is hosting a study group.\r\nMany different subjects will be covered all day long.\r\nVolunteer also at 4430 H ST SE if you want to help the community.', '2016-12-09 08:00:00', '2016-12-09 16:45:00', 'Jennifer1479936336.jpg'),
(541, 'BROWNE CENTER SPEC ED BROWNE JHS''S EATING COMPETITION', 'Food galore!\r\nCan you eat it all!Eating competitions at BROWNE CENTER SPEC ED BROWNE JHS for hot dogs and sushi!\r\nYES! You heard right, SUSHI! Come to 850 26TH ST NE and register before 2pm!', '2016-12-08 14:45:00', '2016-12-08 18:30:00', 'Jennifer1479936342.jpg'),
(542, 'COFFEE DRINKERS AT EUGENIA B. THOMAS K-8 CENTER', 'Our Lord and Savior Tyler has brought upon this glorious tag.\r\nLet us not let him down and show him we care too.\r\nJoin us at EUGENIA B. THOMAS K-8 CENTER, 5950 NW 114 AVE and be enlightened', '2016-12-06 22:00:00', '2016-12-06 23:45:00', 'Paul1479936356.jpg'),
(543, 'COFFEE DRINKERS AT COMMUNITY ACADEMY - AMOS II', 'Our Lord and Savior Tyler has brought upon this glorious tag.\r\nLet us not let him down and show him we care too.\r\nJoin us at COMMUNITY ACADEMY - AMOS II, 33 RIGS RD NE and be enlightened', '2016-12-09 22:00:00', '2016-12-09 23:45:00', 'Paul1479936362.jpg'),
(544, 'PS 175 HENRY H GARNET''S EATING COMPETITION', 'Food galore!\r\nCan you eat it all!Eating competitions at PS 175 HENRY H GARNET for hot dogs and sushi!\r\nYES! You heard right, SUSHI! Come to 175 WEST 134TH ST and register before 2pm!', '2016-12-02 14:45:00', '2016-12-02 18:30:00', 'William1479936375.jpg'),
(545, 'RAINIER BEACH HIGH SCHOOL''S STUDY GROUP', 'RAINIER BEACH HIGH SCHOOL is hosting a study group.\r\nMany different subjects will be covered all day long.\r\nVolunteer also at 8815 SEWARD PARK AV SOUTH if you want to help the community.', '2016-12-02 08:00:00', '2016-12-02 16:45:00', 'William1479936381.jpg'),
(546, 'PS 183 ROBERT L STEVENSON''S EATING COMPETITION', 'Food galore!\r\nCan you eat it all!Eating competitions at PS 183 ROBERT L STEVENSON for hot dogs and sushi!\r\nYES! You heard right, SUSHI! Come to 419 EAST 66TH ST and register before 2pm!', '2016-12-09 14:45:00', '2016-12-09 18:30:00', 'William1479936388.jpg'),
(547, 'COFFEE DRINKERS AT JUVENILE JUSTICE AEP', 'Our Lord and Savior Tyler has brought upon this glorious tag.\r\nLet us not let him down and show him we care too.\r\nJoin us at JUVENILE JUSTICE AEP, 1673 TERRE COLONY and be enlightened', '2016-12-07 22:00:00', '2016-12-07 23:45:00', 'Faith1479936402.jpg'),
(548, 'WILLIAM WALKER ELEMENTARY SCHOOL''S EATING COMPETITION', 'Food galore!\r\nCan you eat it all!Eating competitions at WILLIAM WALKER ELEMENTARY SCHOOL for hot dogs and sushi!\r\nYES! You heard right, SUSHI! Come to 11940 SW LYNNFIELD LN and register before 2pm!', '2016-12-05 14:45:00', '2016-12-05 18:30:00', 'Faith1479936408.jpg'),
(549, 'AURORA ELEMENTARY''S MOVIE NIGHT', 'Come join us at AURORA ELEMENTARY to watch movies all night long.\r\nWe''re watching animated and live action movies. Many Many kinds of genres!\r\nCome over at 1050 EAST 52ND  PLACE for a fun movie night.', '2016-12-03 18:00:00', '2016-12-03 23:45:00', 'Faith1479936413.jpg'),
(550, 'COFFEE DRINKERS AT EDISON CHARTER ACADEMY', 'Our Lord and Savior Tyler has brought upon this glorious tag.\r\nLet us not let him down and show him we care too.\r\nJoin us at EDISON CHARTER ACADEMY, 3531 22ND ST and be enlightened', '2016-12-02 22:00:00', '2016-12-02 23:45:00', 'Amelia1479936427.jpg'),
(551, 'MARY LOU DIETERICH ELEMENTARY''S MOVIE NIGHT', 'Come join us at MARY LOU DIETERICH ELEMENTARY to watch movies all night long.\r\nWe''re watching animated and live action movies. Many Many kinds of genres!\r\nCome over at 2412 WARM SPRINGS DR for a fun movie night.', '2016-12-09 18:00:00', '2016-12-09 23:45:00', 'Jason1479936440.jpg'),
(552, 'COFFEE DRINKERS AT BIRTH TO 3 CONTRACTS', 'Our Lord and Savior Tyler has brought upon this glorious tag.\r\nLet us not let him down and show him we care too.\r\nJoin us at BIRTH TO 3 CONTRACTS, 2445 3RD AV SOUTH and be enlightened', '2016-12-07 22:00:00', '2016-12-07 23:45:00', 'Jason1479936446.jpg'),
(553, 'MADISON MIDDLE SCHOOL''S SPORTS DAY', 'GOOOOOOOOOAL!!!!!\r\nStarting at 10am MADISON MIDDLE SCHOOL will be hosting many sport competitions.\r\nCome over and play from a variety of sports at 3429 45TH AVE SW all day.', '2016-12-02 10:30:00', '2016-12-02 22:00:00', 'Oliver1479936460.jpg'),
(554, 'COFFEE DRINKERS AT GRAHAM  A ELEM SCHOOL', 'Our Lord and Savior Tyler has brought upon this glorious tag.\r\nLet us not let him down and show him we care too.\r\nJoin us at GRAHAM  A ELEM SCHOOL, 4436 SOUTH UNION AVE and be enlightened', '2016-12-07 22:00:00', '2016-12-07 23:45:00', 'Oliver1479936467.jpg'),
(555, 'FRIENDSHIP - SOUTHEAST ACADEMY''S STUDY GROUP', 'FRIENDSHIP - SOUTHEAST ACADEMY is hosting a study group.\r\nMany different subjects will be covered all day long.\r\nVolunteer also at 4096 MINNESOTA AVE NE if you want to help the community.', '2016-12-09 08:00:00', '2016-12-09 16:45:00', 'James1479936480.jpg'),
(556, 'B F DARRELL EL SCHOOL''S SPORTS DAY', 'GOOOOOOOOOAL!!!!!\r\nStarting at 10am B F DARRELL EL SCHOOL will be hosting many sport competitions.\r\nCome over and play from a variety of sports at 4730 SOUTH LANCASTER RD all day.', '2016-12-09 10:30:00', '2016-12-09 22:00:00', 'Alan1479936493.jpg'),
(557, 'PS 241 FAMILY ACADEMY''S EATING COMPETITION', 'Food galore!\r\nCan you eat it all!Eating competitions at PS 241 FAMILY ACADEMY for hot dogs and sushi!\r\nYES! You heard right, SUSHI! Come to 240 WEST 113TH ST and register before 2pm!', '2016-12-01 14:45:00', '2016-12-01 18:30:00', 'Alan1479936499.jpg'),
(558, 'IDEAL ACADEMY - NORTH CAPITOL ES PCS''S STUDY GROUP', 'IDEAL ACADEMY - NORTH CAPITOL ES PCS is hosting a study group.\r\nMany different subjects will be covered all day long.\r\nVolunteer also at 6130 NORTH CAPITOL ST NW if you want to help the community.', '2016-12-07 08:00:00', '2016-12-07 16:45:00', 'Alan1479936505.jpg'),
(559, 'SIERRA VISTA ELEMENTARY''S STUDY GROUP', 'SIERRA VISTA ELEMENTARY is hosting a study group.\r\nMany different subjects will be covered all day long.\r\nVolunteer also at 4342 ALPHA ST if you want to help the community.', '2016-12-04 08:00:00', '2016-12-04 16:45:00', 'Jennifer1479936518.jpg'),
(560, 'STANISLAUS ELEMENTARY''S STUDY GROUP', 'STANISLAUS ELEMENTARY is hosting a study group.\r\nMany different subjects will be covered all day long.\r\nVolunteer also at 1931 KIERNAN AVE if you want to help the community.', '2016-12-09 08:00:00', '2016-12-09 16:45:00', 'Jennifer1479936524.jpg'),
(561, 'WOODSIDE''S STUDY GROUP', 'WOODSIDE is hosting a study group.\r\nMany different subjects will be covered all day long.\r\nVolunteer also at 18637 8TH AVE SOUTH if you want to help the community.', '2016-12-03 08:00:00', '2016-12-03 16:45:00', 'Jennifer1479936530.jpg'),
(562, 'MIAMI SENIOR HIGH SCHOOL''S MOVIE NIGHT', 'Come join us at MIAMI SENIOR HIGH SCHOOL to watch movies all night long.\r\nWe''re watching animated and live action movies. Many Many kinds of genres!\r\nCome over at 2450 SW 1ST ST for a fun movie night.', '2016-12-02 18:00:00', '2016-12-02 23:45:00', 'Joshua1479936543.jpg'),
(563, 'STEPHENSON ELEMENTARY SCHOOL''S EATING COMPETITION', 'Food galore!\r\nCan you eat it all!Eating competitions at STEPHENSON ELEMENTARY SCHOOL for hot dogs and sushi!\r\nYES! You heard right, SUSHI! Come to 2627 SW STEPHENSON ST and register before 2pm!', '2016-12-09 14:45:00', '2016-12-09 18:30:00', 'Joshua1479936549.jpg'),
(564, 'LONGFELLOW ELEMENTARY''S SPORTS DAY', 'GOOOOOOOOOAL!!!!!\r\nStarting at 10am LONGFELLOW ELEMENTARY will be hosting many sport competitions.\r\nCome over and play from a variety of sports at 755 MORSE ST all day.', '2016-12-09 10:30:00', '2016-12-09 22:00:00', 'Joshua1479936555.jpg'),
(565, 'PS 163 ALFRED E SMITH''S STUDY GROUP', 'PS 163 ALFRED E SMITH is hosting a study group.\r\nMany different subjects will be covered all day long.\r\nVolunteer also at 163 WEST 97TH ST if you want to help the community.', '2016-12-07 08:00:00', '2016-12-07 16:45:00', 'Jessica1479936568.jpg'),
(566, 'LEE A MCSHAN JR ELEMENTARY SCHOOL''S EATING COMPETITION', 'Food galore!\r\nCan you eat it all!Eating competitions at LEE A MCSHAN JR ELEMENTARY SCHOOL for hot dogs and sushi!\r\nYES! You heard right, SUSHI! Come to 8307 MEADOW and register before 2pm!', '2016-12-08 14:45:00', '2016-12-08 18:30:00', 'Dorothy1479936582.jpg'),
(567, 'FRANCIS SCOTT KEY ELEMENTARY''S SPORTS DAY', 'GOOOOOOOOOAL!!!!!\r\nStarting at 10am FRANCIS SCOTT KEY ELEMENTARY will be hosting many sport competitions.\r\nCome over and play from a variety of sports at 1530 43RD AVE all day.', '2016-12-05 10:30:00', '2016-12-05 22:00:00', 'Lily1479936595.jpg'),
(568, 'GRESHAM ELEM SCHOOL''S STUDY GROUP', 'GRESHAM ELEM SCHOOL is hosting a study group.\r\nMany different subjects will be covered all day long.\r\nVolunteer also at 8524 SOUTH GREEN ST if you want to help the community.', '2016-12-06 08:00:00', '2016-12-06 16:45:00', 'Lily1479936601.jpg'),
(569, 'COFFEE DRINKERS AT MARY ANN SANDERS ELEMENTARY', 'Our Lord and Savior Tyler has brought upon this glorious tag.\r\nLet us not let him down and show him we care too.\r\nJoin us at MARY ANN SANDERS ELEMENTARY, 3101 FINE AVE and be enlightened', '2016-12-06 22:00:00', '2016-12-06 23:45:00', 'Lily1479936607.jpg'),
(570, 'CRESTON ELEMENTARY SCHOOL''S EATING COMPETITION', 'Food galore!\r\nCan you eat it all!Eating competitions at CRESTON ELEMENTARY SCHOOL for hot dogs and sushi!\r\nYES! You heard right, SUSHI! Come to 4701 SE BUSH ST and register before 2pm!', '2016-12-01 14:45:00', '2016-12-01 18:30:00', 'Joan1479936621.jpg'),
(571, 'COFFEE DRINKERS AT BRIGHTON ELEMENTARY SCHOOL', 'Our Lord and Savior Tyler has brought upon this glorious tag.\r\nLet us not let him down and show him we care too.\r\nJoin us at BRIGHTON ELEMENTARY SCHOOL, 7740 34 AVE SW and be enlightened', '2016-12-09 22:00:00', '2016-12-09 23:45:00', 'Cameron1479936635.jpg'),
(572, 'GRATTAN ELEMENTARY''S SPORTS DAY', 'GOOOOOOOOOAL!!!!!\r\nStarting at 10am GRATTAN ELEMENTARY will be hosting many sport competitions.\r\nCome over and play from a variety of sports at 165 GRATTAN ST all day.', '2016-12-04 10:30:00', '2016-12-04 22:00:00', 'Cameron1479936641.jpg'),
(573, 'PERSHING ELEM HUMANITIES MAGNET''S SPORTS DAY', 'GOOOOOOOOOAL!!!!!\r\nStarting at 10am PERSHING ELEM HUMANITIES MAGNET will be hosting many sport competitions.\r\nCome over and play from a variety of sports at 3113 SOUTH RHODES AVE all day.', '2016-12-06 10:30:00', '2016-12-06 22:00:00', 'Neil1479936654.jpg'),
(574, 'DISNEY II ELEM SCHOOL''S MOVIE NIGHT', 'Come join us at DISNEY II ELEM SCHOOL to watch movies all night long.\r\nWe''re watching animated and live action movies. Many Many kinds of genres!\r\nCome over at 3815 NORTH KEDVALE AVE for a fun movie night.', '2016-12-03 18:00:00', '2016-12-03 23:45:00', 'Neil1479936660.jpg'),
(575, 'COFFEE DRINKERS AT SCHILLER ELEM SCHOOL', 'Our Lord and Savior Tyler has brought upon this glorious tag.\r\nLet us not let him down and show him we care too.\r\nJoin us at SCHILLER ELEM SCHOOL, 640 WEST SCOTT ST and be enlightened', '2016-12-09 22:00:00', '2016-12-09 23:45:00', 'Amanda1479936674.jpg'),
(576, 'CLEVELAND HIGH SCHOOL''S EATING COMPETITION', 'Food galore!\r\nCan you eat it all!Eating competitions at CLEVELAND HIGH SCHOOL for hot dogs and sushi!\r\nYES! You heard right, SUSHI! Come to 5511 15 AVE SOUTH and register before 2pm!', '2016-12-05 14:45:00', '2016-12-05 18:30:00', 'Amanda1479936680.jpg'),
(577, 'SAUVIE ISLAND ELEMENTARY SCHOOL''S EATING COMPETITION', 'Food galore!\r\nCan you eat it all!Eating competitions at SAUVIE ISLAND ELEMENTARY SCHOOL for hot dogs and sushi!\r\nYES! You heard right, SUSHI! Come to 14445 NW CHARLTON RD and register before 2pm!', '2016-12-01 14:45:00', '2016-12-01 18:30:00', 'Amanda1479936687.jpg'),
(578, 'LOS ALAMITOS ELEMENTARY''S STUDY GROUP', 'LOS ALAMITOS ELEMENTARY is hosting a study group.\r\nMany different subjects will be covered all day long.\r\nVolunteer also at 6130 SILBERMAN AVE if you want to help the community.', '2016-12-08 08:00:00', '2016-12-08 16:45:00', 'Joanne1479936699.jpg'),
(579, 'ELLINGTON ELEM SCHOOL''S EATING COMPETITION', 'Food galore!\r\nCan you eat it all!Eating competitions at ELLINGTON ELEM SCHOOL for hot dogs and sushi!\r\nYES! You heard right, SUSHI! Come to 224 NORTH CENTRAL AVE and register before 2pm!', '2016-12-05 14:45:00', '2016-12-05 18:30:00', 'Samantha1479936713.jpg'),
(580, 'SCHALLENBERGER ELEMENTARY''S EATING COMPETITION', 'Food galore!\r\nCan you eat it all!Eating competitions at SCHALLENBERGER ELEMENTARY for hot dogs and sushi!\r\nYES! You heard right, SUSHI! Come to 1280 KOCH LN and register before 2pm!', '2016-12-03 14:45:00', '2016-12-03 18:30:00', 'Samantha1479936719.jpg'),
(581, 'COFFEE DRINKERS AT MAYBERRY STREET ELEMENTARY', 'Our Lord and Savior Tyler has brought upon this glorious tag.\r\nLet us not let him down and show him we care too.\r\nJoin us at MAYBERRY STREET ELEMENTARY, 2414 MAYBERRY ST and be enlightened', '2016-12-08 22:00:00', '2016-12-08 23:45:00', 'Samantha1479936726.jpg'),
(582, 'STANISLAUS COMMUNITY''S STUDY GROUP', 'STANISLAUS COMMUNITY is hosting a study group.\r\nMany different subjects will be covered all day long.\r\nVolunteer also at 2215 BLUE GUM AVE if you want to help the community.', '2016-12-08 08:00:00', '2016-12-08 16:45:00', 'Stephanie1479936739.jpg'),
(583, 'CAPITOL HILL ELEMENTARY SCHOOL''S MOVIE NIGHT', 'Come join us at CAPITOL HILL ELEMENTARY SCHOOL to watch movies all night long.\r\nWe''re watching animated and live action movies. Many Many kinds of genres!\r\nCome over at 8401 SW 17TH AVE for a fun movie night.', '2016-12-01 18:00:00', '2016-12-01 23:45:00', 'Stephanie1479936744.jpg'),
(584, 'LASALLE-BACKUS EC''S MOVIE NIGHT', 'Come join us at LASALLE-BACKUS EC to watch movies all night long.\r\nWe''re watching animated and live action movies. Many Many kinds of genres!\r\nCome over at 501 RIGGS RD NE for a fun movie night.', '2016-12-03 18:00:00', '2016-12-03 23:45:00', 'Stephanie1479936751.jpg'),
(585, 'IS 195 ROBERTO CLEMENTE''S MOVIE NIGHT', 'Come join us at IS 195 ROBERTO CLEMENTE to watch movies all night long.\r\nWe''re watching animated and live action movies. Many Many kinds of genres!\r\nCome over at 625 WEST 133RD ST for a fun movie night.', '2016-12-08 18:00:00', '2016-12-08 23:45:00', 'Harry1479936764.jpg'),
(586, 'COFFEE DRINKERS AT SANTA TERESA ELEMENTARY', 'Our Lord and Savior Tyler has brought upon this glorious tag.\r\nLet us not let him down and show him we care too.\r\nJoin us at SANTA TERESA ELEMENTARY, 6200 ENCINAL DR and be enlightened', '2016-12-06 22:00:00', '2016-12-06 23:45:00', 'Robert1479936777.jpg'),
(587, 'YOUNG OAK KIM ACADEMY''S MOVIE NIGHT', 'Come join us at YOUNG OAK KIM ACADEMY to watch movies all night long.\r\nWe''re watching animated and live action movies. Many Many kinds of genres!\r\nCome over at 615 SOUTH SHATTO  PLACE for a fun movie night.', '2016-12-02 18:00:00', '2016-12-02 23:45:00', 'Rose1479936790.jpg'),
(588, 'SEATON ES''S STUDY GROUP', 'SEATON ES is hosting a study group.\r\nMany different subjects will be covered all day long.\r\nVolunteer also at 1503 10TH ST NW if you want to help the community.', '2016-12-07 08:00:00', '2016-12-07 16:45:00', 'Rose1479936796.jpg'),
(589, 'COFFEE DRINKERS AT EXPERIMENTAL EDUCATION UNIT', 'Our Lord and Savior Tyler has brought upon this glorious tag.\r\nLet us not let him down and show him we care too.\r\nJoin us at EXPERIMENTAL EDUCATION UNIT, 1959 NE PACIFIC ST and be enlightened', '2016-12-01 22:00:00', '2016-12-01 23:45:00', 'Michael1479936810.jpg'),
(590, 'T T MINOR ELEMENTARY SCHOOL''S MOVIE NIGHT', 'Come join us at T T MINOR ELEMENTARY SCHOOL to watch movies all night long.\r\nWe''re watching animated and live action movies. Many Many kinds of genres!\r\nCome over at 1700 EAST UNION ST for a fun movie night.', '2016-12-09 18:00:00', '2016-12-09 23:45:00', 'Michael1479936815.jpg'),
(591, 'YICK WO ELEMENTARY''S EATING COMPETITION', 'Food galore!\r\nCan you eat it all!Eating competitions at YICK WO ELEMENTARY for hot dogs and sushi!\r\nYES! You heard right, SUSHI! Come to 2245 JONES ST and register before 2pm!', '2016-12-07 14:45:00', '2016-12-07 18:30:00', 'Michael1479936822.jpg'),
(592, 'COFFEE DRINKERS AT PETER JOHANSEN HIGH', 'Our Lord and Savior Tyler has brought upon this glorious tag.\r\nLet us not let him down and show him we care too.\r\nJoin us at PETER JOHANSEN HIGH, 641 NORSEMAN DR and be enlightened', '2016-12-08 22:00:00', '2016-12-08 23:45:00', 'Claire1479936836.jpg'),
(593, 'COFFEE DRINKERS AT CAPITAL CITY - LOWER PCS', 'Our Lord and Savior Tyler has brought upon this glorious tag.\r\nLet us not let him down and show him we care too.\r\nJoin us at CAPITAL CITY - LOWER PCS, 3047 15TH ST NW and be enlightened', '2016-12-03 22:00:00', '2016-12-03 23:45:00', 'Claire1479936842.jpg');
INSERT INTO `event` (`event_id`, `event_title`, `event_description`, `event_begin_datetime`, `event_end_datetime`, `event_picture`) VALUES
(594, 'GRACE M. DAVIS HIGH''S SPORTS DAY', 'GOOOOOOOOOAL!!!!!\r\nStarting at 10am GRACE M. DAVIS HIGH will be hosting many sport competitions.\r\nCome over and play from a variety of sports at 1200 WEST RUMBLE RD all day.', '2016-12-08 10:30:00', '2016-12-08 22:00:00', 'Claire1479936848.jpg'),
(595, 'TOLAND WAY ELEMENTARY''S EATING COMPETITION', 'Food galore!\r\nCan you eat it all!Eating competitions at TOLAND WAY ELEMENTARY for hot dogs and sushi!\r\nYES! You heard right, SUSHI! Come to 4545 TOLAND WAY and register before 2pm!', '2016-12-05 14:45:00', '2016-12-05 18:30:00', 'Faith1479936862.jpg'),
(596, 'ECKSTEIN MIDDLE SCHOOL''S SPORTS DAY', 'GOOOOOOOOOAL!!!!!\r\nStarting at 10am ECKSTEIN MIDDLE SCHOOL will be hosting many sport competitions.\r\nCome over and play from a variety of sports at 3003 NE 75 ST all day.', '2016-12-02 10:30:00', '2016-12-02 22:00:00', 'Faith1479936868.jpg'),
(597, 'OREGON HIGH''S SPORTS DAY', 'GOOOOOOOOOAL!!!!!\r\nStarting at 10am OREGON HIGH will be hosting many sport competitions.\r\nCome over and play from a variety of sports at 456 NORTH PERRY PARKWAY all day.', '2016-12-09 10:30:00', '2016-12-09 22:00:00', 'Faith1479936874.jpg'),
(598, 'DETT ELEM SCHOOL''S EATING COMPETITION', 'Food galore!\r\nCan you eat it all!Eating competitions at DETT ELEM SCHOOL for hot dogs and sushi!\r\nYES! You heard right, SUSHI! Come to 2306 WEST MAYPOLE AVE and register before 2pm!', '2016-12-08 14:45:00', '2016-12-08 18:30:00', 'Emily1479936888.jpg'),
(599, 'BERNAL INTERMEDIATE''S SPORTS DAY', 'GOOOOOOOOOAL!!!!!\r\nStarting at 10am BERNAL INTERMEDIATE will be hosting many sport competitions.\r\nCome over and play from a variety of sports at 6610 SAN IGNACIO AVE all day.', '2016-12-07 10:30:00', '2016-12-07 22:00:00', 'Sean1479936901.jpg'),
(600, 'COFFEE DRINKERS AT DISTRICT SUMMER CENTER D', 'Our Lord and Savior Tyler has brought upon this glorious tag.\r\nLet us not let him down and show him we care too.\r\nJoin us at DISTRICT SUMMER CENTER D, 1500 BISCAYNE BLVD and be enlightened', '2016-12-01 22:00:00', '2016-12-01 23:45:00', 'Kevin1479936915.jpg'),
(601, 'GIRLS PREPARATORY CHARTER SCHOOL OF NEW YORK''S SPORTS DAY', 'GOOOOOOOOOAL!!!!!\r\nStarting at 10am GIRLS PREPARATORY CHARTER SCHOOL OF NEW YORK will be hosting many sport competitions.\r\nCome over and play from a variety of sports at 442 EAST HOUSTON STRM 312 all day.', '2016-12-03 10:30:00', '2016-12-03 22:00:00', 'Kevin1479936920.jpg'),
(602, 'BEACON HILL ELEMENTARY SCHOOL''S MOVIE NIGHT', 'Come join us at BEACON HILL ELEMENTARY SCHOOL to watch movies all night long.\r\nWe''re watching animated and live action movies. Many Many kinds of genres!\r\nCome over at 2025 14 AV SOUTH for a fun movie night.', '2016-12-06 18:00:00', '2016-12-06 23:45:00', 'Dylan1479936933.jpg'),
(603, 'CARVER MILITARY ACADEMY HS''S MOVIE NIGHT', 'Come join us at CARVER MILITARY ACADEMY HS to watch movies all night long.\r\nWe''re watching animated and live action movies. Many Many kinds of genres!\r\nCome over at 13100 SOUTH DOTY AVE for a fun movie night.', '2016-12-03 18:00:00', '2016-12-03 23:45:00', 'Dylan1479936939.jpg'),
(604, 'JOHN FREMONT ELEMENTARY''S EATING COMPETITION', 'Food galore!\r\nCan you eat it all!Eating competitions at JOHN FREMONT ELEMENTARY for hot dogs and sushi!\r\nYES! You heard right, SUSHI! Come to 1220 WEST ORANGEBURG AVE and register before 2pm!', '2016-12-02 14:45:00', '2016-12-02 18:30:00', 'Dylan1479936946.jpg'),
(605, 'BALDWIN (JULIA) ELEMENTARY''S MOVIE NIGHT', 'Come join us at BALDWIN (JULIA) ELEMENTARY to watch movies all night long.\r\nWe''re watching animated and live action movies. Many Many kinds of genres!\r\nCome over at 280 MARTINVALE LN for a fun movie night.', '2016-12-01 18:00:00', '2016-12-01 23:45:00', 'Andrea1479936958.jpg'),
(606, 'SHERWOOD ELEMENTARY''S MOVIE NIGHT', 'Come join us at SHERWOOD ELEMENTARY to watch movies all night long.\r\nWe''re watching animated and live action movies. Many Many kinds of genres!\r\nCome over at 819 RUMBLE RD for a fun movie night.', '2016-12-09 18:00:00', '2016-12-09 23:45:00', 'Andrea1479936964.jpg'),
(607, 'HARLEM SUCCESS ACADEMY CHARTER SCHOOL''S STUDY GROUP', 'HARLEM SUCCESS ACADEMY CHARTER SCHOOL is hosting a study group.\r\nMany different subjects will be covered all day long.\r\nVolunteer also at 34 WEST 118TH ST2ND FL if you want to help the community.', '2016-12-09 08:00:00', '2016-12-09 16:45:00', 'Thomas1479936977.jpg'),
(608, 'SCHOOL OF THE ARTS''S MOVIE NIGHT', 'Come join us at SCHOOL OF THE ARTS to watch movies all night long.\r\nWe''re watching animated and live action movies. Many Many kinds of genres!\r\nCome over at 555 PORTOLA DR for a fun movie night.', '2016-12-08 18:00:00', '2016-12-08 23:45:00', 'Thomas1479936983.jpg'),
(609, 'COFFEE DRINKERS AT FOUNDRY COMMUNITY DAY', 'Our Lord and Savior Tyler has brought upon this glorious tag.\r\nLet us not let him down and show him we care too.\r\nJoin us at FOUNDRY COMMUNITY DAY, 258 SUNOL ST and be enlightened', '2016-12-02 22:00:00', '2016-12-02 23:45:00', 'Thomas1479936990.jpg'),
(610, 'LA LOMA JUNIOR HIGH''S EATING COMPETITION', 'Food galore!\r\nCan you eat it all!Eating competitions at LA LOMA JUNIOR HIGH for hot dogs and sushi!\r\nYES! You heard right, SUSHI! Come to 1800 ENCINA AVE and register before 2pm!', '2016-12-02 14:45:00', '2016-12-02 18:30:00', 'Wendy1479937003.jpg'),
(611, 'ELIHU BEARD ELEMENTARY''S MOVIE NIGHT', 'Come join us at ELIHU BEARD ELEMENTARY to watch movies all night long.\r\nWe''re watching animated and live action movies. Many Many kinds of genres!\r\nCome over at 915 BOWEN AVE for a fun movie night.', '2016-12-02 18:00:00', '2016-12-02 23:45:00', 'Jasmine1479937015.jpg'),
(612, 'SANCHEZ ELEMENTARY''S EATING COMPETITION', 'Food galore!\r\nCan you eat it all!Eating competitions at SANCHEZ ELEMENTARY for hot dogs and sushi!\r\nYES! You heard right, SUSHI! Come to 325 SANCHEZ ST and register before 2pm!', '2016-12-05 14:45:00', '2016-12-05 18:30:00', 'Jasmine1479937021.jpg'),
(613, 'LIETZ ELEMENTARY''S MOVIE NIGHT', 'Come join us at LIETZ ELEMENTARY to watch movies all night long.\r\nWe''re watching animated and live action movies. Many Many kinds of genres!\r\nCome over at 5300 CARTER AVE for a fun movie night.', '2016-12-03 18:00:00', '2016-12-03 23:45:00', 'Jasmine1479937027.jpg'),
(614, 'EBINGER ELEM SCHOOL''S MOVIE NIGHT', 'Come join us at EBINGER ELEM SCHOOL to watch movies all night long.\r\nWe''re watching animated and live action movies. Many Many kinds of genres!\r\nCome over at 7350 WEST PRATT AVE for a fun movie night.', '2016-12-06 18:00:00', '2016-12-06 23:45:00', 'Elizabeth1479937040.jpg'),
(615, 'COFFEE DRINKERS AT DAVID STARR JORDAN SENIOR HIGH', 'Our Lord and Savior Tyler has brought upon this glorious tag.\r\nLet us not let him down and show him we care too.\r\nJoin us at DAVID STARR JORDAN SENIOR HIGH, 2265 EAST 103RD ST and be enlightened', '2016-12-02 22:00:00', '2016-12-02 23:45:00', 'Elizabeth1479937047.jpg'),
(616, 'PS 42 BENJAMIN ALTMAN''S EATING COMPETITION', 'Food galore!\r\nCan you eat it all!Eating competitions at PS 42 BENJAMIN ALTMAN for hot dogs and sushi!\r\nYES! You heard right, SUSHI! Come to 71 HESTER ST and register before 2pm!', '2016-12-01 14:45:00', '2016-12-01 18:30:00', 'Elizabeth1479937053.jpg'),
(617, 'COFFEE DRINKERS AT SYLVAN ELEMENTARY', 'Our Lord and Savior Tyler has brought upon this glorious tag.\r\nLet us not let him down and show him we care too.\r\nJoin us at SYLVAN ELEMENTARY, 2908 COFFEE RD and be enlightened', '2016-12-02 22:00:00', '2016-12-02 23:45:00', 'Hannah1479937067.jpg'),
(618, 'INDEPENDENCE CHARTER''S EATING COMPETITION', 'Food galore!\r\nCan you eat it all!Eating competitions at INDEPENDENCE CHARTER for hot dogs and sushi!\r\nYES! You heard right, SUSHI! Come to 3920 BLUE BIRD DR and register before 2pm!', '2016-12-07 14:45:00', '2016-12-07 18:30:00', 'Trevor1479937080.jpg'),
(619, 'WASHINGTON MATH SCIENCE TECHNOLOGY (WMST) PCS''S STUDY GROUP', 'WASHINGTON MATH SCIENCE TECHNOLOGY (WMST) PCS is hosting a study group.\r\nMany different subjects will be covered all day long.\r\nVolunteer also at 1920 BLADENSHURG RD NE if you want to help the community.', '2016-12-01 08:00:00', '2016-12-01 16:45:00', 'Trevor1479937086.jpg'),
(620, 'COFFEE DRINKERS AT PS 83 LUIS MUNOZ RIVERA', 'Our Lord and Savior Tyler has brought upon this glorious tag.\r\nLet us not let him down and show him we care too.\r\nJoin us at PS 83 LUIS MUNOZ RIVERA, 219 EAST 109TH ST and be enlightened', '2016-12-05 22:00:00', '2016-12-05 23:45:00', 'Dominic1479937100.jpg'),
(621, 'COFFEE DRINKERS AT MS 245 THE COMPUTER SCHOOL', 'Our Lord and Savior Tyler has brought upon this glorious tag.\r\nLet us not let him down and show him we care too.\r\nJoin us at MS 245 THE COMPUTER SCHOOL, 100 WEST 77TH ST and be enlightened', '2016-12-02 22:00:00', '2016-12-02 23:45:00', 'Dominic1479937107.jpg'),
(622, 'ANDREW P. HILL HIGH''S MOVIE NIGHT', 'Come join us at ANDREW P. HILL HIGH to watch movies all night long.\r\nWe''re watching animated and live action movies. Many Many kinds of genres!\r\nCome over at 3200 SENTER RD for a fun movie night.', '2016-12-08 18:00:00', '2016-12-08 23:45:00', 'Dominic1479937113.jpg'),
(623, 'COFFEE DRINKERS AT SHARPE HEALTH SCHOOL', 'Our Lord and Savior Tyler has brought upon this glorious tag.\r\nLet us not let him down and show him we care too.\r\nJoin us at SHARPE HEALTH SCHOOL, 4300 13TH ST NW and be enlightened', '2016-12-08 22:00:00', '2016-12-08 23:45:00', 'Kylie1479937126.jpg'),
(624, 'AUGUST BOEGER MIDDLE''S MOVIE NIGHT', 'Come join us at AUGUST BOEGER MIDDLE to watch movies all night long.\r\nWe''re watching animated and live action movies. Many Many kinds of genres!\r\nCome over at 1944 FLINT AVE for a fun movie night.', '2016-12-05 18:00:00', '2016-12-05 23:45:00', 'Kylie1479937132.jpg'),
(625, 'WOODSON H.D. SHS''S EATING COMPETITION', 'Food galore!\r\nCan you eat it all!Eating competitions at WOODSON H.D. SHS for hot dogs and sushi!\r\nYES! You heard right, SUSHI! Come to 4650 BENNING RD SE and register before 2pm!', '2016-12-02 14:45:00', '2016-12-02 18:30:00', 'Kylie1479937138.jpg'),
(626, 'LATONA AVENUE ELEMENTARY''S SPORTS DAY', 'GOOOOOOOOOAL!!!!!\r\nStarting at 10am LATONA AVENUE ELEMENTARY will be hosting many sport competitions.\r\nCome over and play from a variety of sports at 4312 BERENICE AVE all day.', '2016-12-09 10:30:00', '2016-12-09 22:00:00', 'James1479937152.jpg'),
(627, 'FOOD AND FINANCE HIGH SCHOOL''S STUDY GROUP', 'FOOD AND FINANCE HIGH SCHOOL is hosting a study group.\r\nMany different subjects will be covered all day long.\r\nVolunteer also at 525 WEST 50TH ST if you want to help the community.', '2016-12-01 08:00:00', '2016-12-01 16:45:00', 'James1479937157.jpg'),
(628, 'LEADERSHIP HIGH''S EATING COMPETITION', 'Food galore!\r\nCan you eat it all!Eating competitions at LEADERSHIP HIGH for hot dogs and sushi!\r\nYES! You heard right, SUSHI! Come to 241 ONIEDA AVE 301 and register before 2pm!', '2016-12-09 14:45:00', '2016-12-09 18:30:00', 'Andrew1479937171.jpg'),
(629, 'COFFEE DRINKERS AT PS 152 DYCKMAN VALLEY', 'Our Lord and Savior Tyler has brought upon this glorious tag.\r\nLet us not let him down and show him we care too.\r\nJoin us at PS 152 DYCKMAN VALLEY, 93 NAGLE AVE and be enlightened', '2016-12-02 22:00:00', '2016-12-02 23:45:00', 'Andrew1479937178.jpg'),
(630, 'PARKER ELEM COMMUNITY ACADEMY''S STUDY GROUP', 'PARKER ELEM COMMUNITY ACADEMY is hosting a study group.\r\nMany different subjects will be covered all day long.\r\nVolunteer also at 6800 SOUTH STEWART AVE if you want to help the community.', '2016-12-01 08:00:00', '2016-12-01 16:45:00', 'Isaac1479937191.jpg'),
(631, 'GARFIELD ELEMENTARY''S MOVIE NIGHT', 'Come join us at GARFIELD ELEMENTARY to watch movies all night long.\r\nWe''re watching animated and live action movies. Many Many kinds of genres!\r\nCome over at 420 FILBERT ST for a fun movie night.', '2016-12-08 18:00:00', '2016-12-08 23:45:00', 'Amy1479937203.jpg'),
(632, 'PS 11 WILLIAM T HARRIS''S STUDY GROUP', 'PS 11 WILLIAM T HARRIS is hosting a study group.\r\nMany different subjects will be covered all day long.\r\nVolunteer also at 320 WEST 21ST ST if you want to help the community.', '2016-12-08 08:00:00', '2016-12-08 16:45:00', 'Amy1479937209.jpg'),
(633, 'PRITZKER ELEM SCHOOL''S EATING COMPETITION', 'Food galore!\r\nCan you eat it all!Eating competitions at PRITZKER ELEM SCHOOL for hot dogs and sushi!\r\nYES! You heard right, SUSHI! Come to 2009 WEST SCHILLER ST and register before 2pm!', '2016-12-03 14:45:00', '2016-12-03 18:30:00', 'Amy1479937216.jpg'),
(634, 'DUNNE ELEM MATH  SCI & TECH ACAD''S SPORTS DAY', 'GOOOOOOOOOAL!!!!!\r\nStarting at 10am DUNNE ELEM MATH  SCI & TECH ACAD will be hosting many sport competitions.\r\nCome over and play from a variety of sports at 10845 SOUTH UNION AVE all day.', '2016-12-08 10:30:00', '2016-12-08 22:00:00', 'Max1479937229.jpg'),
(635, 'COFFEE DRINKERS AT ARCHIMEDEAN MIDDLE CONSERVATORY', 'Our Lord and Savior Tyler has brought upon this glorious tag.\r\nLet us not let him down and show him we care too.\r\nJoin us at ARCHIMEDEAN MIDDLE CONSERVATORY, 12425 SW 72 ST and be enlightened', '2016-12-06 22:00:00', '2016-12-06 23:45:00', 'Max1479937235.jpg'),
(636, 'COFFEE DRINKERS AT RUIZ ELEM SCHOOL', 'Our Lord and Savior Tyler has brought upon this glorious tag.\r\nLet us not let him down and show him we care too.\r\nJoin us at RUIZ ELEM SCHOOL, 2410 SOUTH LEAVITT ST and be enlightened', '2016-12-09 22:00:00', '2016-12-09 23:45:00', 'Nicola1479937249.jpg'),
(637, 'ESMOND ELEM SCHOOL''S STUDY GROUP', 'ESMOND ELEM SCHOOL is hosting a study group.\r\nMany different subjects will be covered all day long.\r\nVolunteer also at 1865 WEST MONTVALE if you want to help the community.', '2016-12-06 08:00:00', '2016-12-06 16:45:00', 'Nicola1479937255.jpg'),
(638, 'SAVOY ES''S MOVIE NIGHT', 'Come join us at SAVOY ES to watch movies all night long.\r\nWe''re watching animated and live action movies. Many Many kinds of genres!\r\nCome over at 2501 M.L. KING AVE SE for a fun movie night.', '2016-12-01 18:00:00', '2016-12-01 23:45:00', 'Nicola1479937261.jpg'),
(639, 'MATER EAST ACADEMY MIDDLE SCHOOL''S MOVIE NIGHT', 'Come join us at MATER EAST ACADEMY MIDDLE SCHOOL to watch movies all night long.\r\nWe''re watching animated and live action movies. Many Many kinds of genres!\r\nCome over at 998 SW FIRST ST for a fun movie night.', '2016-12-05 18:00:00', '2016-12-05 23:45:00', 'Colin1479937274.jpg'),
(640, 'MURCH ES''S EATING COMPETITION', 'Food galore!\r\nCan you eat it all!Eating competitions at MURCH ES for hot dogs and sushi!\r\nYES! You heard right, SUSHI! Come to 4810 36TH ST NW and register before 2pm!', '2016-12-07 14:45:00', '2016-12-07 18:30:00', 'Colin1479937280.jpg'),
(641, 'ROOSEVELT JUNIOR HIGH''S STUDY GROUP', 'ROOSEVELT JUNIOR HIGH is hosting a study group.\r\nMany different subjects will be covered all day long.\r\nVolunteer also at 1330 COLLEGE AVE if you want to help the community.', '2016-12-08 08:00:00', '2016-12-08 16:45:00', 'Brandon1479937293.jpg'),
(642, 'ADVENT COMMUNITY DAY''S EATING COMPETITION', 'Food galore!\r\nCan you eat it all!Eating competitions at ADVENT COMMUNITY DAY for hot dogs and sushi!\r\nYES! You heard right, SUSHI! Come to 1290 RIDDER PARK DR and register before 2pm!', '2016-12-02 14:45:00', '2016-12-02 18:30:00', 'Leonard1479937307.jpg'),
(643, 'HAWTHORNE ELEMENTARY SCHOOL''S MOVIE NIGHT', 'Come join us at HAWTHORNE ELEMENTARY SCHOOL to watch movies all night long.\r\nWe''re watching animated and live action movies. Many Many kinds of genres!\r\nCome over at 4100 39 AV SOUTH for a fun movie night.', '2016-12-04 18:00:00', '2016-12-04 23:45:00', 'Warren1479937320.jpg'),
(644, 'COFFEE DRINKERS AT MORRILL ELEM MATH & SCI SCHOOL', 'Our Lord and Savior Tyler has brought upon this glorious tag.\r\nLet us not let him down and show him we care too.\r\nJoin us at MORRILL ELEM MATH & SCI SCHOOL, 6011 SOUTH ROCKWELL ST and be enlightened', '2016-12-06 22:00:00', '2016-12-06 23:45:00', 'Warren1479937326.jpg'),
(645, 'LEGACY SCHOOL FOR INTEGRATED STUDIES''S STUDY GROUP', 'LEGACY SCHOOL FOR INTEGRATED STUDIES is hosting a study group.\r\nMany different subjects will be covered all day long.\r\nVolunteer also at 34 WEST 14TH ST if you want to help the community.', '2016-12-01 08:00:00', '2016-12-01 16:45:00', 'Warren1479937332.jpg'),
(646, 'JULIA C FRAZIER ELEMENTARY SCHOOL''S EATING COMPETITION', 'Food galore!\r\nCan you eat it all!Eating competitions at JULIA C FRAZIER ELEMENTARY SCHOOL for hot dogs and sushi!\r\nYES! You heard right, SUSHI! Come to 4600 SPRING AVE and register before 2pm!', '2016-12-07 14:45:00', '2016-12-07 18:30:00', 'Samantha1479937346.jpg'),
(647, 'ARMOUR ELEM SCHOOL''S EATING COMPETITION', 'Food galore!\r\nCan you eat it all!Eating competitions at ARMOUR ELEM SCHOOL for hot dogs and sushi!\r\nYES! You heard right, SUSHI! Come to 950 WEST 33RD PLACE and register before 2pm!', '2016-12-05 14:45:00', '2016-12-05 18:30:00', 'Samantha1479937352.jpg'),
(648, 'CENTER CITY - SHAW CAMPUS PCS''S MOVIE NIGHT', 'Come join us at CENTER CITY - SHAW CAMPUS PCS to watch movies all night long.\r\nWe''re watching animated and live action movies. Many Many kinds of genres!\r\nCome over at 711 NORTH ST NW for a fun movie night.', '2016-12-04 18:00:00', '2016-12-04 23:45:00', 'Sebastian1479937365.jpg'),
(649, 'PS 199 JESSE ISADOR STRAUS''S STUDY GROUP', 'PS 199 JESSE ISADOR STRAUS is hosting a study group.\r\nMany different subjects will be covered all day long.\r\nVolunteer also at 270 WEST 70TH ST if you want to help the community.', '2016-12-02 08:00:00', '2016-12-02 16:45:00', 'Felicity1479937379.jpg'),
(650, 'BEACH ELEMENTARY SCHOOL''S SPORTS DAY', 'GOOOOOOOOOAL!!!!!\r\nStarting at 10am BEACH ELEMENTARY SCHOOL will be hosting many sport competitions.\r\nCome over and play from a variety of sports at 1710 NORTH HUMBOLDT ST all day.', '2016-12-01 10:30:00', '2016-12-01 22:00:00', 'Jason1479937392.jpg'),
(651, 'ROOSEVELT MIDDLE''S SPORTS DAY', 'GOOOOOOOOOAL!!!!!\r\nStarting at 10am ROOSEVELT MIDDLE will be hosting many sport competitions.\r\nCome over and play from a variety of sports at 460 ARGUELLO BLVD all day.', '2016-12-02 10:30:00', '2016-12-02 22:00:00', 'Jason1479937398.jpg'),
(652, 'ORR ACADEMY HIGH SCHOOL''S MOVIE NIGHT', 'Come join us at ORR ACADEMY HIGH SCHOOL to watch movies all night long.\r\nWe''re watching animated and live action movies. Many Many kinds of genres!\r\nCome over at 730 NORTH PULASKI RD for a fun movie night.', '2016-12-07 18:00:00', '2016-12-07 23:45:00', 'Jason1479937404.jpg'),
(653, 'SHERIDAN ELEMENTARY''S SPORTS DAY', 'GOOOOOOOOOAL!!!!!\r\nStarting at 10am SHERIDAN ELEMENTARY will be hosting many sport competitions.\r\nCome over and play from a variety of sports at 431 CAPITOL AVE all day.', '2016-12-06 10:30:00', '2016-12-06 22:00:00', 'Ian1479937417.jpg'),
(654, 'WEBSTER ELEM SCHOOL''S SPORTS DAY', 'GOOOOOOOOOAL!!!!!\r\nStarting at 10am WEBSTER ELEM SCHOOL will be hosting many sport competitions.\r\nCome over and play from a variety of sports at 4055 WEST ARTHINGTON ST all day.', '2016-12-01 10:30:00', '2016-12-01 22:00:00', 'Lauren1479937430.jpg'),
(655, 'SANTA CLARA COUNTY SPECIAL EDUCATION''S MOVIE NIGHT', 'Come join us at SANTA CLARA COUNTY SPECIAL EDUCATION to watch movies all night long.\r\nWe''re watching animated and live action movies. Many Many kinds of genres!\r\nCome over at 1290 RIDDER PARK DR MC271 for a fun movie night.', '2016-12-05 18:00:00', '2016-12-05 23:45:00', 'Lauren1479937436.jpg'),
(656, 'NEIGHBORHOOD SCHOOL''S EATING COMPETITION', 'Food galore!\r\nCan you eat it all!Eating competitions at NEIGHBORHOOD SCHOOL for hot dogs and sushi!\r\nYES! You heard right, SUSHI! Come to 121 EAST 3RD ST and register before 2pm!', '2016-12-09 14:45:00', '2016-12-09 18:30:00', 'Lauren1479937443.jpg'),
(657, 'HORACE MANN JUNIOR HIGH''S SPORTS DAY', 'GOOOOOOOOOAL!!!!!\r\nStarting at 10am HORACE MANN JUNIOR HIGH will be hosting many sport competitions.\r\nCome over and play from a variety of sports at 7001 SOUTH SAINT ANDREWS  PLAC all day.', '2016-12-02 10:30:00', '2016-12-02 22:00:00', 'Adrian1479937456.jpg'),
(658, 'KIPP BAYVIEW ACADEMY''S STUDY GROUP', 'KIPP BAYVIEW ACADEMY is hosting a study group.\r\nMany different subjects will be covered all day long.\r\nVolunteer also at 1060 KEY AVE if you want to help the community.', '2016-12-08 08:00:00', '2016-12-08 16:45:00', 'Adrian1479937462.jpg'),
(659, 'IMPACT ACADEMY OF ARTS & TECHNOLOGY''S EATING COMPETITION', 'Food galore!\r\nCan you eat it all!Eating competitions at IMPACT ACADEMY OF ARTS & TECHNOLOGY for hot dogs and sushi!\r\nYES! You heard right, SUSHI! Come to 185 BERRY ST and register before 2pm!', '2016-12-07 14:45:00', '2016-12-07 18:30:00', 'Lucas1479937476.jpg'),
(660, 'WILLIAM GARRISON ELEMENTARY''S STUDY GROUP', 'WILLIAM GARRISON ELEMENTARY is hosting a study group.\r\nMany different subjects will be covered all day long.\r\nVolunteer also at 1811 TERESA ST if you want to help the community.', '2016-12-04 08:00:00', '2016-12-04 16:45:00', 'Hannah1479937489.jpg'),
(661, 'WHITMAN ELEMENTARY SCHOOL''S MOVIE NIGHT', 'Come join us at WHITMAN ELEMENTARY SCHOOL to watch movies all night long.\r\nWe''re watching animated and live action movies. Many Many kinds of genres!\r\nCome over at 7326 SE FLAVEL ST for a fun movie night.', '2016-12-09 18:00:00', '2016-12-09 23:45:00', 'Virginia1479937501.jpg'),
(662, 'RICHMOND ELEMENTARY SCHOOL''S SPORTS DAY', 'GOOOOOOOOOAL!!!!!\r\nStarting at 10am RICHMOND ELEMENTARY SCHOOL will be hosting many sport competitions.\r\nCome over and play from a variety of sports at 2276 SE 41ST AVE all day.', '2016-12-01 10:30:00', '2016-12-01 22:00:00', 'Virginia1479937508.jpg'),
(663, 'ANIMO RALPH BUNCHE HIGH''S EATING COMPETITION', 'Food galore!\r\nCan you eat it all!Eating competitions at ANIMO RALPH BUNCHE HIGH for hot dogs and sushi!\r\nYES! You heard right, SUSHI! Come to 1655 EAST 27TH ST and register before 2pm!', '2016-12-09 14:45:00', '2016-12-09 18:30:00', 'Virginia1479937514.jpg'),
(664, 'BROWN, JR., (WILLIE L.) ELEMENTARY''S SPORTS DAY', 'GOOOOOOOOOAL!!!!!\r\nStarting at 10am BROWN, JR., (WILLIE L.) ELEMENTARY will be hosting many sport competitions.\r\nCome over and play from a variety of sports at 2055 SILVER AVE all day.', '2016-12-08 10:30:00', '2016-12-08 22:00:00', 'Pippa1479937528.jpg'),
(665, 'FOURTH STREET PRIMARY CENTER''S STUDY GROUP', 'FOURTH STREET PRIMARY CENTER is hosting a study group.\r\nMany different subjects will be covered all day long.\r\nVolunteer also at 469 AMALIA AVE if you want to help the community.', '2016-12-07 08:00:00', '2016-12-07 16:45:00', 'Pippa1479937533.jpg'),
(666, 'YOSEMITE ROP''S STUDY GROUP', 'YOSEMITE ROP is hosting a study group.\r\nMany different subjects will be covered all day long.\r\nVolunteer also at 1100 H ST if you want to help the community.', '2016-12-06 08:00:00', '2016-12-06 16:45:00', 'Pippa1479937539.jpg'),
(667, 'CARLTON ELEMENTARY''S EATING COMPETITION', 'Food galore!\r\nCan you eat it all!Eating competitions at CARLTON ELEMENTARY for hot dogs and sushi!\r\nYES! You heard right, SUSHI! Come to 2421 CARLTON AVE and register before 2pm!', '2016-12-05 14:45:00', '2016-12-05 18:30:00', 'Nathan1479937552.jpg'),
(668, 'COFFEE DRINKERS AT FRIENDSHIP - TECH PREP', 'Our Lord and Savior Tyler has brought upon this glorious tag.\r\nLet us not let him down and show him we care too.\r\nJoin us at FRIENDSHIP - TECH PREP, 620 MILWAUKEE PLACESE and be enlightened', '2016-12-03 22:00:00', '2016-12-03 23:45:00', 'Nathan1479937559.jpg'),
(669, 'CENTER CITY - CAPITOL HILL CAMPUS PCS''S SPORTS DAY', 'GOOOOOOOOOAL!!!!!\r\nStarting at 10am CENTER CITY - CAPITOL HILL CAMPUS PCS will be hosting many sport competitions.\r\nCome over and play from a variety of sports at 1503 EAST CAPITOL ST SE all day.', '2016-12-02 10:30:00', '2016-12-02 22:00:00', 'Nathan1479937565.jpg'),
(670, 'CHARNOCK ROAD ELEMENTARY''S MOVIE NIGHT', 'Come join us at CHARNOCK ROAD ELEMENTARY to watch movies all night long.\r\nWe''re watching animated and live action movies. Many Many kinds of genres!\r\nCome over at 11133 CHARNOCK RD for a fun movie night.', '2016-12-07 18:00:00', '2016-12-07 23:45:00', 'Piers1479937579.jpg'),
(671, 'AKI KUROSE MIDDLE SCHOOL''S EATING COMPETITION', 'Food galore!\r\nCan you eat it all!Eating competitions at AKI KUROSE MIDDLE SCHOOL for hot dogs and sushi!\r\nYES! You heard right, SUSHI! Come to 3928 SOUTH GRAHAM ST and register before 2pm!', '2016-12-07 14:45:00', '2016-12-07 18:30:00', 'Piers1479937585.jpg'),
(672, 'PACE HIGH SCHOOL''S SPORTS DAY', 'GOOOOOOOOOAL!!!!!\r\nStarting at 10am PACE HIGH SCHOOL will be hosting many sport competitions.\r\nCome over and play from a variety of sports at 100 HESTER ST all day.', '2016-12-03 10:30:00', '2016-12-03 22:00:00', 'Ian1479937599.jpg'),
(673, 'ROME CORNERS INTERMEDIATE SCHOOL''S MOVIE NIGHT', 'Come join us at ROME CORNERS INTERMEDIATE SCHOOL to watch movies all night long.\r\nWe''re watching animated and live action movies. Many Many kinds of genres!\r\nCome over at 1111 SOUTH PERRY PARKWAY for a fun movie night.', '2016-12-03 18:00:00', '2016-12-03 23:45:00', 'Ian1479937605.jpg'),
(674, 'MARYSVILLE ELEMENTARY SCHOOL''S STUDY GROUP', 'MARYSVILLE ELEMENTARY SCHOOL is hosting a study group.\r\nMany different subjects will be covered all day long.\r\nVolunteer also at 7733 SE RAYMOND ST if you want to help the community.', '2016-12-05 08:00:00', '2016-12-05 16:45:00', 'Ian1479937611.jpg'),
(675, 'SCHOOL OF THE FUTURE HIGH SCHOOL''S STUDY GROUP', 'SCHOOL OF THE FUTURE HIGH SCHOOL is hosting a study group.\r\nMany different subjects will be covered all day long.\r\nVolunteer also at 127 EAST 22ND ST if you want to help the community.', '2016-12-04 08:00:00', '2016-12-04 16:45:00', 'Jonathan1479937624.jpg'),
(676, 'NORLAND ELEMENTARY SCHOOL''S STUDY GROUP', 'NORLAND ELEMENTARY SCHOOL is hosting a study group.\r\nMany different subjects will be covered all day long.\r\nVolunteer also at 19340 NW 8TH COURT if you want to help the community.', '2016-12-09 08:00:00', '2016-12-09 16:45:00', 'Liam1479937637.jpg'),
(677, 'OLYMPIC VIEW ELEMENTARY SCHOOL''S SPORTS DAY', 'GOOOOOOOOOAL!!!!!\r\nStarting at 10am OLYMPIC VIEW ELEMENTARY SCHOOL will be hosting many sport competitions.\r\nCome over and play from a variety of sports at 504 NE 95 ST all day.', '2016-12-03 10:30:00', '2016-12-03 22:00:00', 'Liam1479937644.jpg'),
(678, 'BUENA VISTA''S SPORTS DAY', 'GOOOOOOOOOAL!!!!!\r\nStarting at 10am BUENA VISTA will be hosting many sport competitions.\r\nCome over and play from a variety of sports at 2641 25TH ST all day.', '2016-12-02 10:30:00', '2016-12-02 22:00:00', 'Yvonne1479937658.jpg'),
(679, 'JOHN STANFORD INTERNATIONAL ELEMENTARY''S MOVIE NIGHT', 'Come join us at JOHN STANFORD INTERNATIONAL ELEMENTARY to watch movies all night long.\r\nWe''re watching animated and live action movies. Many Many kinds of genres!\r\nCome over at 4057 5 AV NE for a fun movie night.', '2016-12-04 18:00:00', '2016-12-04 23:45:00', 'Yvonne1479937663.jpg'),
(680, 'EVELYN HANSHAW MIDDLE''S SPORTS DAY', 'GOOOOOOOOOAL!!!!!\r\nStarting at 10am EVELYN HANSHAW MIDDLE will be hosting many sport competitions.\r\nCome over and play from a variety of sports at 1725 LAS VEGAS ST all day.', '2016-12-04 10:30:00', '2016-12-04 22:00:00', 'Yvonne1479937670.jpg'),
(681, 'PINECREST ACADEMY (SOUTH CAMPUS)''S EATING COMPETITION', 'Food galore!\r\nCan you eat it all!Eating competitions at PINECREST ACADEMY (SOUTH CAMPUS) for hot dogs and sushi!\r\nYES! You heard right, SUSHI! Come to 15130 SW 80 ST and register before 2pm!', '2016-12-08 14:45:00', '2016-12-08 18:30:00', 'Benjamin1479937683.jpg'),
(682, 'LYNCH VIEW ELEMENTARY SCHOOL''S SPORTS DAY', 'GOOOOOOOOOAL!!!!!\r\nStarting at 10am LYNCH VIEW ELEMENTARY SCHOOL will be hosting many sport competitions.\r\nCome over and play from a variety of sports at 1546 SE 169TH PLACE all day.', '2016-12-03 10:30:00', '2016-12-03 22:00:00', 'Adam1479937697.jpg'),
(683, 'COFFEE DRINKERS AT KINZIE ELEM SCHOOL', 'Our Lord and Savior Tyler has brought upon this glorious tag.\r\nLet us not let him down and show him we care too.\r\nJoin us at KINZIE ELEM SCHOOL, 5625 SOUTH MOBILE AVE and be enlightened', '2016-12-08 22:00:00', '2016-12-08 23:45:00', 'Adam1479937703.jpg'),
(684, 'MAYA ANGELOU - SHAW CAMPUS PCS''S EATING COMPETITION', 'Food galore!\r\nCan you eat it all!Eating competitions at MAYA ANGELOU - SHAW CAMPUS PCS for hot dogs and sushi!\r\nYES! You heard right, SUSHI! Come to 1851 9TH ST NW and register before 2pm!', '2016-12-08 14:45:00', '2016-12-08 18:30:00', 'Adam1479937709.jpg'),
(685, 'SISULU-WALKER CHARTER SCHOOL OF HARLEM''S SPORTS DAY', 'GOOOOOOOOOAL!!!!!\r\nStarting at 10am SISULU-WALKER CHARTER SCHOOL OF HARLEM will be hosting many sport competitions.\r\nCome over and play from a variety of sports at 125 WEST 115TH STRM 203 all day.', '2016-12-07 10:30:00', '2016-12-07 22:00:00', 'James1479937722.jpg'),
(686, 'MARSHALL ELEMENTARY''S MOVIE NIGHT', 'Come join us at MARSHALL ELEMENTARY to watch movies all night long.\r\nWe''re watching animated and live action movies. Many Many kinds of genres!\r\nCome over at 1575 15TH ST for a fun movie night.', '2016-12-02 18:00:00', '2016-12-02 23:45:00', 'Kevin1479937735.jpg'),
(687, 'JOHN YEHALL CHIN (ELEM)''S MOVIE NIGHT', 'Come join us at JOHN YEHALL CHIN (ELEM) to watch movies all night long.\r\nWe''re watching animated and live action movies. Many Many kinds of genres!\r\nCome over at 350 BROADWAY ST for a fun movie night.', '2016-12-03 18:00:00', '2016-12-03 23:45:00', 'Elizabeth1479937748.jpg'),
(688, 'HOWARD ROAD ACADEMY - PENNSYLVANIA AVENUE PCS''S STUDY GROUP', 'HOWARD ROAD ACADEMY - PENNSYLVANIA AVENUE PCS is hosting a study group.\r\nMany different subjects will be covered all day long.\r\nVolunteer also at 3000 PENNSYLVANIA AV SE if you want to help the community.', '2016-12-06 08:00:00', '2016-12-06 16:45:00', 'Wendy1479937761.jpg'),
(689, 'BARBARA JORDAN PCS''S MOVIE NIGHT', 'Come join us at BARBARA JORDAN PCS to watch movies all night long.\r\nWe''re watching animated and live action movies. Many Many kinds of genres!\r\nCome over at 100 PEABODY ST NW for a fun movie night.', '2016-12-03 18:00:00', '2016-12-03 23:45:00', 'Wendy1479937766.jpg'),
(690, 'WASHINGTON YU YING PCS''S MOVIE NIGHT', 'Come join us at WASHINGTON YU YING PCS to watch movies all night long.\r\nWe''re watching animated and live action movies. Many Many kinds of genres!\r\nCome over at 4401 8TH ST NE for a fun movie night.', '2016-12-03 18:00:00', '2016-12-03 23:45:00', 'Wendy1479937772.jpg'),
(691, 'JACK LOWE SR ELEMENTARY SCHOOL''S EATING COMPETITION', 'Food galore!\r\nCan you eat it all!Eating competitions at JACK LOWE SR ELEMENTARY SCHOOL for hot dogs and sushi!\r\nYES! You heard right, SUSHI! Come to 7000 HOLLY HILL DR and register before 2pm!', '2016-12-03 14:45:00', '2016-12-03 18:30:00', 'Pippa1479937786.jpg'),
(692, 'NINTH STREET ELEMENTARY''S EATING COMPETITION', 'Food galore!\r\nCan you eat it all!Eating competitions at NINTH STREET ELEMENTARY for hot dogs and sushi!\r\nYES! You heard right, SUSHI! Come to 820 TOWNE AVE and register before 2pm!', '2016-12-01 14:45:00', '2016-12-01 18:30:00', 'Pippa1479937792.jpg'),
(693, 'NEW START''S EATING COMPETITION', 'Food galore!\r\nCan you eat it all!Eating competitions at NEW START for hot dogs and sushi!\r\nYES! You heard right, SUSHI! Come to 614 SW 120TH ST and register before 2pm!', '2016-12-02 14:45:00', '2016-12-02 18:30:00', 'Pippa1479937798.jpg'),
(694, 'JOHN MUIR ELEMENTARY SCHOOL''S EATING COMPETITION', 'Food galore!\r\nCan you eat it all!Eating competitions at JOHN MUIR ELEMENTARY SCHOOL for hot dogs and sushi!\r\nYES! You heard right, SUSHI! Come to 3301 SOUTH HORTON ST and register before 2pm!', '2016-12-09 14:45:00', '2016-12-09 18:30:00', 'Natalie1479937811.jpg'),
(695, 'HART-RANSOM ACADEMIC CHARTER''S SPORTS DAY', 'GOOOOOOOOOAL!!!!!\r\nStarting at 10am HART-RANSOM ACADEMIC CHARTER will be hosting many sport competitions.\r\nCome over and play from a variety of sports at 3920 SHOEMAKE AVE all day.', '2016-12-07 10:30:00', '2016-12-07 22:00:00', 'Natalie1479937817.jpg'),
(696, 'COFFEE DRINKERS AT ENSLEN ELEMENTARY', 'Our Lord and Savior Tyler has brought upon this glorious tag.\r\nLet us not let him down and show him we care too.\r\nJoin us at ENSLEN ELEMENTARY, 515 COLDWELL AVE and be enlightened', '2016-12-02 22:00:00', '2016-12-02 23:45:00', 'Natalie1479937823.jpg'),
(697, 'COMMUNITY ACADEMY - ONLINE''S EATING COMPETITION', 'Food galore!\r\nCan you eat it all!Eating competitions at COMMUNITY ACADEMY - ONLINE for hot dogs and sushi!\r\nYES! You heard right, SUSHI! Come to 1351 NICOLAS ST NW and register before 2pm!', '2016-12-01 14:45:00', '2016-12-01 18:30:00', 'Jake1479937837.jpg'),
(698, 'BALLARD HIGH SCHOOL''S EATING COMPETITION', 'Food galore!\r\nCan you eat it all!Eating competitions at BALLARD HIGH SCHOOL for hot dogs and sushi!\r\nYES! You heard right, SUSHI! Come to 1418 NW 65 ST and register before 2pm!', '2016-12-05 14:45:00', '2016-12-05 18:30:00', 'Jake1479937843.jpg'),
(699, 'JESSE J. MCCRARY, JR. ELEMENTARY SCHOOL''S SPORTS DAY', 'GOOOOOOOOOAL!!!!!\r\nStarting at 10am JESSE J. MCCRARY, JR. ELEMENTARY SCHOOL will be hosting many sport competitions.\r\nCome over and play from a variety of sports at 514 NW 77TH ST all day.', '2016-12-08 10:30:00', '2016-12-08 22:00:00', 'Jake1479937849.jpg'),
(700, 'BOYNTON HIGH''S EATING COMPETITION', 'Food galore!\r\nCan you eat it all!Eating competitions at BOYNTON HIGH for hot dogs and sushi!\r\nYES! You heard right, SUSHI! Come to 901 BOYNTON AVE and register before 2pm!', '2016-12-05 14:45:00', '2016-12-05 18:30:00', 'David1479937862.jpg'),
(701, 'ALICE FONG YU ELEMENTARY''S SPORTS DAY', 'GOOOOOOOOOAL!!!!!\r\nStarting at 10am ALICE FONG YU ELEMENTARY will be hosting many sport competitions.\r\nCome over and play from a variety of sports at 1541 12TH AVE all day.', '2016-12-08 10:30:00', '2016-12-08 22:00:00', 'David1479937869.jpg'),
(702, 'SHILOH ELEMENTARY''S SPORTS DAY', 'GOOOOOOOOOAL!!!!!\r\nStarting at 10am SHILOH ELEMENTARY will be hosting many sport competitions.\r\nCome over and play from a variety of sports at 6633 PARADISE RD all day.', '2016-12-06 10:30:00', '2016-12-06 22:00:00', 'Brian1479937882.jpg'),
(703, 'COFFEE DRINKERS AT STULTS ROAD EL', 'Our Lord and Savior Tyler has brought upon this glorious tag.\r\nLet us not let him down and show him we care too.\r\nJoin us at STULTS ROAD EL, 8700 STULTS RD and be enlightened', '2016-12-08 22:00:00', '2016-12-08 23:45:00', 'Piers1479937895.jpg'),
(704, 'LENT ELEMENTARY SCHOOL''S STUDY GROUP', 'LENT ELEMENTARY SCHOOL is hosting a study group.\r\nMany different subjects will be covered all day long.\r\nVolunteer also at 5105 SE 97TH AVE if you want to help the community.', '2016-12-06 08:00:00', '2016-12-06 16:45:00', 'Piers1479937901.jpg'),
(705, 'ULLOA ELEMENTARY''S MOVIE NIGHT', 'Come join us at ULLOA ELEMENTARY to watch movies all night long.\r\nWe''re watching animated and live action movies. Many Many kinds of genres!\r\nCome over at 2650 42ND AVE for a fun movie night.', '2016-12-08 18:00:00', '2016-12-08 23:45:00', 'Carl1479937914.jpg'),
(706, 'LEO POLITI ELEMENTARY''S EATING COMPETITION', 'Food galore!\r\nCan you eat it all!Eating competitions at LEO POLITI ELEMENTARY for hot dogs and sushi!\r\nYES! You heard right, SUSHI! Come to 2481 WEST 11TH ST and register before 2pm!', '2016-12-08 14:45:00', '2016-12-08 18:30:00', 'Elizabeth1479937928.jpg'),
(707, 'PS 171 PATRICK HENRY''S MOVIE NIGHT', 'Come join us at PS 171 PATRICK HENRY to watch movies all night long.\r\nWe''re watching animated and live action movies. Many Many kinds of genres!\r\nCome over at 19 EAST 103RD ST for a fun movie night.', '2016-12-04 18:00:00', '2016-12-04 23:45:00', 'Elizabeth1479937934.jpg'),
(708, 'CATHERINE EVERETT ELEMENTARY''S SPORTS DAY', 'GOOOOOOOOOAL!!!!!\r\nStarting at 10am CATHERINE EVERETT ELEMENTARY will be hosting many sport competitions.\r\nCome over and play from a variety of sports at 1530 MOUNT VERNON DR all day.', '2016-12-06 10:30:00', '2016-12-06 22:00:00', 'Jasmine1479937947.jpg'),
(709, 'PORTLAND ARTHUR ACADEMY CHARTER SCHOOL''S STUDY GROUP', 'PORTLAND ARTHUR ACADEMY CHARTER SCHOOL is hosting a study group.\r\nMany different subjects will be covered all day long.\r\nVolunteer also at 7507 SE YAMHILL ST if you want to help the community.', '2016-12-06 08:00:00', '2016-12-06 16:45:00', 'Jasmine1479937953.jpg'),
(710, 'TUOLUMNE ELEMENTARY''S STUDY GROUP', 'TUOLUMNE ELEMENTARY is hosting a study group.\r\nMany different subjects will be covered all day long.\r\nVolunteer also at 707 HERNDON RD if you want to help the community.', '2016-12-03 08:00:00', '2016-12-03 16:45:00', 'Liam1479937966.jpg'),
(711, 'LAFAYETTE ELEM SCHOOL''S SPORTS DAY', 'GOOOOOOOOOAL!!!!!\r\nStarting at 10am LAFAYETTE ELEM SCHOOL will be hosting many sport competitions.\r\nCome over and play from a variety of sports at 2714 WEST AUGUSTA BLVD all day.', '2016-12-02 10:30:00', '2016-12-02 22:00:00', 'Liam1479937972.jpg'),
(712, 'HITCH ELEM SCHOOL''S EATING COMPETITION', 'Food galore!\r\nCan you eat it all!Eating competitions at HITCH ELEM SCHOOL for hot dogs and sushi!\r\nYES! You heard right, SUSHI! Come to 5625 NORTH MCVICKER AVE and register before 2pm!', '2016-12-06 14:45:00', '2016-12-06 18:30:00', 'Liam1479937979.jpg'),
(713, 'JOHN A. FERGUSON SENIOR HIGH''S EATING COMPETITION', 'Food galore!\r\nCan you eat it all!Eating competitions at JOHN A. FERGUSON SENIOR HIGH for hot dogs and sushi!\r\nYES! You heard right, SUSHI! Come to 15900 SW 56TH ST and register before 2pm!', '2016-12-09 14:45:00', '2016-12-09 18:30:00', 'Leonard1479937992.jpg'),
(714, 'COFFEE DRINKERS AT ROBERT E LEE ELEMENTARY SCHOOL', 'Our Lord and Savior Tyler has brought upon this glorious tag.\r\nLet us not let him down and show him we care too.\r\nJoin us at ROBERT E LEE ELEMENTARY SCHOOL, 2911 DELMAR AVE and be enlightened', '2016-12-05 22:00:00', '2016-12-05 23:45:00', 'Leonard1479937999.jpg'),
(715, 'NORTHWEST MIDDLE SCHOOL''S MOVIE NIGHT', 'Come join us at NORTHWEST MIDDLE SCHOOL to watch movies all night long.\r\nWe''re watching animated and live action movies. Many Many kinds of genres!\r\nCome over at 5252 WEST PALMER ST for a fun movie night.', '2016-12-06 18:00:00', '2016-12-06 23:45:00', 'Cameron1479938012.jpg'),
(716, 'COFFEE DRINKERS AT ALEX W SPENCE TALENTED/GIFTED ACADEMY', 'Our Lord and Savior Tyler has brought upon this glorious tag.\r\nLet us not let him down and show him we care too.\r\nJoin us at ALEX W SPENCE TALENTED/GIFTED ACADEMY, 4001 CAPITOL AVE and be enlightened\r\nSinners against coffee will be prosecuted by the 9 cats of coding.', '2016-12-01 22:00:00', '2016-12-01 23:45:00', 'Faith1479938026.jpg'),
(717, 'COFFEE DRINKERS AT EVERS ELEM SCHOOL', 'Our Lord and Savior Tyler has brought upon this glorious tag.\r\nLet us not let him down and show him we care too.\r\nJoin us at EVERS ELEM SCHOOL, 9811 SOUTH LOWE AVE and be enlightened', '2016-12-07 22:00:00', '2016-12-07 23:45:00', 'Faith1479938032.jpg'),
(718, 'COFFEE DRINKERS AT REDDING ELEMENTARY', 'Our Lord and Savior Tyler has brought upon this glorious tag.\r\nLet us not let him down and show him we care too.\r\nJoin us at REDDING ELEMENTARY, 1421 PINE ST and be enlightened', '2016-12-04 22:00:00', '2016-12-04 23:45:00', 'Simon1479938046.jpg'),
(719, 'CLARENDON ALTERNATIVE ELEMENTARY''S EATING COMPETITION', 'Food galore!\r\nCan you eat it all!Eating competitions at CLARENDON ALTERNATIVE ELEMENTARY for hot dogs and sushi!\r\nYES! You heard right, SUSHI! Come to 500 CLARENDON AVE and register before 2pm!', '2016-12-05 14:45:00', '2016-12-05 18:30:00', 'Simon1479938052.jpg'),
(720, 'COFFEE DRINKERS AT ARTS AND TECHNOLOGY PCS', 'Our Lord and Savior Tyler has brought upon this glorious tag.\r\nLet us not let him down and show him we care too.\r\nJoin us at ARTS AND TECHNOLOGY PCS, 5300 BLAINE ST NE and be enlightened', '2016-12-06 22:00:00', '2016-12-06 23:45:00', 'Dominic1479938066.jpg'),
(721, 'COFFEE DRINKERS AT EL VISTA ELEMENTARY', 'Our Lord and Savior Tyler has brought upon this glorious tag.\r\nLet us not let him down and show him we care too.\r\nJoin us at EL VISTA ELEMENTARY, 450 EL VISTA AVE and be enlightened', '2016-12-06 22:00:00', '2016-12-06 23:45:00', 'Dominic1479938072.jpg'),
(722, 'COONLEY ELEM SCHOOL''S SPORTS DAY', 'GOOOOOOOOOAL!!!!!\r\nStarting at 10am COONLEY ELEM SCHOOL will be hosting many sport competitions.\r\nCome over and play from a variety of sports at 4046 NORTH LEAVITT ST all day.', '2016-12-02 10:30:00', '2016-12-02 22:00:00', 'Dominic1479938078.jpg'),
(723, 'RAMONA OPPORTUNITY HIGH''S EATING COMPETITION', 'Food galore!\r\nCan you eat it all!Eating competitions at RAMONA OPPORTUNITY HIGH for hot dogs and sushi!\r\nYES! You heard right, SUSHI! Come to 231 SOUTH ALMA AVE and register before 2pm!', '2016-12-01 14:45:00', '2016-12-01 18:30:00', 'Audrey1479938091.jpg'),
(724, 'HIGH POINT ELEMENTARY SCHOOL''S EATING COMPETITION', 'Food galore!\r\nCan you eat it all!Eating competitions at HIGH POINT ELEMENTARY SCHOOL for hot dogs and sushi!\r\nYES! You heard right, SUSHI! Come to 6760 34 AV SW and register before 2pm!', '2016-12-09 14:45:00', '2016-12-09 18:30:00', 'Felicity1479938104.jpg'),
(725, 'BENSON POLYTECHNIC HIGH SCHOOL''S MOVIE NIGHT', 'Come join us at BENSON POLYTECHNIC HIGH SCHOOL to watch movies all night long.\r\nWe''re watching animated and live action movies. Many Many kinds of genres!\r\nCome over at 546 NE 12TH AVE for a fun movie night.', '2016-12-01 18:00:00', '2016-12-01 23:45:00', 'Felicity1479938110.jpg'),
(726, 'PS 63 WILLIAM MCKINLEY''S STUDY GROUP', 'PS 63 WILLIAM MCKINLEY is hosting a study group.\r\nMany different subjects will be covered all day long.\r\nVolunteer also at 121 EAST 3RD ST if you want to help the community.', '2016-12-02 08:00:00', '2016-12-02 16:45:00', 'Oliver1479938123.jpg'),
(727, 'WEDGWOOD ELEMENTARY SCHOOL''S STUDY GROUP', 'WEDGWOOD ELEMENTARY SCHOOL is hosting a study group.\r\nMany different subjects will be covered all day long.\r\nVolunteer also at 2720 NE 85 ST if you want to help the community.', '2016-12-02 08:00:00', '2016-12-02 16:45:00', 'Oliver1479938129.jpg'),
(728, 'LENORA BRAYNON SMITH ELEMENTARY''S STUDY GROUP', 'LENORA BRAYNON SMITH ELEMENTARY is hosting a study group.\r\nMany different subjects will be covered all day long.\r\nVolunteer also at 4700 NW 12TH AVE if you want to help the community.', '2016-12-02 08:00:00', '2016-12-02 16:45:00', 'Ruth1479938142.jpg'),
(729, 'THURGOOD MARSHALL ELEMENTARY''S SPORTS DAY', 'GOOOOOOOOOAL!!!!!\r\nStarting at 10am THURGOOD MARSHALL ELEMENTARY will be hosting many sport competitions.\r\nCome over and play from a variety of sports at 2401 SOUTH IRVING ST all day.', '2016-12-03 10:30:00', '2016-12-03 22:00:00', 'Ruth1479938148.jpg'),
(730, 'COFFEE DRINKERS AT ROBERT ELLIOTT ALTERNATIVE EDUCATION CENTER', 'Our Lord and Savior Tyler has brought upon this glorious tag.\r\nLet us not let him down and show him we care too.\r\nJoin us at ROBERT ELLIOTT ALTERNATIVE EDUCATION CENTER, 1440 SUNRISE AVE and be enlightened', '2016-12-05 22:00:00', '2016-12-05 23:45:00', 'David1479938162.jpg'),
(731, 'SPRINGVILLE K-8 SCHOOL''S SPORTS DAY', 'GOOOOOOOOOAL!!!!!\r\nStarting at 10am SPRINGVILLE K-8 SCHOOL will be hosting many sport competitions.\r\nCome over and play from a variety of sports at 6655 NW JOSS AVE all day.', '2016-12-06 10:30:00', '2016-12-06 22:00:00', 'David1479938168.jpg'),
(732, 'COFFEE DRINKERS AT JAMES MARSHALL ELEMENTARY', 'Our Lord and Savior Tyler has brought upon this glorious tag.\r\nLet us not let him down and show him we care too.\r\nJoin us at JAMES MARSHALL ELEMENTARY, 515 SUTTER AVE and be enlightened', '2016-12-05 22:00:00', '2016-12-05 23:45:00', 'David1479938174.jpg'),
(733, 'FEREBEE HOPE ES''S SPORTS DAY', 'GOOOOOOOOOAL!!!!!\r\nStarting at 10am FEREBEE HOPE ES will be hosting many sport competitions.\r\nCome over and play from a variety of sports at 3999 8TH ST SE all day.', '2016-12-09 10:30:00', '2016-12-09 22:00:00', 'Faith1479938187.jpg'),
(734, 'COMMODORE SLOAT ELEMENTARY''S EATING COMPETITION', 'Food galore!\r\nCan you eat it all!Eating competitions at COMMODORE SLOAT ELEMENTARY for hot dogs and sushi!\r\nYES! You heard right, SUSHI! Come to 50 DARIEN WAY and register before 2pm!', '2016-12-03 14:45:00', '2016-12-03 18:30:00', 'Ava1479938201.jpg'),
(735, 'NORMAN THOMAS HIGH SCHOOL''S EATING COMPETITION', 'Food galore!\r\nCan you eat it all!Eating competitions at NORMAN THOMAS HIGH SCHOOL for hot dogs and sushi!\r\nYES! You heard right, SUSHI! Come to 111 EAST 33RD ST and register before 2pm!', '2016-12-05 14:45:00', '2016-12-05 18:30:00', 'Ava1479938207.jpg'),
(736, 'TUBMAN ES''S MOVIE NIGHT', 'Come join us at TUBMAN ES to watch movies all night long.\r\nWe''re watching animated and live action movies. Many Many kinds of genres!\r\nCome over at 3101 13TH ST NW for a fun movie night.', '2016-12-03 18:00:00', '2016-12-03 23:45:00', 'Ava1479938212.jpg'),
(737, 'RIVERSIDE ELEMENTARY COMMUNITY SCHOOL''S SPORTS DAY', 'GOOOOOOOOOAL!!!!!\r\nStarting at 10am RIVERSIDE ELEMENTARY COMMUNITY SCHOOL will be hosting many sport competitions.\r\nCome over and play from a variety of sports at 1190 SW 2ND ST all day.', '2016-12-02 10:30:00', '2016-12-02 22:00:00', 'Evan1479938226.jpg'),
(738, 'PARADISE ELEMENTARY''S MOVIE NIGHT', 'Come join us at PARADISE ELEMENTARY to watch movies all night long.\r\nWe''re watching animated and live action movies. Many Many kinds of genres!\r\nCome over at 3361 CALIFORNIA AVE for a fun movie night.', '2016-12-07 18:00:00', '2016-12-07 23:45:00', 'Evan1479938232.jpg'),
(739, 'PAUL REVERE ELEMENTARY''S EATING COMPETITION', 'Food galore!\r\nCan you eat it all!Eating competitions at PAUL REVERE ELEMENTARY for hot dogs and sushi!\r\nYES! You heard right, SUSHI! Come to 555 TOMPKINS AVE and register before 2pm!', '2016-12-03 14:45:00', '2016-12-03 18:30:00', 'Evan1479938238.jpg'),
(740, 'JOHN O''CONNELL ALTERNATIVE HIGH''S MOVIE NIGHT', 'Come join us at JOHN O''CONNELL ALTERNATIVE HIGH to watch movies all night long.\r\nWe''re watching animated and live action movies. Many Many kinds of genres!\r\nCome over at 2355 FOLSOM ST for a fun movie night.', '2016-12-05 18:00:00', '2016-12-05 23:45:00', 'Amelia1479938251.jpg'),
(741, 'COFFEE DRINKERS AT FOREST MEADOW J H', 'Our Lord and Savior Tyler has brought upon this glorious tag.\r\nLet us not let him down and show him we care too.\r\nJoin us at FOREST MEADOW J H, 9373 WHITEHURST DR and be enlightened', '2016-12-01 22:00:00', '2016-12-01 23:45:00', 'Amelia1479938257.jpg'),
(742, 'KNOWLEDGE AND POWER PREP ACADEMY IV''S STUDY GROUP', 'KNOWLEDGE AND POWER PREP ACADEMY IV is hosting a study group.\r\nMany different subjects will be covered all day long.\r\nVolunteer also at 6 EDGECOMBE AVE if you want to help the community.', '2016-12-01 08:00:00', '2016-12-01 16:45:00', 'Amelia1479938263.jpg'),
(743, 'COFFEE DRINKERS AT PEGASUS CHARTER H S', 'Our Lord and Savior Tyler has brought upon this glorious tag.\r\nLet us not let him down and show him we care too.\r\nJoin us at PEGASUS CHARTER H S, 601 NORTH AKARD ST and be enlightened', '2016-12-07 22:00:00', '2016-12-07 23:45:00', 'Madeleine1479938277.jpg'),
(744, 'MOUNT VIEW ELEMENTARY''S EATING COMPETITION', 'Food galore!\r\nCan you eat it all!Eating competitions at MOUNT VIEW ELEMENTARY for hot dogs and sushi!\r\nYES! You heard right, SUSHI! Come to 10811 12TH AVE SW and register before 2pm!', '2016-12-03 14:45:00', '2016-12-03 18:30:00', 'Bernadette1479938290.jpg'),
(745, 'COFFEE DRINKERS AT GRAY MIDDLE SCHOOL', 'Our Lord and Savior Tyler has brought upon this glorious tag.\r\nLet us not let him down and show him we care too.\r\nJoin us at GRAY MIDDLE SCHOOL, 5505 SW 23RD AVE and be enlightened', '2016-12-09 22:00:00', '2016-12-09 23:45:00', 'Bernadette1479938296.jpg'),
(746, 'BRYANT ELEMENTARY SCHOOL''S STUDY GROUP', 'BRYANT ELEMENTARY SCHOOL is hosting a study group.\r\nMany different subjects will be covered all day long.\r\nVolunteer also at 3311 NE 60 ST if you want to help the community.', '2016-12-06 08:00:00', '2016-12-06 16:45:00', 'Bernadette1479938302.jpg'),
(747, 'PURSUIT OF WELLNESS EDUCATION AT ROOSEVELT CAMPUS''S MOVIE NIGHT', 'Come join us at PURSUIT OF WELLNESS EDUCATION AT ROOSEVELT CAMPUS to watch movies all night long.\r\nWe''re watching animated and live action movies. Many Many kinds of genres!\r\nCome over at 6941 NORTH CENTRAL ST for a fun movie night.', '2016-12-04 18:00:00', '2016-12-04 23:45:00', 'Dominic1479938315.jpg'),
(748, 'ATKINSON ELEMENTARY SCHOOL''S MOVIE NIGHT', 'Come join us at ATKINSON ELEMENTARY SCHOOL to watch movies all night long.\r\nWe''re watching animated and live action movies. Many Many kinds of genres!\r\nCome over at 5800 SE DIVISION ST for a fun movie night.', '2016-12-06 18:00:00', '2016-12-06 23:45:00', 'Dominic1479938321.jpg'),
(749, 'ORCA (COLUMBIA)''S STUDY GROUP', 'ORCA (COLUMBIA) is hosting a study group.\r\nMany different subjects will be covered all day long.\r\nVolunteer also at 5215 46 AVE SOUTH if you want to help the community.', '2016-12-04 08:00:00', '2016-12-04 16:45:00', 'Dominic1479938327.jpg'),
(750, 'UNITY CENTER FOR URBAN TECHNOLOGIES''S MOVIE NIGHT', 'Come join us at UNITY CENTER FOR URBAN TECHNOLOGIES to watch movies all night long.\r\nWe''re watching animated and live action movies. Many Many kinds of genres!\r\nCome over at 121 6TH AVE for a fun movie night.', '2016-12-03 18:00:00', '2016-12-03 23:45:00', 'Ian1479938340.jpg'),
(751, 'HIGH SCHOOL MATH SCIENCE AND ENGINEERING AT CCNY''S SPORTS DAY', 'GOOOOOOOOOAL!!!!!\r\nStarting at 10am HIGH SCHOOL MATH SCIENCE AND ENGINEERING AT CCNY will be hosting many sport competitions.\r\nCome over and play from a variety of sports at 240 CONVENT AVE all day.', '2016-12-06 10:30:00', '2016-12-06 22:00:00', 'Andrea1479938353.jpg');
INSERT INTO `event` (`event_id`, `event_title`, `event_description`, `event_begin_datetime`, `event_end_datetime`, `event_picture`) VALUES
(752, 'MANHATTAN LEARNING CENTER''S MOVIE NIGHT', 'Come join us at MANHATTAN LEARNING CENTER to watch movies all night long.\r\nWe''re watching animated and live action movies. Many Many kinds of genres!\r\nCome over at 440 SOUTH 186TH ST for a fun movie night.', '2016-12-01 18:00:00', '2016-12-01 23:45:00', 'Andrea1479938359.jpg'),
(753, 'DAVIS M MAGNET ELEM SCHOOL''S MOVIE NIGHT', 'Come join us at DAVIS M MAGNET ELEM SCHOOL to watch movies all night long.\r\nWe''re watching animated and live action movies. Many Many kinds of genres!\r\nCome over at 6740 SOUTH PAULINA ST for a fun movie night.', '2016-12-07 18:00:00', '2016-12-07 23:45:00', 'Andrea1479938364.jpg'),
(754, 'WESTVIEW HIGH SCHOOL''S STUDY GROUP', 'WESTVIEW HIGH SCHOOL is hosting a study group.\r\nMany different subjects will be covered all day long.\r\nVolunteer also at 4200 NW 185TH AVE if you want to help the community.', '2016-12-01 08:00:00', '2016-12-01 16:45:00', 'Sam1479938377.jpg'),
(755, 'THORNDYKE ELEMENTARY''S SPORTS DAY', 'GOOOOOOOOOAL!!!!!\r\nStarting at 10am THORNDYKE ELEMENTARY will be hosting many sport competitions.\r\nCome over and play from a variety of sports at 4415 SOUTH 150TH ST all day.', '2016-12-05 10:30:00', '2016-12-05 22:00:00', 'Sam1479938383.jpg'),
(756, 'COFFEE DRINKERS AT CARTHAY CENTER ELEMENTARY', 'Our Lord and Savior Tyler has brought upon this glorious tag.\r\nLet us not let him down and show him we care too.\r\nJoin us at CARTHAY CENTER ELEMENTARY, 6351 WEST OLYMPIC BLVD and be enlightened', '2016-12-06 22:00:00', '2016-12-06 23:45:00', 'Alexander1479938396.jpg'),
(757, 'HIGHLAND PARK ALTER ED CTR''S SPORTS DAY', 'GOOOOOOOOOAL!!!!!\r\nStarting at 10am HIGHLAND PARK ALTER ED CTR will be hosting many sport competitions.\r\nCome over and play from a variety of sports at 4220 EMERSON AVE all day.', '2016-12-09 10:30:00', '2016-12-09 22:00:00', 'Emily1479938410.jpg'),
(758, 'COFFEE DRINKERS AT OAK RIDGE ELEMENTARY', 'Our Lord and Savior Tyler has brought upon this glorious tag.\r\nLet us not let him down and show him we care too.\r\nJoin us at OAK RIDGE ELEMENTARY, 5920 BUFKIN DR and be enlightened', '2016-12-04 22:00:00', '2016-12-04 23:45:00', 'Emily1479938416.jpg'),
(759, 'WASHINGTON LATIN HIGH PCS''S SPORTS DAY', 'GOOOOOOOOOAL!!!!!\r\nStarting at 10am WASHINGTON LATIN HIGH PCS will be hosting many sport competitions.\r\nCome over and play from a variety of sports at 4715 16TH ST NW all day.', '2016-12-05 10:30:00', '2016-12-05 22:00:00', 'Jason1479938429.jpg'),
(760, 'MAPLE LAWN ELEMENTARY SCHOOL''S STUDY GROUP', 'MAPLE LAWN ELEMENTARY SCHOOL is hosting a study group.\r\nMany different subjects will be covered all day long.\r\nVolunteer also at 3120 INWOOD RD if you want to help the community.', '2016-12-02 08:00:00', '2016-12-02 16:45:00', 'Jason1479938435.jpg'),
(761, 'COFFEE DRINKERS AT HIGHLAND PARK HIGH SCHOOL', 'Our Lord and Savior Tyler has brought upon this glorious tag.\r\nLet us not let him down and show him we care too.\r\nJoin us at HIGHLAND PARK HIGH SCHOOL, 4220 EMERSON AVE and be enlightened', '2016-12-02 22:00:00', '2016-12-02 23:45:00', 'Cameron1479938449.jpg'),
(762, 'WILSON ELEMENTARY''S SPORTS DAY', 'GOOOOOOOOOAL!!!!!\r\nStarting at 10am WILSON ELEMENTARY will be hosting many sport competitions.\r\nCome over and play from a variety of sports at 201 WILSON AVE all day.', '2016-12-02 10:30:00', '2016-12-02 22:00:00', 'Cameron1479938455.jpg'),
(763, 'JAMES C. ENOCHS HIGH''S SPORTS DAY', 'GOOOOOOOOOAL!!!!!\r\nStarting at 10am JAMES C. ENOCHS HIGH will be hosting many sport competitions.\r\nCome over and play from a variety of sports at 3201 SYLVAN AVE all day.', '2016-12-06 10:30:00', '2016-12-06 22:00:00', 'Cameron1479938461.jpg'),
(764, 'COFFEE DRINKERS AT SOUTH LAKE HIGH SCHOOL', 'Our Lord and Savior Tyler has brought upon this glorious tag.\r\nLet us not let him down and show him we care too.\r\nJoin us at SOUTH LAKE HIGH SCHOOL, 8601 RAINIER AVE SOUTH and be enlightened', '2016-12-04 22:00:00', '2016-12-04 23:45:00', 'Paul1479938474.jpg'),
(765, 'LINCOLN PARK ELEMENTARY SCHOOL''S SPORTS DAY', 'GOOOOOOOOOAL!!!!!\r\nStarting at 10am LINCOLN PARK ELEMENTARY SCHOOL will be hosting many sport competitions.\r\nCome over and play from a variety of sports at 13200 SE LINCOLN ST all day.', '2016-12-01 10:30:00', '2016-12-01 22:00:00', 'Paul1479938480.jpg'),
(766, 'MOTT HALL HIGH SCHOOL''S SPORTS DAY', 'GOOOOOOOOOAL!!!!!\r\nStarting at 10am MOTT HALL HIGH SCHOOL will be hosting many sport competitions.\r\nCome over and play from a variety of sports at 6 EDGECOMBE AVE all day.', '2016-12-08 10:30:00', '2016-12-08 22:00:00', 'Amanda1479938493.jpg'),
(767, 'COFFEE DRINKERS AT HIGH SCHOOL FOR EXCELLENCE AND INNOVATION', 'Our Lord and Savior Tyler has brought upon this glorious tag.\r\nLet us not let him down and show him we care too.\r\nJoin us at HIGH SCHOOL FOR EXCELLENCE AND INNOVATION, 4111 BROADWAY and be enlightened', '2016-12-04 22:00:00', '2016-12-04 23:45:00', 'Molly1479938507.jpg'),
(768, 'DAVID FAIRCHILD ELEMENTARY SCHOOL''S EATING COMPETITION', 'Food galore!\r\nCan you eat it all!Eating competitions at DAVID FAIRCHILD ELEMENTARY SCHOOL for hot dogs and sushi!\r\nYES! You heard right, SUSHI! Come to 5757 SW 45TH ST and register before 2pm!', '2016-12-02 14:45:00', '2016-12-02 18:30:00', 'David1479938520.jpg'),
(769, 'HARRIETTE KIRSCHEN ELEMENTARY''S SPORTS DAY', 'GOOOOOOOOOAL!!!!!\r\nStarting at 10am HARRIETTE KIRSCHEN ELEMENTARY will be hosting many sport competitions.\r\nCome over and play from a variety of sports at 1900 KIRSCHEN DR all day.', '2016-12-05 10:30:00', '2016-12-05 22:00:00', 'David1479938526.jpg'),
(770, 'THE BILINGUAL BICULTURAL SCHOOL''S SPORTS DAY', 'GOOOOOOOOOAL!!!!!\r\nStarting at 10am THE BILINGUAL BICULTURAL SCHOOL will be hosting many sport competitions.\r\nCome over and play from a variety of sports at 219 EAST 109TH ST all day.', '2016-12-07 10:30:00', '2016-12-07 22:00:00', 'Alexander1479938539.jpg'),
(771, 'BARBARA JORDAN EL''S EATING COMPETITION', 'Food galore!\r\nCan you eat it all!Eating competitions at BARBARA JORDAN EL for hot dogs and sushi!\r\nYES! You heard right, SUSHI! Come to 1111 WEST KIEST BLVD and register before 2pm!', '2016-12-04 14:45:00', '2016-12-04 18:30:00', 'Alexander1479938545.jpg'),
(772, 'CITY OF ANGELS''S SPORTS DAY', 'GOOOOOOOOOAL!!!!!\r\nStarting at 10am CITY OF ANGELS will be hosting many sport competitions.\r\nCome over and play from a variety of sports at 1449 SOUTH SAN PEDRO all day.', '2016-12-02 10:30:00', '2016-12-02 22:00:00', 'Alexander1479938551.jpg'),
(773, 'LAKEWOOD ELEMENTARY''S SPORTS DAY', 'GOOOOOOOOOAL!!!!!\r\nStarting at 10am LAKEWOOD ELEMENTARY will be hosting many sport competitions.\r\nCome over and play from a variety of sports at 2920 MIDDLEBORO  PLACE all day.', '2016-12-01 10:30:00', '2016-12-01 22:00:00', 'Stewart1479938564.jpg'),
(774, 'KING ELEMENTARY SCHOOL''S MOVIE NIGHT', 'Come join us at KING ELEMENTARY SCHOOL to watch movies all night long.\r\nWe''re watching animated and live action movies. Many Many kinds of genres!\r\nCome over at 4906 NE 6TH AVE for a fun movie night.', '2016-12-06 18:00:00', '2016-12-06 23:45:00', 'Stewart1479938570.jpg'),
(775, 'WELLS PREPARATORY ELEM ACADEMY''S EATING COMPETITION', 'Food galore!\r\nCan you eat it all!Eating competitions at WELLS PREPARATORY ELEM ACADEMY for hot dogs and sushi!\r\nYES! You heard right, SUSHI! Come to 244 EAST PERSHING RD and register before 2pm!', '2016-12-09 14:45:00', '2016-12-09 18:30:00', 'Amy1479938583.jpg'),
(776, 'ST. COLETTA SPECIAL EDUCATION PCS''S EATING COMPETITION', 'Food galore!\r\nCan you eat it all!Eating competitions at ST. COLETTA SPECIAL EDUCATION PCS for hot dogs and sushi!\r\nYES! You heard right, SUSHI! Come to 1901 INDEPE AVE SE and register before 2pm!', '2016-12-01 14:45:00', '2016-12-01 18:30:00', 'Amy1479938590.jpg'),
(777, 'PAULING ACADEMY OF INTEGRATED SCIENCES''S MOVIE NIGHT', 'Come join us at PAULING ACADEMY OF INTEGRATED SCIENCES to watch movies all night long.\r\nWe''re watching animated and live action movies. Many Many kinds of genres!\r\nCome over at 3905 SE 91ST AVE for a fun movie night.', '2016-12-01 18:00:00', '2016-12-01 23:45:00', 'Pippa1479938602.jpg'),
(778, 'D.C. PREPARATORY ACADEMY - BENNING ELEMENTARY PCS''S MOVIE NIGHT', 'Come join us at D.C. PREPARATORY ACADEMY - BENNING ELEMENTARY PCS to watch movies all night long.\r\nWe''re watching animated and live action movies. Many Many kinds of genres!\r\nCome over at 100 41ST ST NE for a fun movie night.', '2016-12-01 18:00:00', '2016-12-01 23:45:00', 'Pippa1479938608.jpg'),
(779, 'COFFEE DRINKERS AT ALTERNATIVE OUTREACH-EXT. YEAR', 'Our Lord and Savior Tyler has brought upon this glorious tag.\r\nLet us not let him down and show him we care too.\r\nJoin us at ALTERNATIVE OUTREACH-EXT. YEAR, 5120 NW 24 AVE and be enlightened', '2016-12-08 22:00:00', '2016-12-08 23:45:00', 'Pippa1479938615.jpg'),
(780, 'COFFEE DRINKERS AT BEVERLY CLEARY SCHOOL', 'Our Lord and Savior Tyler has brought upon this glorious tag.\r\nLet us not let him down and show him we care too.\r\nJoin us at BEVERLY CLEARY SCHOOL, 1915 NE 33RD and be enlightened', '2016-12-03 22:00:00', '2016-12-03 23:45:00', 'Evan1479938628.jpg'),
(781, 'ETHEL PEARSON ELEMENTARY''S SPORTS DAY', 'GOOOOOOOOOAL!!!!!\r\nStarting at 10am ETHEL PEARSON ELEMENTARY will be hosting many sport competitions.\r\nCome over and play from a variety of sports at 500 LOCUST ST all day.', '2016-12-09 10:30:00', '2016-12-09 22:00:00', 'Neil1479938641.jpg'),
(782, 'DUNLAP ELEMENTARY SCHOOL''S EATING COMPETITION', 'Food galore!\r\nCan you eat it all!Eating competitions at DUNLAP ELEMENTARY SCHOOL for hot dogs and sushi!\r\nYES! You heard right, SUSHI! Come to 4525 SOUTH CLOVERDALE ST and register before 2pm!', '2016-12-05 14:45:00', '2016-12-05 18:30:00', 'Neil1479938648.jpg'),
(783, 'HOPE INST LEARNING ACAD HS''S SPORTS DAY', 'GOOOOOOOOOAL!!!!!\r\nStarting at 10am HOPE INST LEARNING ACAD HS will be hosting many sport competitions.\r\nCome over and play from a variety of sports at 1628 WEST WASHINGTON all day.', '2016-12-08 10:30:00', '2016-12-08 22:00:00', 'Andrew1479938661.jpg'),
(784, 'AMELIA EARHART LEARNING CENTER''S EATING COMPETITION', 'Food galore!\r\nCan you eat it all!Eating competitions at AMELIA EARHART LEARNING CENTER for hot dogs and sushi!\r\nYES! You heard right, SUSHI! Come to 3531 NORTH WESTMORELAND RD and register before 2pm!', '2016-12-03 14:45:00', '2016-12-03 18:30:00', 'Andrew1479938667.jpg'),
(785, 'LENOX ELEMENTARY SCHOOL''S MOVIE NIGHT', 'Come join us at LENOX ELEMENTARY SCHOOL to watch movies all night long.\r\nWe''re watching animated and live action movies. Many Many kinds of genres!\r\nCome over at 21200 NW ROCK CREEK BLVD for a fun movie night.', '2016-12-09 18:00:00', '2016-12-09 23:45:00', 'Andrew1479938673.jpg'),
(786, 'COFFEE DRINKERS AT CAPISTRANO ELEMENTARY', 'Our Lord and Savior Tyler has brought upon this glorious tag.\r\nLet us not let him down and show him we care too.\r\nJoin us at CAPISTRANO ELEMENTARY, 400 CAPISTRANO DR and be enlightened', '2016-12-09 22:00:00', '2016-12-09 23:45:00', 'Joanne1479938686.jpg'),
(787, 'COFFEE DRINKERS AT ALBERTA MARTONE ELEMENTARY', 'Our Lord and Savior Tyler has brought upon this glorious tag.\r\nLet us not let him down and show him we care too.\r\nJoin us at ALBERTA MARTONE ELEMENTARY, 1413 POUST RD and be enlightened', '2016-12-03 22:00:00', '2016-12-03 23:45:00', 'Joanne1479938692.jpg'),
(788, 'COOPER ELEMENTARY SCHOOL''S STUDY GROUP', 'COOPER ELEMENTARY SCHOOL is hosting a study group.\r\nMany different subjects will be covered all day long.\r\nVolunteer also at 1901 SW GENESEE ST if you want to help the community.', '2016-12-01 08:00:00', '2016-12-01 16:45:00', 'Warren1479938705.jpg'),
(789, 'W W BUSHMAN ELEMENTARY SCHOOL''S SPORTS DAY', 'GOOOOOOOOOAL!!!!!\r\nStarting at 10am W W BUSHMAN ELEMENTARY SCHOOL will be hosting many sport competitions.\r\nCome over and play from a variety of sports at 4200 BONNIE VIEW RD all day.', '2016-12-06 10:30:00', '2016-12-06 22:00:00', 'Grace1479938717.jpg'),
(790, 'COFFEE DRINKERS AT FRED C. BEYER HIGH', 'Our Lord and Savior Tyler has brought upon this glorious tag.\r\nLet us not let him down and show him we care too.\r\nJoin us at FRED C. BEYER HIGH, 1717 SYLVAN AVE and be enlightened', '2016-12-06 22:00:00', '2016-12-06 23:45:00', 'Grace1479938724.jpg'),
(791, 'JOHN HOPE CONTINUATION''S EATING COMPETITION', 'Food galore!\r\nCan you eat it all!Eating competitions at JOHN HOPE CONTINUATION for hot dogs and sushi!\r\nYES! You heard right, SUSHI! Come to 7840 TOWNE AVE and register before 2pm!', '2016-12-06 14:45:00', '2016-12-06 18:30:00', 'Grace1479938730.jpg'),
(792, 'MANHATTAN VILLAGE ACADEMY''S STUDY GROUP', 'MANHATTAN VILLAGE ACADEMY is hosting a study group.\r\nMany different subjects will be covered all day long.\r\nVolunteer also at 43 WEST 22ND ST if you want to help the community.', '2016-12-04 08:00:00', '2016-12-04 16:45:00', 'Sam1479938743.jpg'),
(793, 'BRIGHTWOOD ES''S MOVIE NIGHT', 'Come join us at BRIGHTWOOD ES to watch movies all night long.\r\nWe''re watching animated and live action movies. Many Many kinds of genres!\r\nCome over at 1300 NICHOLSON ST NW for a fun movie night.', '2016-12-07 18:00:00', '2016-12-07 23:45:00', 'Sam1479938749.jpg'),
(794, 'DEPRIEST ELEM SCHOOL''S EATING COMPETITION', 'Food galore!\r\nCan you eat it all!Eating competitions at DEPRIEST ELEM SCHOOL for hot dogs and sushi!\r\nYES! You heard right, SUSHI! Come to 139 SOUTH PARKSIDE AVE and register before 2pm!', '2016-12-08 14:45:00', '2016-12-08 18:30:00', 'Sam1479938755.jpg'),
(795, 'GATZERT ELEMENTARY SCHOOL''S MOVIE NIGHT', 'Come join us at GATZERT ELEMENTARY SCHOOL to watch movies all night long.\r\nWe''re watching animated and live action movies. Many Many kinds of genres!\r\nCome over at 1301 EAST YESLER WY for a fun movie night.', '2016-12-01 18:00:00', '2016-12-01 23:45:00', 'Stewart1479938768.jpg'),
(796, 'STANTON ES''S EATING COMPETITION', 'Food galore!\r\nCan you eat it all!Eating competitions at STANTON ES for hot dogs and sushi!\r\nYES! You heard right, SUSHI! Come to 2701 NAYLOR RD SE and register before 2pm!', '2016-12-05 14:45:00', '2016-12-05 18:30:00', 'Stewart1479938774.jpg'),
(797, 'ALMADEN ELEMENTARY''S STUDY GROUP', 'ALMADEN ELEMENTARY is hosting a study group.\r\nMany different subjects will be covered all day long.\r\nVolunteer also at 1295 DENTWOOD DR if you want to help the community.', '2016-12-07 08:00:00', '2016-12-07 16:45:00', 'Stewart1479938780.jpg'),
(798, 'WEST WOODLAND ELEMENTARY SCHOOL''S EATING COMPETITION', 'Food galore!\r\nCan you eat it all!Eating competitions at WEST WOODLAND ELEMENTARY SCHOOL for hot dogs and sushi!\r\nYES! You heard right, SUSHI! Come to 5601 4 AV NW and register before 2pm!', '2016-12-09 14:45:00', '2016-12-09 18:30:00', 'Gabrielle1479938793.jpg'),
(799, 'COFFEE DRINKERS AT CITY ARTS AND TECH HIGH', 'Our Lord and Savior Tyler has brought upon this glorious tag.\r\nLet us not let him down and show him we care too.\r\nJoin us at CITY ARTS AND TECH HIGH, 325 LAGRANDE AVE and be enlightened', '2016-12-08 22:00:00', '2016-12-08 23:45:00', 'Gabrielle1479938800.jpg'),
(800, 'CLYDE L. FISCHER MIDDLE''S EATING COMPETITION', 'Food galore!\r\nCan you eat it all!Eating competitions at CLYDE L. FISCHER MIDDLE for hot dogs and sushi!\r\nYES! You heard right, SUSHI! Come to 1720 HOPKINS DR and register before 2pm!', '2016-12-07 14:45:00', '2016-12-07 18:30:00', 'Gabrielle1479938807.jpg');

-- --------------------------------------------------------

--
-- Table structure for table `event_bulletin`
--

CREATE TABLE `event_bulletin` (
  `event_id` bigint(20) NOT NULL,
  `bulletin_id` bigint(20) NOT NULL
) ENGINE=InnoDB DEFAULT CHARSET=latin1;

-- --------------------------------------------------------

--
-- Table structure for table `event_location`
--

CREATE TABLE `event_location` (
  `event_id` bigint(20) NOT NULL,
  `location_id` bigint(20) NOT NULL
) ENGINE=InnoDB DEFAULT CHARSET=latin1;

--
-- Dumping data for table `event_location`
--

INSERT INTO `event_location` (`event_id`, `location_id`) VALUES
(435, 588),
(436, 731),
(437, 732),
(438, 733),
(439, 734),
(440, 735),
(441, 736),
(442, 737),
(443, 738),
(444, 370),
(445, 739),
(446, 644),
(447, 740),
(448, 741),
(449, 742),
(450, 743),
(451, 744),
(452, 650),
(453, 745),
(454, 746),
(455, 747),
(456, 748),
(457, 749),
(458, 750),
(459, 663),
(460, 751),
(461, 752),
(462, 753),
(463, 754),
(464, 755),
(465, 756),
(466, 708),
(467, 757),
(468, 758),
(469, 565),
(470, 759),
(471, 760),
(472, 761),
(473, 591),
(474, 762),
(475, 763),
(476, 764),
(477, 765),
(478, 766),
(479, 432),
(480, 730),
(481, 767),
(482, 768),
(483, 769),
(484, 770),
(485, 521),
(486, 771),
(487, 772),
(488, 394),
(489, 773),
(490, 774),
(491, 457),
(492, 375),
(493, 520),
(494, 775),
(495, 776),
(496, 777),
(497, 778),
(498, 779),
(499, 728),
(500, 780),
(501, 781),
(502, 782),
(503, 783),
(504, 784),
(505, 785),
(506, 468),
(507, 786),
(508, 787),
(509, 788),
(510, 710),
(511, 789),
(512, 790),
(513, 791),
(514, 792),
(515, 793),
(516, 794),
(517, 666),
(518, 795),
(519, 796),
(520, 797),
(521, 798),
(522, 799),
(523, 580),
(524, 800),
(525, 528),
(526, 801),
(527, 802),
(528, 803),
(529, 804),
(530, 805),
(531, 806),
(532, 807),
(533, 808),
(534, 706),
(535, 558),
(536, 809),
(537, 810),
(538, 811),
(539, 812),
(540, 813),
(541, 814),
(542, 815),
(543, 491),
(544, 816),
(545, 817),
(546, 818),
(547, 819),
(548, 447),
(549, 820),
(550, 374),
(551, 821),
(552, 822),
(553, 823),
(554, 824),
(555, 563),
(556, 825),
(557, 826),
(558, 608),
(559, 827),
(560, 828),
(561, 500),
(562, 829),
(563, 830),
(564, 831),
(565, 832),
(566, 833),
(567, 670),
(568, 834),
(569, 835),
(570, 836),
(571, 837),
(572, 838),
(573, 839),
(574, 444),
(575, 840),
(576, 841),
(577, 842),
(578, 843),
(579, 844),
(580, 845),
(581, 846),
(582, 847),
(583, 848),
(584, 849),
(585, 850),
(586, 851),
(587, 852),
(588, 853),
(589, 854),
(590, 855),
(591, 856),
(592, 857),
(593, 858),
(594, 859),
(595, 860),
(596, 861),
(597, 862),
(598, 863),
(599, 864),
(600, 789),
(601, 865),
(602, 866),
(603, 867),
(604, 625),
(605, 868),
(606, 869),
(607, 870),
(608, 394),
(609, 871),
(610, 643),
(611, 552),
(612, 872),
(613, 873),
(614, 874),
(615, 875),
(616, 876),
(617, 877),
(618, 878),
(619, 879),
(620, 880),
(621, 881),
(622, 882),
(623, 883),
(624, 884),
(625, 885),
(626, 886),
(627, 887),
(628, 888),
(629, 889),
(630, 890),
(631, 720),
(632, 891),
(633, 892),
(634, 893),
(635, 894),
(636, 895),
(637, 896),
(638, 897),
(639, 898),
(640, 899),
(641, 698),
(642, 900),
(643, 901),
(644, 902),
(645, 903),
(646, 904),
(647, 905),
(648, 906),
(649, 907),
(650, 908),
(651, 909),
(652, 910),
(653, 911),
(654, 912),
(655, 913),
(656, 509),
(657, 914),
(658, 915),
(659, 383),
(660, 637),
(661, 916),
(662, 917),
(663, 918),
(664, 404),
(665, 919),
(666, 376),
(667, 920),
(668, 564),
(669, 921),
(670, 922),
(671, 923),
(672, 924),
(673, 925),
(674, 926),
(675, 927),
(676, 928),
(677, 929),
(678, 588),
(679, 930),
(680, 931),
(681, 932),
(682, 533),
(683, 933),
(684, 623),
(685, 416),
(686, 934),
(687, 459),
(688, 935),
(689, 605),
(690, 936),
(691, 937),
(692, 938),
(693, 476),
(694, 939),
(695, 501),
(696, 586),
(697, 492),
(698, 940),
(699, 941),
(700, 942),
(701, 453),
(702, 943),
(703, 944),
(704, 945),
(705, 946),
(706, 947),
(707, 948),
(708, 594),
(709, 949),
(710, 950),
(711, 951),
(712, 952),
(713, 953),
(714, 954),
(715, 955),
(716, 956),
(717, 957),
(718, 958),
(719, 959),
(720, 371),
(721, 567),
(722, 960),
(723, 961),
(724, 962),
(725, 963),
(726, 509),
(727, 964),
(728, 368),
(729, 965),
(730, 966),
(731, 480),
(732, 682),
(733, 967),
(734, 604),
(735, 968),
(736, 969),
(737, 970),
(738, 971),
(739, 972),
(740, 973),
(741, 974),
(742, 975),
(743, 423),
(744, 390),
(745, 976),
(746, 977),
(747, 978),
(748, 979),
(749, 980),
(750, 981),
(751, 982),
(752, 440),
(753, 983),
(754, 412),
(755, 984),
(756, 985),
(757, 986),
(758, 987),
(759, 988),
(760, 989),
(761, 986),
(762, 990),
(763, 991),
(764, 992),
(765, 658),
(766, 975),
(767, 993),
(768, 994),
(769, 995),
(770, 880),
(771, 996),
(772, 997),
(773, 646),
(774, 998),
(775, 999),
(776, 1000),
(777, 1001),
(778, 1002),
(779, 1003),
(780, 1004),
(781, 1005),
(782, 1006),
(783, 1007),
(784, 1008),
(785, 395),
(786, 430),
(787, 1009),
(788, 1010),
(789, 1011),
(790, 1012),
(791, 1013),
(792, 1014),
(793, 1015),
(794, 1016),
(795, 1017),
(796, 1018),
(797, 1019),
(798, 1020),
(799, 1021),
(800, 400);

-- --------------------------------------------------------

--
-- Table structure for table `event_owner`
--

CREATE TABLE `event_owner` (
  `event_id` bigint(20) NOT NULL,
  `owner_id` bigint(20) NOT NULL
) ENGINE=InnoDB DEFAULT CHARSET=latin1;

--
-- Dumping data for table `event_owner`
--

INSERT INTO `event_owner` (`event_id`, `owner_id`) VALUES
(435, 4),
(436, 1),
(437, 2),
(438, 2),
(439, 2),
(440, 3),
(441, 3),
(442, 6),
(443, 6),
(444, 6),
(445, 7),
(446, 9),
(447, 12),
(448, 15),
(449, 15),
(450, 15),
(451, 16),
(452, 18),
(453, 21),
(454, 21),
(455, 22),
(456, 23),
(457, 23),
(458, 24),
(459, 24),
(460, 24),
(461, 25),
(462, 25),
(463, 25),
(464, 26),
(465, 27),
(466, 27),
(467, 28),
(468, 29),
(469, 29),
(470, 30),
(471, 30),
(472, 32),
(473, 32),
(474, 33),
(475, 33),
(476, 34),
(477, 34),
(478, 34),
(479, 35),
(480, 37),
(481, 42),
(482, 43),
(483, 43),
(484, 44),
(485, 46),
(486, 46),
(487, 46),
(488, 47),
(489, 48),
(490, 48),
(491, 49),
(492, 49),
(493, 49),
(494, 50),
(495, 50),
(496, 51),
(497, 51),
(498, 53),
(499, 54),
(500, 57),
(501, 58),
(502, 58),
(503, 59),
(504, 60),
(505, 61),
(506, 61),
(507, 61),
(508, 62),
(509, 62),
(510, 62),
(511, 64),
(512, 65),
(513, 67),
(514, 68),
(515, 68),
(516, 69),
(517, 69),
(518, 70),
(519, 70),
(520, 70),
(521, 71),
(522, 71),
(523, 71),
(524, 72),
(525, 72),
(526, 72),
(527, 74),
(528, 74),
(529, 75),
(530, 76),
(531, 77),
(532, 78),
(533, 79),
(534, 80),
(535, 82),
(536, 83),
(537, 83),
(538, 83),
(539, 84),
(540, 84),
(541, 84),
(542, 85),
(543, 85),
(544, 88),
(545, 88),
(546, 88),
(547, 91),
(548, 91),
(549, 91),
(550, 93),
(551, 94),
(552, 94),
(553, 95),
(554, 95),
(555, 96),
(556, 98),
(557, 98),
(558, 98),
(559, 100),
(560, 100),
(561, 100),
(562, 102),
(563, 102),
(564, 102),
(565, 104),
(566, 109),
(567, 110),
(568, 110),
(569, 110),
(570, 111),
(571, 112),
(572, 112),
(573, 114),
(574, 114),
(575, 115),
(576, 115),
(577, 115),
(578, 116),
(579, 119),
(580, 119),
(581, 119),
(582, 121),
(583, 121),
(584, 121),
(585, 122),
(586, 123),
(587, 124),
(588, 124),
(589, 127),
(590, 127),
(591, 127),
(592, 128),
(593, 128),
(594, 128),
(595, 129),
(596, 129),
(597, 129),
(598, 130),
(599, 131),
(600, 132),
(601, 132),
(602, 133),
(603, 133),
(604, 133),
(605, 134),
(606, 134),
(607, 135),
(608, 135),
(609, 135),
(610, 137),
(611, 138),
(612, 138),
(613, 138),
(614, 139),
(615, 139),
(616, 139),
(617, 140),
(618, 141),
(619, 141),
(620, 142),
(621, 142),
(622, 142),
(623, 144),
(624, 144),
(625, 144),
(626, 145),
(627, 145),
(628, 146),
(629, 146),
(630, 147),
(631, 149),
(632, 149),
(633, 149),
(634, 151),
(635, 151),
(636, 153),
(637, 153),
(638, 153),
(639, 154),
(640, 154),
(641, 155),
(642, 156),
(643, 157),
(644, 157),
(645, 157),
(646, 158),
(647, 158),
(648, 159),
(649, 160),
(650, 161),
(651, 161),
(652, 161),
(653, 162),
(654, 163),
(655, 163),
(656, 163),
(657, 164),
(658, 164),
(659, 165),
(660, 166),
(661, 167),
(662, 167),
(663, 167),
(664, 168),
(665, 168),
(666, 168),
(667, 169),
(668, 169),
(669, 169),
(670, 170),
(671, 170),
(672, 171),
(673, 171),
(674, 171),
(675, 172),
(676, 174),
(677, 174),
(678, 176),
(679, 176),
(680, 176),
(681, 177),
(682, 178),
(683, 178),
(684, 178),
(685, 179),
(686, 180),
(687, 182),
(688, 183),
(689, 183),
(690, 183),
(691, 184),
(692, 184),
(693, 184),
(694, 185),
(695, 185),
(696, 185),
(697, 186),
(698, 186),
(699, 186),
(700, 187),
(701, 187),
(702, 189),
(703, 190),
(704, 190),
(705, 192),
(706, 193),
(707, 193),
(708, 195),
(709, 195),
(710, 196),
(711, 196),
(712, 196),
(713, 198),
(714, 198),
(715, 199),
(716, 200),
(717, 200),
(718, 201),
(719, 201),
(720, 203),
(721, 203),
(722, 203),
(723, 204),
(724, 205),
(725, 205),
(726, 206),
(727, 206),
(728, 208),
(729, 208),
(730, 209),
(731, 209),
(732, 209),
(733, 212),
(734, 213),
(735, 213),
(736, 213),
(737, 214),
(738, 214),
(739, 214),
(740, 216),
(741, 216),
(742, 216),
(743, 218),
(744, 219),
(745, 219),
(746, 219),
(747, 220),
(748, 220),
(749, 220),
(750, 221),
(751, 222),
(752, 222),
(753, 222),
(754, 223),
(755, 223),
(756, 224),
(757, 226),
(758, 226),
(759, 227),
(760, 227),
(761, 229),
(762, 229),
(763, 229),
(764, 230),
(765, 230),
(766, 231),
(767, 232),
(768, 233),
(769, 233),
(770, 234),
(771, 234),
(772, 234),
(773, 235),
(774, 235),
(775, 236),
(776, 236),
(777, 239),
(778, 239),
(779, 239),
(780, 240),
(781, 241),
(782, 241),
(783, 242),
(784, 242),
(785, 242),
(786, 243),
(787, 243),
(788, 244),
(789, 246),
(790, 246),
(791, 246),
(792, 247),
(793, 247),
(794, 247),
(795, 249),
(796, 249),
(797, 249),
(798, 250),
(799, 250),
(800, 250);

-- --------------------------------------------------------

--
-- Table structure for table `event_tag`
--

CREATE TABLE `event_tag` (
  `event_id` bigint(20) NOT NULL,
  `tag_id` bigint(20) NOT NULL
) ENGINE=InnoDB DEFAULT CHARSET=latin1;

--
-- Dumping data for table `event_tag`
--

INSERT INTO `event_tag` (`event_id`, `tag_id`) VALUES
(435, 2),
(436, 2),
(437, 2),
(438, 1),
(439, 1),
(440, 4),
(441, 2),
(442, 4),
(443, 2),
(444, 4),
(445, 2),
(446, 4),
(447, 4),
(448, 4),
(449, 2),
(450, 3),
(451, 5),
(452, 1),
(453, 2),
(454, 4),
(455, 3),
(456, 5),
(457, 4),
(458, 5),
(459, 4),
(460, 1),
(461, 2),
(462, 2),
(463, 1),
(464, 4),
(465, 4),
(466, 3),
(467, 4),
(468, 4),
(469, 2),
(470, 1),
(471, 4),
(472, 3),
(473, 5),
(474, 1),
(475, 5),
(476, 3),
(477, 2),
(478, 3),
(479, 5),
(480, 5),
(481, 5),
(482, 4),
(483, 5),
(484, 2),
(485, 3),
(486, 3),
(487, 3),
(488, 5),
(489, 3),
(490, 1),
(491, 3),
(492, 4),
(493, 2),
(494, 4),
(495, 5),
(496, 2),
(497, 4),
(498, 4),
(499, 1),
(500, 5),
(501, 4),
(502, 1),
(503, 1),
(504, 3),
(505, 1),
(506, 2),
(507, 4),
(508, 1),
(509, 1),
(510, 5),
(511, 4),
(512, 3),
(513, 2),
(514, 1),
(515, 1),
(516, 4),
(517, 1),
(518, 3),
(519, 2),
(520, 2),
(521, 2),
(522, 3),
(523, 5),
(524, 2),
(525, 3),
(526, 1),
(527, 5),
(528, 2),
(529, 5),
(530, 5),
(531, 1),
(532, 3),
(533, 4),
(534, 4),
(535, 2),
(536, 1),
(537, 2),
(538, 3),
(539, 1),
(540, 2),
(541, 4),
(542, 5),
(543, 5),
(544, 4),
(545, 2),
(546, 4),
(547, 5),
(548, 4),
(549, 1),
(550, 5),
(551, 1),
(552, 5),
(553, 3),
(554, 5),
(555, 2),
(556, 3),
(557, 4),
(558, 2),
(559, 2),
(560, 2),
(561, 2),
(562, 1),
(563, 4),
(564, 3),
(565, 2),
(566, 4),
(567, 3),
(568, 2),
(569, 5),
(570, 4),
(571, 5),
(572, 3),
(573, 3),
(574, 1),
(575, 5),
(576, 4),
(577, 4),
(578, 2),
(579, 4),
(580, 4),
(581, 5),
(582, 2),
(583, 1),
(584, 1),
(585, 1),
(586, 5),
(587, 1),
(588, 2),
(589, 5),
(590, 1),
(591, 4),
(592, 5),
(593, 5),
(594, 3),
(595, 4),
(596, 3),
(597, 3),
(598, 4),
(599, 3),
(600, 5),
(601, 3),
(602, 1),
(603, 1),
(604, 4),
(605, 1),
(606, 1),
(607, 2),
(608, 1),
(609, 5),
(610, 4),
(611, 1),
(612, 4),
(613, 1),
(614, 1),
(615, 5),
(616, 4),
(617, 5),
(618, 4),
(619, 2),
(620, 5),
(621, 5),
(622, 1),
(623, 5),
(624, 1),
(625, 4),
(626, 3),
(627, 2),
(628, 4),
(629, 5),
(630, 2),
(631, 1),
(632, 2),
(633, 4),
(634, 3),
(635, 5),
(636, 5),
(637, 2),
(638, 1),
(639, 1),
(640, 4),
(641, 2),
(642, 4),
(643, 1),
(644, 5),
(645, 2),
(646, 4),
(647, 4),
(648, 1),
(649, 2),
(650, 3),
(651, 3),
(652, 1),
(653, 3),
(654, 3),
(655, 1),
(656, 4),
(657, 3),
(658, 2),
(659, 4),
(660, 2),
(661, 1),
(662, 3),
(663, 4),
(664, 3),
(665, 2),
(666, 2),
(667, 4),
(668, 5),
(669, 3),
(670, 1),
(671, 4),
(672, 3),
(673, 1),
(674, 2),
(675, 2),
(676, 2),
(677, 3),
(678, 3),
(679, 1),
(680, 3),
(681, 4),
(682, 3),
(683, 5),
(684, 4),
(685, 3),
(686, 1),
(687, 1),
(688, 2),
(689, 1),
(690, 1),
(691, 4),
(692, 4),
(693, 4),
(694, 4),
(695, 3),
(696, 5),
(697, 4),
(698, 4),
(699, 3),
(700, 4),
(701, 3),
(702, 3),
(703, 5),
(704, 2),
(705, 1),
(706, 4),
(707, 1),
(708, 3),
(709, 2),
(710, 2),
(711, 3),
(712, 4),
(713, 4),
(714, 5),
(715, 1),
(716, 5),
(717, 5),
(718, 5),
(719, 4),
(720, 5),
(721, 5),
(722, 3),
(723, 4),
(724, 4),
(725, 1),
(726, 2),
(727, 2),
(728, 2),
(729, 3),
(730, 5),
(731, 3),
(732, 5),
(733, 3),
(734, 4),
(735, 4),
(736, 1),
(737, 3),
(738, 1),
(739, 4),
(740, 1),
(741, 5),
(742, 2),
(743, 5),
(744, 4),
(745, 5),
(746, 2),
(747, 1),
(748, 1),
(749, 2),
(750, 1),
(751, 3),
(752, 1),
(753, 1),
(754, 2),
(755, 3),
(756, 5),
(757, 3),
(758, 5),
(759, 3),
(760, 2),
(761, 5),
(762, 3),
(763, 3),
(764, 5),
(765, 3),
(766, 3),
(767, 5),
(768, 4),
(769, 3),
(770, 3),
(771, 4),
(772, 3),
(773, 3),
(774, 1),
(775, 4),
(776, 4),
(777, 1),
(778, 1),
(779, 5),
(780, 5),
(781, 3),
(782, 4),
(783, 3),
(784, 4),
(785, 1),
(786, 5),
(787, 5),
(788, 2),
(789, 3),
(790, 5),
(791, 4),
(792, 2),
(793, 1),
(794, 4),
(795, 1),
(796, 4),
(797, 2),
(798, 4),
(799, 5),
(800, 4);

-- --------------------------------------------------------

--
-- Table structure for table `location`
--

CREATE TABLE `location` (
  `location_id` bigint(20) NOT NULL,
  `address_one` varchar(255) NOT NULL,
  `address_two` varchar(255) NOT NULL,
  `city` varchar(255) NOT NULL,
  `state` varchar(255) NOT NULL,
  `zipcode` varchar(10) NOT NULL,
  `geolat` varchar(255) NOT NULL,
  `geolng` varchar(255) NOT NULL
) ENGINE=InnoDB DEFAULT CHARSET=latin1;

--
-- Dumping data for table `location`
--

INSERT INTO `location` (`location_id`, `address_one`, `address_two`, `city`, `state`, `zipcode`, `geolat`, `geolng`) VALUES
(46, '', '', 'San Francisco', 'California', '94123', '37.8020405', '-122.4382307'),
(47, '', '', 'San Francisco', 'California', '94116', '37.7432421', '-122.497668'),
(48, '', '', 'San Francisco', 'California', '94133', '37.8059887', '-122.4099154'),
(49, '', '', 'Washington', 'District of Columbia', '20009', '38.9191485', '-77.0362967'),
(50, '', '', 'New York', 'New York', '10020', '40.7605505', '-73.9822683'),
(51, '', '', 'Irving', 'Texas', '75039', '32.8916766', '-96.9477532'),
(52, '', '', 'Miami', 'Florida', '33131', '25.76528', '-80.1847167'),
(53, '', '', 'Los Angeles', 'California', '90059', '33.9287591', '-118.2468148'),
(54, '', '', 'Washington', 'District of Columbia', '20007', '38.9156487', '-77.0737149'),
(55, '', '', 'San Jose', 'California', '95101', '37.3904943', '-121.8854337'),
(56, '', '', 'New York', 'New York', '10162', '40.7694389', '-73.9500145'),
(57, '', '', 'New York', 'New York', '10001', '40.7536854', '-73.9991637'),
(58, '', '', 'Modesto', 'California', '95358', '37.6107909', '-121.1022942'),
(59, '', '', 'Sunnyvale', 'Texas', '75182', '32.8066621', '-96.5463156'),
(60, '', '', 'San Francisco', 'California', '94121', '37.7813454', '-122.497668'),
(61, '', '', 'Dallas', 'Texas', '75228', '32.8276924', '-96.679851'),
(62, '', '', 'Los Angeles', 'California', '90029', '34.0880507', '-118.2965121'),
(63, '', '', 'Miami', 'Florida', '33145', '25.7534663', '-80.2265545'),
(64, '', '', 'Modesto', 'California', '95356', '37.7208684', '-121.0220422'),
(65, '', '', '', 'New York', '10465', '40.8262186', '-73.8242621'),
(66, '', '', 'Chicago', 'Illinois', '60646', '41.9920835', '-87.7615726'),
(67, '', '', 'Seattle', 'Washington', '98195', '47.6508882', '-122.3084023'),
(68, '', '', 'Miami', 'Florida', '33136', '25.7870967', '-80.2042436'),
(69, '', '', 'Harwood Heights', 'Illinois', '60706', '41.9633064', '-87.8107561'),
(70, '', '', 'Portland', 'Oregon', '97212', '45.5419699', '-122.6486134'),
(71, '', '', 'Dallas', 'Texas', '75203', '32.7432998', '-96.7868794'),
(72, '', '', 'Miami', 'Florida', '33129', '25.7564471', '-80.2056382'),
(73, '', '', 'Portland', 'Oregon', '97227', '45.5461375', '-122.6766628'),
(74, '', '', 'Portland', 'Oregon', '97211', '45.5767359', '-122.6386722'),
(75, '', '', 'New York', 'New York', '10039', '40.8288377', '-73.9374517'),
(76, '', '', 'Seattle', 'Washington', '98103', '47.6600087', '-122.3425575'),
(77, '', '', 'San Jose', 'California', '95123', '37.2374847', '-121.8277925'),
(78, '', '', 'Chicago', 'Illinois', '60632', '41.8074687', '-87.7074089'),
(79, '', '', 'New York', 'New York', '10005', '40.6998433', '-74.0072436'),
(80, '', '', 'San Jose', 'California', '95121', '37.302108', '-121.8050125'),
(81, '', '', 'Los Angeles', 'California', '90005', '34.0578814', '-118.3096648'),
(82, '', '', 'Modesto', 'California', '95357', '37.6644618', '-120.8843434'),
(83, '', '', 'Hutchins', 'Texas', '75141', '32.6402238', '-96.7172907'),
(84, '', '', 'Portland', 'Oregon', '97209', '45.5266975', '-122.6880503'),
(85, '', '', 'San Francisco', 'California', '94158', '37.7748363', '-122.3872576'),
(86, '', '', 'Seattle', 'Washington', '98107', '47.6683603', '-122.3769582'),
(87, '', '', 'San Jose', 'California', '95132', '37.4010609', '-121.8643855'),
(88, '', '', '', 'New York', '10464', '40.864318', '-73.7977928'),
(89, '', '', 'Seattle', 'Washington', '98199', '47.6507081', '-122.4067862'),
(90, '', '', 'San Jose', 'California', '95148', '37.3315827', '-121.7708337'),
(91, '', '', 'Los Angeles', 'California', '90071', '34.052996', '-118.2548551'),
(92, '', '', 'New York', 'New York', '10169', '40.7545632', '-73.9759771'),
(93, '', '', 'San Jose', 'California', '95127', '37.373498', '-121.7594384'),
(94, '', '', 'San Jose', 'California', '95135', '37.2751505', '-121.685341'),
(95, '', '', 'Los Angeles', 'California', '90015', '34.0390107', '-118.2672801'),
(96, '', '', 'Modesto', 'California', '95350', '37.6697463', '-120.9991032'),
(97, '', '', 'San Jose', 'California', '95124', '37.2583724', '-121.918866'),
(98, '', '', 'Washington', 'District of Columbia', '20004', '38.8951382', '-77.0226217'),
(99, '', '', 'Chicago', 'Illinois', '60642', '41.9007097', '-87.6531805'),
(100, '', '', 'Elmwood Park', 'Illinois', '60707', '41.9236507', '-87.8107561'),
(101, '', '', 'Modesto', 'California', '95355', '37.6704504', '-120.9302603'),
(102, '', '', 'Seattle', 'Washington', '98154', '47.6061026', '-122.3336658'),
(103, '', '', 'San Jose', 'California', '95139', '37.2257107', '-121.7622874'),
(104, '', '', '', 'New York', '10306', '40.5729336', '-74.1298684'),
(105, '', '', 'Seattle', 'Washington', '98116', '47.5745802', '-122.4047843'),
(106, '', '', 'Portland', 'Oregon', '97217', '45.5908734', '-122.6931698'),
(107, '', '', 'San Jose', 'California', '95133', '37.3964276', '-121.8635892'),
(108, '', '', 'Los Angeles', 'California', '90043', '33.9903827', '-118.3286614'),
(109, '', '', 'Chicago', 'Illinois', '60636', '41.7719816', '-87.6729074'),
(110, '', '', 'Chicago', 'Illinois', '60660', '41.9901263', '-87.663045'),
(111, '', '', 'New York', 'New York', '10002', '40.7135097', '-73.9859414'),
(112, '', '', 'Modesto', 'California', '95354', '37.6346973', '-120.9704234'),
(113, '', '', 'Washington', 'District of Columbia', '20001', '38.912068', '-77.0190228'),
(114, '', '', 'San Francisco', 'California', '94111', '37.7959362', '-122.4000032'),
(115, '', '', 'Los Angeles', 'California', '90067', '34.0571327', '-118.4148498'),
(116, '', '', 'Chicago', 'Illinois', '60601', '41.8839927', '-87.6197056'),
(117, '', '', 'Mount Hamilton', 'California', '95140', '37.385095', '-121.6397184'),
(118, '', '', 'Wylie', 'Texas', '75098', '33.0215727', '-96.5143087'),
(119, '', '', 'Dallas', 'Texas', '75270', '32.7814576', '-96.8019445'),
(120, '', '', 'Seattle', 'Washington', '98102', '47.6338217', '-122.3215448'),
(121, '', '', 'Chicago', 'Illinois', '60607', '41.8733696', '-87.650714'),
(122, '', '', 'Washington', 'District of Columbia', '20012', '38.9836326', '-77.0391754'),
(123, '', '', 'Portland', 'Oregon', '97201', '45.505603', '-122.6882145'),
(124, '', '', 'New York', 'New York', '10033', '40.8557765', '-73.9447994'),
(125, '', '', 'Miami', 'Florida', '33132', '25.7700009', '-80.1679758'),
(126, '', '', 'Washington', 'District of Columbia', '20016', '38.9374808', '-77.0852258'),
(127, '', '', 'Portland', 'Oregon', '97232', '45.5295528', '-122.6463158'),
(128, '', '', 'Mesquite', 'Texas', '75150', '32.824634', '-96.6317461'),
(129, '', '', 'San Francisco', 'California', '94117', '37.7717185', '-122.4438929'),
(130, '', '', 'Chicago', 'Illinois', '60657', '41.9403795', '-87.6531805'),
(131, '', '', 'Miami', 'Florida', '33101', '25.7783254', '-80.1990136'),
(132, '', '', 'Los Angeles', 'California', '90039', '34.1103407', '-118.2585096'),
(133, '', '', 'Park Ridge', 'Illinois', '60068', '42.0085328', '-87.8451527'),
(134, '', '', 'Seattle', 'Washington', '98164', '47.606503', '-122.3323955'),
(135, '', '', 'Los Angeles', 'California', '90025', '34.0448583', '-118.4484367'),
(136, '', '', 'Portland', 'Oregon', '97204', '45.516964', '-122.6732897'),
(137, '', '', 'Chicago', 'Illinois', '60614', '41.9203468', '-87.6433139'),
(138, '', '', '', 'New York', '10474', '40.8050442', '-73.8830701'),
(139, '', '', 'San Francisco', 'California', '94129', '37.793323', '-122.4665384'),
(140, '', '', 'Washington', 'District of Columbia', '20018', '38.9274061', '-76.9729472'),
(141, '', '', 'Garland', 'Texas', '75043', '32.8493511', '-96.5890166'),
(142, '', '', 'San Francisco', 'California', '94127', '37.734646', '-122.463708'),
(143, '', '', 'Washington', 'District of Columbia', '20015', '38.9656971', '-77.0622028'),
(144, '', '', 'Miami', 'Florida', '33127', '25.8105183', '-80.2042436'),
(145, '', '', 'Los Angeles', 'California', '90013', '34.043925', '-118.2424291'),
(146, '', '', 'New York', 'New York', '10037', '40.8140369', '-73.9374517'),
(147, '', '', 'Portland', 'Oregon', '97205', '45.5205043', '-122.707349'),
(148, '', '', 'Washington', 'District of Columbia', '20017', '38.9396261', '-76.9902276'),
(149, '', '', 'Washington', 'District of Columbia', '20010', '38.9339046', '-77.030539'),
(150, '', '', 'Chicago', 'Illinois', '60605', '41.8703314', '-87.6235742'),
(151, '', '', 'Chicago', 'Illinois', '60661', '41.8819283', '-87.6445473'),
(152, '', '', 'Dallas', 'Texas', '75202', '32.7774686', '-96.8042882'),
(153, '', '', 'San Francisco', 'California', '94114', '37.7561438', '-122.4325682'),
(154, '', '', 'Modesto', 'California', '95351', '37.6183927', '-120.9933678'),
(155, '', '', 'Rockwall', 'Texas', '75032', '32.858216', '-96.418385'),
(156, '', '', 'Seattle', 'Washington', '98112', '47.6329523', '-122.2891888'),
(157, '', '', 'New York', 'New York', '10034', '40.8721452', '-73.9212858'),
(158, '', '', 'New York', 'New York', '10153', '40.7638697', '-73.9732294'),
(159, '', '', 'Los Angeles', 'California', '90045', '33.9516114', '-118.3875775'),
(160, '', '', 'San Francisco', 'California', '94130', '37.8229361', '-122.3702611'),
(161, '', '', 'San Jose', 'California', '95128', '37.3189149', '-121.9416226'),
(162, '', '', 'Chicago', 'Illinois', '60625', '41.9711068', '-87.7024817'),
(163, '', '', 'Lancaster', 'Texas', '75134', '32.6356124', '-96.8029489'),
(164, '', '', 'Miami', 'Florida', '33125', '25.7862401', '-80.2349196'),
(165, '', '', 'Washington', 'District of Columbia', '20024', '38.8761083', '-77.0190228'),
(166, '', '', 'New York', 'New York', '10468', '40.8687887', '-73.8977693'),
(167, '', '', 'San Francisco', 'California', '94105', '37.7890183', '-122.3915063'),
(168, '', '', 'New York', 'New York', '10009', '40.7275043', '-73.9800645'),
(169, '', '', 'Los Angeles', 'California', '90003', '33.9657994', '-118.2731269'),
(170, '', '', 'Portland', 'Oregon', '97266', '45.4863921', '-122.5593741'),
(171, '', '', 'Portland', 'Oregon', '97221', '45.4940477', '-122.7323946'),
(172, '', '', 'Los Angeles', 'California', '90047', '33.9519253', '-118.3082034'),
(173, '', '', 'New York', 'New York', '10170', '40.7525629', '-73.976024'),
(174, '', '', 'Lavon', 'Texas', '75166', '33.0083495', '-96.4450158'),
(175, '', '', 'Dallas', 'Texas', '75234', '32.9241691', '-96.8672668'),
(176, '', '', 'Elk Grove Village', 'Illinois', '60007', '42.0113617', '-88.0020589'),
(177, '', '', 'San Francisco', 'California', '94103', '37.7726402', '-122.4099154'),
(178, '', '', 'Portland', 'Oregon', '97215', '45.5162412', '-122.5975269'),
(179, '', '', 'Chicago', 'Illinois', '60631', '41.993029', '-87.8107561'),
(180, '', '', 'New York', 'New York', '10271', '40.7085019', '-74.0110018'),
(181, '', '', 'Seattle', 'Washington', '98105', '47.6614244', '-122.2683743'),
(182, '', '', 'Washington', 'District of Columbia', '20032', '38.8372336', '-77.0161436'),
(183, '', '', 'New York', 'New York', '10463', '40.8803247', '-73.9095279'),
(184, '', '', 'New York', 'New York', '10165', '40.7521822', '-73.9787789'),
(185, '', '', 'Washington', 'District of Columbia', '20008', '38.9451658', '-77.0622028'),
(186, '', '', 'Portland', 'Oregon', '97210', '45.5478224', '-122.7288206'),
(187, '', '', 'New York', 'New York', '10031', '40.8270209', '-73.9506774'),
(188, '', '', 'Dallas', 'Texas', '75208', '32.7457134', '-96.8458204'),
(189, '', '', 'Los Angeles', 'California', '90026', '34.0796167', '-118.2585096'),
(190, '', '', 'Miami Beach', 'Florida', '33139', '25.783312', '-80.1484407'),
(191, '', '', 'Seattle', 'Washington', '98101', '47.6084921', '-122.336407'),
(192, '', '', 'Seattle', 'Washington', '98109', '47.6288591', '-122.3456919'),
(193, '', '', 'Washington', 'District of Columbia', '20019', '38.8910932', '-76.947022'),
(194, '', '', 'Miami', 'Florida', '33137', '25.8207159', '-80.1819268'),
(195, '', '', 'Miami', 'Florida', '33130', '25.7667897', '-80.2070328'),
(196, '', '', 'Rowlett', 'Texas', '75089', '32.9355008', '-96.5516517'),
(197, '', '', 'New York', 'New York', '10112', '40.7590788', '-73.9795135'),
(198, '', '', 'Los Angeles', 'California', '90006', '34.0470832', '-118.2965121'),
(199, '', '', 'Portland', 'Oregon', '97239', '45.4874111', '-122.6875541'),
(200, '', '', 'Miami', 'Florida', '33128', '25.7767549', '-80.2028489'),
(201, '', '', 'Washington', 'District of Columbia', '20036', '38.9080786', '-77.0406147'),
(202, '', '', 'Washington', 'District of Columbia', '20011', '38.9502497', '-77.0161436'),
(203, '', '', 'San Francisco', 'California', '94104', '37.7911148', '-122.4021273'),
(204, '', '', 'Chicago', 'Illinois', '60641', '41.9472058', '-87.7468071'),
(205, '', '', '', 'New York', '10307', '40.5070853', '-74.2443436'),
(206, '', '', 'San Francisco', 'California', '94107', '37.7618242', '-122.3985871'),
(207, '', '', 'Seattle', 'Washington', '98118', '47.5412021', '-122.2675625'),
(208, '', '', 'Chicago', 'Illinois', '60655', '41.6931543', '-87.7123355'),
(209, '', '', 'Dallas', 'Texas', '75231', '32.8798071', '-96.7547522'),
(210, '', '', 'San Jose', 'California', '95119', '37.2318159', '-121.7822278'),
(211, '', '', 'Irving', 'Texas', '75061', '32.8237425', '-96.9584922'),
(212, '', '', 'Portland', 'Oregon', '97218', '45.5775116', '-122.6033377'),
(213, '', '', 'Chicago', 'Illinois', '60647', '41.9215421', '-87.7024817'),
(214, '', '', 'Oregon', 'Wisconsin', '53575', '42.9205564', '-89.3795835'),
(215, '', '', 'Seattle', 'Washington', '98134', '47.583863', '-122.3406748'),
(216, '', '', 'San Jose', 'California', '95126', '37.3290122', '-121.9160211'),
(217, '', '', 'Portland', 'Oregon', '97213', '45.5352835', '-122.6037536'),
(218, '', '', 'San Francisco', 'California', '94122', '37.7597481', '-122.4750292'),
(219, '', '', 'Chicago', 'Illinois', '60653', '41.820267', '-87.603826'),
(220, '', '', 'San Jose', 'California', '95138', '37.2422863', '-121.7309452'),
(221, '', '', 'Portland', 'Oregon', '97203', '45.6008356', '-122.760606'),
(222, '', '', 'Los Angeles', 'California', '90032', '34.0795169', '-118.1766294'),
(223, '', '', 'Dallas', 'Texas', '75235', '32.8296623', '-96.8511814'),
(224, '', '', 'San Francisco', 'California', '94124', '37.7304167', '-122.384425'),
(225, '', '', 'Chicago', 'Illinois', '60621', '41.7713803', '-87.6433139'),
(226, '', '', 'New York', 'New York', '10027', '40.8138912', '-73.9624327'),
(227, '', '', 'Dallas', 'Texas', '75216', '32.7030883', '-96.8029489'),
(228, '', '', 'Dallas', 'Texas', '75225', '32.8695051', '-96.7895574'),
(229, '', '', 'Dallas', 'Texas', '75219', '32.8122051', '-96.8109852'),
(230, '', '', 'Dallas', 'Texas', '75223', '32.7905558', '-96.7440467'),
(231, '', '', 'West Hollywood', 'California', '90069', '34.0931603', '-118.3783347'),
(232, '', '', 'Dallas', 'Texas', '75232', '32.6557784', '-96.8458204'),
(233, '', '', 'New York', 'New York', '10013', '40.7217861', '-74.0094471'),
(234, '', '', 'San Francisco', 'California', '94131', '37.7401042', '-122.4382307'),
(235, '', '', 'San Jose', 'California', '95113', '37.3326639', '-121.8918364'),
(236, '', '', 'San Francisco', 'California', '94115', '37.7877522', '-122.4382307'),
(237, '', '', 'Seattle', 'Washington', '98144', '47.5845757', '-122.303649'),
(238, '', '', 'San Jose', 'California', '95112', '37.3456227', '-121.8847222'),
(239, '', '', 'New York', 'New York', '10029', '40.7916407', '-73.9447994'),
(240, '', '', 'Dallas', 'Texas', '75206', '32.8225166', '-96.7761686'),
(241, '', '', 'Bensenville', 'Illinois', '60106', '41.9508814', '-87.9432837'),
(242, '', '', 'Los Angeles', 'California', '90019', '34.0489277', '-118.3403506'),
(243, '', '', 'Seattle', 'Washington', '98174', '47.6046362', '-122.3354213'),
(244, '', '', 'San Francisco', 'California', '94108', '37.7909427', '-122.4084994'),
(245, '', '', 'Chicago', 'Illinois', '60656', '41.9755524', '-87.803382'),
(246, '', '', 'Portland', 'Oregon', '97216', '45.5161585', '-122.5566479'),
(247, '', '', 'San Francisco', 'California', '94132', '37.7181398', '-122.4863492'),
(248, '', '', 'New York', 'New York', '10110', '40.7535277', '-73.9809365'),
(249, '', '', 'Washington', 'District of Columbia', '20005', '38.908229', '-77.030539'),
(250, '', '', 'Franklin Park', 'Illinois', '60131', '41.9348537', '-87.879523'),
(251, '', '', 'Dallas', 'Texas', '75220', '32.8621631', '-96.8726295'),
(252, '', '', 'Los Angeles', 'California', '90024', '34.0631451', '-118.4367551'),
(253, '', '', 'Seattle', 'Washington', '98122', '47.6087583', '-122.2964235'),
(254, '', '', 'Culver City', 'California', '90230', '33.9933257', '-118.3987842'),
(255, '', '', 'Portland', 'Oregon', '97208', '45.5287071', '-122.678709'),
(256, '', '', 'Los Angeles', 'California', '90022', '33.9862725', '-118.2706849'),
(257, '', '', 'Los Angeles', 'California', '90004', '34.0748887', '-118.3082034'),
(258, '', '', 'New York', 'New York', '10173', '40.754139', '-73.9795135'),
(259, '', '', 'New York', 'New York', '10454', '40.8022594', '-73.9154069'),
(260, '', '', 'San Francisco', 'California', '94110', '37.7485824', '-122.4184108'),
(261, '', '', 'Los Angeles', 'California', '90068', '34.1235157', '-118.3286614'),
(262, '', '', 'Chicago', 'Illinois', '60640', '41.9703133', '-87.663045'),
(263, '', '', 'San Jose', 'California', '95118', '37.2589827', '-121.8847222'),
(264, '', '', 'Dallas', 'Texas', '75243', '32.9087285', '-96.7386946'),
(265, '', '', 'Los Angeles', 'California', '90011', '34.007889', '-118.2585096'),
(266, '', '', 'Seattle', 'Washington', '98126', '47.5762049', '-122.3736284'),
(267, '', '', 'Los Angeles', 'California', '90061', '33.9196443', '-118.2731269'),
(268, '', '', 'New York', 'New York', '10453', '40.8515872', '-73.9154069'),
(269, '', '', 'San Jose', 'California', '95129', '37.3052272', '-121.9871217'),
(270, '', '', 'San Francisco', 'California', '94109', '37.7929789', '-122.4212424'),
(271, '', '', 'Paris', 'le-de-France', '75116', '48.8585799', '2.2847017'),
(272, '', '', 'Dallas', 'Texas', '75212', '32.782978', '-96.8833562'),
(273, '', '', 'Des Plaines', 'Illinois', '60018', '42.0144814', '-87.8991514'),
(274, '', '', 'Los Angeles', 'California', '90058', '34.0063747', '-118.2234229'),
(275, '', '', 'Richardson', 'Texas', '75080', '32.9760294', '-96.7386946'),
(276, '', '', 'Dallas', 'Texas', '75210', '32.765421', '-96.7413706'),
(277, '', '', 'New York', 'New York', '10030', '40.8173411', '-73.9433299'),
(278, '', '', 'Chicago', 'Illinois', '60618', '41.9464283', '-87.7074089'),
(279, '', '', 'San Jose', 'California', '95125', '37.2909813', '-121.8904136'),
(280, '', '', 'New York', 'New York', '10278', '40.7151351', '-74.0039382'),
(281, '', '', 'Plano', 'Texas', '75075', '33.0208716', '-96.7386946'),
(282, '', '', '', 'New York', '10466', '40.8887394', '-73.8477874'),
(283, '', '', 'Schiller Park', 'Illinois', '60176', '41.9545005', '-87.8697056'),
(284, '', '', 'San Francisco', 'California', '94134', '37.7202042', '-122.4099154'),
(285, '', '', 'San Jose', 'California', '95134', '37.4308503', '-121.9529992'),
(286, '', '', 'Chicago', 'Illinois', '60639', '41.9225138', '-87.7517295'),
(287, '', '', '', 'New York', '10459', '40.8285039', '-73.8918897'),
(288, '', '', 'Los Angeles', 'California', '90065', '34.10885', '-118.2234229'),
(289, '', '', 'Chicago', 'Illinois', '60626', '42.0099321', '-87.663045'),
(290, '', '', 'Los Angeles', 'California', '90033', '34.0502898', '-118.2117257'),
(291, '', '', 'Seattle', 'Washington', '98119', '47.6384586', '-122.3674079'),
(292, '', '', 'Los Angeles', 'California', '90020', '34.0655627', '-118.3096648'),
(293, '', '', 'San Francisco', 'California', '94102', '37.7786871', '-122.4212424'),
(294, '', '', 'Chicago', 'Illinois', '60629', '41.7727709', '-87.7123355'),
(295, '', '', 'Chicago', 'Illinois', '60628', '41.6864807', '-87.6285099'),
(296, '', '', 'San Jose', 'California', '95131', '37.3902956', '-121.8961047'),
(297, '', '', 'Seattle', 'Washington', '98177', '47.7398257', '-122.3680128'),
(298, '', '', 'San Francisco', 'California', '94118', '37.7822891', '-122.463708'),
(299, '', '', 'New York', 'New York', '10075', '40.7728432', '-73.9558204'),
(300, '', '', 'San Jose', 'California', '95141', '37.1676857', '-121.7708337'),
(301, '', '', 'Los Angeles', 'California', '90014', '34.0434783', '-118.2519314'),
(302, '', '', 'San Jose', 'California', '95120', '37.1696999', '-121.8448745'),
(303, '', '', 'Los Angeles', 'California', '90034', '34.0324632', '-118.395863'),
(304, '', '', 'Chicago', 'Illinois', '60637', '41.7805099', '-87.603826'),
(305, '', '', 'Chicago', 'Illinois', '60634', '41.947969', '-87.7861711'),
(306, '', '', 'Dallas', 'Texas', '75214', '32.824251', '-96.7440467'),
(307, '', '', '', 'New York', '10312', '40.555548', '-74.1827119'),
(308, '', '', 'Seattle', 'Washington', '98125', '47.7170204', '-122.3009337'),
(309, '', '', 'Chicago', 'Illinois', '60651', '41.9024826', '-87.7418842'),
(310, '', '', 'Cicero', 'Illinois', '60804', '41.8483683', '-87.7664934'),
(311, '', '', 'Dallas', 'Texas', '75246', '32.7962048', '-96.7694752'),
(312, '', '', 'San Jose', 'California', '95117', '37.3120731', '-121.9643745'),
(313, '', '', 'Chicago', 'Illinois', '60609', '41.8062766', '-87.6482474'),
(314, '', '', 'Dallas', 'Texas', '75205', '32.832584', '-96.797592'),
(315, '', '', 'Chicago', 'Illinois', '60630', '41.9720786', '-87.7517295'),
(316, '', '', 'Chicago', 'Illinois', '60623', '41.8475982', '-87.7271123'),
(317, '', '', 'Chicago', 'Illinois', '60620', '41.7470143', '-87.6679765'),
(318, '', '', 'Los Angeles', 'California', '90048', '34.0741548', '-118.3724915'),
(319, '', '', 'Los Angeles', 'California', '90027', '34.1220545', '-118.2935891'),
(320, '', '', 'New York', 'New York', '10279', '40.7122925', '-74.0079447'),
(321, '', '', 'Dallas', 'Texas', '75204', '32.799475', '-96.7868794'),
(322, '', '', '', 'New York', '10456', '40.8310224', '-73.9095279'),
(323, '', '', '', 'New York', '10304', '40.6047352', '-74.0916944'),
(324, '', '', 'Dallas', 'Texas', '75226', '32.7802521', '-96.7788461'),
(325, '', '', 'Dallas', 'Texas', '75207', '32.7891591', '-96.8217017'),
(326, '', '', 'New York', 'New York', '10017', '40.7519846', '-73.9697795'),
(327, '', '', 'Seattle', 'Washington', '98117', '47.6913332', '-122.3824321'),
(328, '', '', '', 'New York', '10471', '40.8971509', '-73.9065883'),
(329, '', '', 'Chicago', 'Illinois', '60659', '41.9909198', '-87.7024817'),
(330, '', '', 'New York', 'New York', '10168', '40.751356', '-73.9773096'),
(331, '', '', 'Dallas', 'Texas', '75218', '32.837779', '-96.7012424'),
(332, '', '', 'Washington', 'District of Columbia', '20006', '38.897244', '-77.0413344'),
(333, '', '', 'Los Angeles', 'California', '90063', '34.0440239', '-118.1854042'),
(334, '', '', 'Seattle', 'Washington', '98121', '47.6152474', '-122.3497446'),
(335, '', '', 'San Francisco', 'California', '94112', '37.7225491', '-122.4410618'),
(336, '', '', '', 'New York', '10472', '40.8300731', '-73.8683697'),
(337, '', '', 'Chicago', 'Illinois', '60615', '41.8003921', '-87.603826'),
(338, '', '', 'Chicago', 'Illinois', '60624', '41.8822489', '-87.7221872'),
(339, '', '', 'New York', 'New York', '10012', '40.7250632', '-73.9976946'),
(340, '', '', 'Chicago', 'Illinois', '60622', '41.9013087', '-87.6827676'),
(341, '', '', 'Seattle', 'Washington', '98133', '47.7393027', '-122.3435336'),
(342, '', '', 'Richardson', 'Texas', '75081', '32.9559018', '-96.6958939'),
(343, '', '', 'Washington', 'District of Columbia', '20002', '38.9052763', '-76.9815877'),
(344, '', '', 'Portland', 'Oregon', '97214', '45.5113506', '-122.6456739'),
(345, '', '', 'Chicago', 'Illinois', '60654', '41.8929153', '-87.6359125'),
(346, '', '', 'San Jose', 'California', '95110', '37.354611', '-121.918866'),
(347, '', '', 'New York', 'New York', '10154', '40.7577789', '-73.9725344'),
(348, '', '', 'Chicago', 'Illinois', '60649', '41.7597921', '-87.564304'),
(349, '', '', 'Los Angeles', 'California', '90066', '34.0050173', '-118.4338345'),
(350, '', '', 'San Jose', 'California', '95116', '37.3558627', '-121.8505679'),
(351, '', '', 'Dallas', 'Texas', '75251', '32.9208727', '-96.7734911'),
(352, '', '', 'Los Angeles', 'California', '90094', '33.9744806', '-118.4177707'),
(353, '', '', 'Los Angeles', 'California', '90010', '34.0625448', '-118.3089341'),
(354, '', '', 'Los Angeles', 'California', '90007', '34.0295114', '-118.2848199'),
(355, '', '', 'Seattle', 'Washington', '98104', '47.6015566', '-122.3323351'),
(356, '', '', 'Dallas', 'Texas', '75236', '32.6901244', '-96.937016'),
(357, '', '', 'New York', 'New York', '10069', '40.7750791', '-73.9932872'),
(358, '', '', 'Dallas', 'Texas', '75209', '32.8538717', '-96.8190224'),
(359, '', '', 'Washington', 'District of Columbia', '20003', '38.8831372', '-76.9902276'),
(360, '', '', 'Los Angeles', 'California', '90057', '34.0617061', '-118.2789735'),
(361, '', '', 'Los Angeles', 'California', '90012', '34.0653347', '-118.243891'),
(362, '', '', 'Seattle', 'Washington', '98115', '47.6849444', '-122.2982224'),
(363, '', '', 'Los Angeles', 'California', '90035', '34.050751', '-118.3841777'),
(364, '', '', 'Dallas', 'Texas', '75252', '33.0008652', '-96.797592'),
(365, '', '', '', 'New York', '10470', '40.8990767', '-73.8683697'),
(366, '', '', 'New York', 'New York', '10010', '40.7388319', '-73.9815337'),
(367, '', '', 'Dallas', 'Texas', '75233', '32.7049103', '-96.8726295'),
(368, '4700 NW 12TH AVE', '', 'Miami', 'Florida', '33127', '25.8183125', '-80.2177508'),
(369, '5839 SW HOOD AVE', '', 'Portland', 'Oregon', '97280', '45.481322', '-122.67513'),
(370, '333 SOUTH BEAUDRY AVE 18TH F', '', 'Los Angeles', 'California', '90017', '34.056212', '-118.2573392'),
(371, '5300 BLAINE ST NE', '', 'Washington', 'District of Columbia', '20019', '38.8917411', '-76.9258818'),
(372, '4621 ROSS AVE', '', 'Dallas', 'Texas', '75204', '32.8050712', '-96.7785417'),
(373, '1037 NW 81ST ST', '', 'Miami', 'Florida', '33150', '25.849668', '-80.214252'),
(374, '3531 22ND ST', '', 'San Francisco', 'California', '94114', '37.754463', '-122.4260675'),
(375, '1201 SOUTH 104TH ST', '', 'Burien', 'Washington', '98168', '47.5094507', '-122.3172071'),
(376, '1100 H ST', '', 'Modesto', 'California', '95354', '37.6393699', '-120.9962402'),
(377, '11212 10TH AVE SW', '', 'Seattle', 'Washington', '98146', '47.5020725', '-122.3461456'),
(378, '1098 HARRISON ST', '', 'San Francisco', 'California', '94103', '37.7760497', '-122.4061102'),
(379, '12250 24TH AVE SOUTH', '', 'Seattle', 'Washington', '98168', '47.4927343', '-122.3009758'),
(380, '100 NORTH WESTERN AVE', '', 'Chicago', 'Illinois', '60612', '41.8837747', '-87.6876137'),
(381, '5218 SOUTH CARPENTER RD', '', 'Modesto', 'California', '95358', '37.561791', '-121.0290532'),
(382, '220 EAST 106TH ST', '', 'New York', 'New York', '10029', '40.7909292', '-73.9439089'),
(383, '185 BERRY ST', '', 'San Francisco', 'California', '94107', '37.7765067', '-122.3920394'),
(384, '136 NORTH WESTERN AVE', '', 'Chicago', 'Illinois', '60612', '41.8842513', '-87.6865802'),
(385, '4210 NE GOING', '', 'Portland', 'Oregon', '97218', '45.5564016', '-122.6200402'),
(386, '760 HILLSDALE AVE', '', 'San Jose', 'California', '95136', '37.2778863', '-121.8659598'),
(387, '1970 CINDERELLA LN', '', 'San Jose', 'California', '95116', '37.344197', '-121.840396'),
(388, '1300 TALLAHASSEE DR', '', 'San Jose', 'California', '95122', '37.345013', '-121.829381'),
(389, '1950 WEST ROOSEVELT RD', '', 'Chicago', 'Illinois', '60608', '41.867202', '-87.6755895'),
(390, '10811 12TH AVE SW', '', 'Burien', 'Washington', '98146', '47.5029954', '-122.3178935'),
(391, '11249 14TH AVE SOUTH', '', 'Seattle', 'Washington', '98168', '47.5019886', '-122.3156924'),
(392, '1448 WEST SUPERIOR ST', '', 'Chicago', 'Illinois', '60642', '41.8952211', '-87.6641844'),
(393, '3212 WEST GEORGE ST', '', 'Chicago', 'Illinois', '60618', '41.9342571', '-87.7079907'),
(394, '555 PORTOLA DR', '', 'San Francisco', 'California', '94131', '37.7454156', '-122.4486465'),
(395, '21200 NW ROCK CREEK BLVD', '', 'Portland', 'Oregon', '97229', '45.5580737', '-122.8940102'),
(396, '1346 FLORIDA AVE NW', '', 'Washington', 'District of Columbia', '20009', '38.9199388', '-77.0311625'),
(397, '11427 3RD AVE SOUTH', '', 'Seattle', 'Washington', '98168', '47.7119978', '-122.3608884'),
(398, '3720 EAST HILLS DR', '', 'San Jose', 'California', '95127', '37.3682084', '-121.8151224'),
(399, '1290 BAL HARBOR DR', '', 'San Jose', 'California', '95122', '37.340192', '-121.8371069'),
(400, '1720 HOPKINS DR', '', 'San Jose', 'California', '95122', '37.337809', '-121.829651'),
(401, '1100 HARVARD ST NW', '', 'Washington', 'District of Columbia', '20009', '38.9263689', '-77.0276499'),
(402, '1 EAST 104TH STSTE 603', '', 'New York', 'New York', '10029', '40.7929785', '-73.951568'),
(403, '18010 8TH AVE SOUTH', '', 'SeaTac', 'Washington', '98148', '47.441115', '-122.322818'),
(404, '2055 SILVER AVE', '', 'San Francisco', 'California', '94124', '37.736183', '-122.399628'),
(405, '1021 MOFFETT RD', '', 'Modesto', 'California', '95351', '37.6140771', '-120.9495038'),
(406, '3900 NORTH LAWNDALE AVE', '', 'Chicago', 'Illinois', '60618', '41.9522637', '-87.7204765'),
(407, '1501 COLUMBIA RD NW', '', 'Washington', 'District of Columbia', '20009', '38.9271214', '-77.0360257'),
(408, '4747 SOUTH MARSHFIELD AV', '', 'Chicago', 'Illinois', '60609', '41.8073824', '-87.6657907'),
(409, '1824 NADINE AVE', '', 'Modesto', 'California', '95351', '37.6128213', '-120.9634662'),
(410, '45 CONKLING ST', '', 'San Francisco', 'California', '94124', '37.7359038', '-122.4017965'),
(411, '709 12TH ST SE', '', 'Washington', 'District of Columbia', '20003', '38.8807813', '-76.9907031'),
(412, '4200 NW 185TH AVE', '', 'Portland', 'Oregon', '97229', '45.549953', '-122.864845'),
(413, '10265 NW CORNELL RD', '', 'Portland', 'Oregon', '97229', '45.5275243', '-122.7829547'),
(414, '325 WEST 12TH', '', 'Dallas', 'Texas', '75208', '32.7416286', '-96.8275896'),
(415, '17 BATTERY PLACE', '', 'New York', 'New York', '10004', '40.7051613', '-74.0159706'),
(416, '125 WEST 115TH STRM 203', '', 'New York', 'New York', '10026', '40.8020612', '-73.95139'),
(417, '1667 EAST 118TH ST', '', 'Los Angeles', 'California', '90059', '33.9262756', '-118.2440876'),
(418, '7250 SW VERMONT', '', 'Portland', 'Oregon', '97223', '45.4760582', '-122.7524861'),
(419, '3255 SW 6TH ST', '', 'Miami', 'Florida', '33135', '25.7670916', '-80.2480738'),
(420, '240 EAST 123RD S1ST FL', '', 'Vancouver', 'Washington', '10035', '45.6233638', '-122.5467974'),
(421, '2910 SOUTH BECKLEY AVE', '', 'Dallas', 'Texas', '75224', '32.7109962', '-96.82255'),
(422, '5225 SW SCHOLLS FERRY RD', '', 'Portland', 'Oregon', '97225', '45.4823101', '-122.7583425'),
(423, '601 NORTH AKARD ST', '', 'Dallas', 'Texas', '75201', '32.7847778', '-96.8010649'),
(424, '145 STANTON ST4TH FL', '', 'New York', 'New York', '10002', '40.7135097', '-73.9859414'),
(425, '1425 EAST 120TH ST', '', 'Los Angeles', 'California', '90059', '33.9238267', '-118.2496481'),
(426, '2036 HATCH RD', '', 'Modesto', 'California', '95351', '37.6092154', '-120.9584584'),
(427, '3670 SW 78TH AVE', '', 'Portland', 'Oregon', '97225', '45.4934598', '-122.7559143'),
(428, '420 EAST 12TH ST', '', 'New York', 'New York', '10009', '40.7291532', '-73.982474'),
(429, '10100 SW INGLEWOOD ST', '', 'Portland', 'Oregon', '97225', '45.502535', '-122.780987'),
(430, '400 CAPISTRANO DR', '', 'Modesto', 'California', '95354', '37.6436863', '-120.9416247'),
(431, '4125 NW 185TH AVE', '', 'Portland', 'Oregon', '97229', '45.5491614', '-122.8685893'),
(432, '3420 EAST ORANGEBURG AVE', '', 'Modesto', 'California', '95355', '37.6626248', '-120.9313895'),
(433, '4011 JOSEPH HARDIN DR', '', 'Dallas', 'Texas', '75236', '32.693489', '-96.89921'),
(434, '1998 NW 143RD AVE', '', 'Portland', 'Oregon', '97229', '45.5331719', '-122.8205311'),
(435, '815 FRAZINE RD', '', 'Modesto', 'California', '95357', '37.6541527', '-120.912288'),
(436, '3060 SW 85TH AVE', '', 'Miami', 'Florida', '33155', '25.741121', '-80.333933'),
(437, '4400 SOUTH R L THORNTON FWY', '', 'Dallas', 'Texas', '75224', '32.6903617', '-96.8217105'),
(438, '277 MAHONEY DR', '', 'San Jose', 'California', '95127', '37.370497', '-121.8145232'),
(439, '2475 VAN WINKLE LN', '', 'San Jose', 'California', '95116', '37.3499867', '-121.831914'),
(440, '440 SOUTH 186TH ST', '', 'Seattle', 'Washington', '98148', '47.436928', '-122.328056'),
(441, '302 BROADWAY AV', '', 'Seattle', 'Washington', '98122', '47.6045691', '-122.3207992'),
(442, '6459 SCYENE RD', '', 'Dallas', 'Texas', '75227', '32.7638727', '-96.7099396'),
(443, '8800 SW LEAHY RD', '', 'Portland', 'Oregon', '97225', '45.515094', '-122.767198'),
(444, '3815 NORTH KEDVALE AVE', '', 'Chicago', 'Illinois', '60641', '41.9504273', '-87.7305266'),
(445, '10715 GARLAND RD', '', 'Dallas', 'Texas', '75218', '32.8450285', '-96.6893458'),
(446, '1745 JUNE AVE', '', 'San Jose', 'California', '95122', '37.330775', '-121.838966'),
(447, '11940 SW LYNNFIELD LN', '', 'Portland', 'Oregon', '97225', '45.5017116', '-122.7999859'),
(448, '1601 TURK ST', '', 'San Francisco', 'California', '94115', '37.7797859', '-122.4360946'),
(449, '11100 SW PARK WAY', '', 'Austin', 'Texas', '97225', '30.2747986', '-97.8976907'),
(450, '722 TENISON MEMORIAL DR', '', 'Dallas', 'Texas', '75223', '32.808057', '-96.737921'),
(451, '13305 SOUTH SAN PEDRO ST', '', 'Los Angeles', 'California', '90061', '33.9107897', '-118.2703325'),
(452, '10205 SW 194TH ST', '', 'Cutler Bay', 'Florida', '33157', '25.588428', '-80.355163'),
(453, '1541 12TH AVE', '', 'San Francisco', 'California', '94122', '37.7591991', '-122.4696914'),
(454, '100 KIRK AVE', '', 'San Jose', 'California', '95127', '37.378155', '-121.824088'),
(455, '145 STANTON ST', '', 'New York', 'New York', '10002', '40.7201848', '-73.9859574'),
(456, '7414 NORTH WOLCOTT AVE', '', 'Chicago', 'Illinois', '60626', '42.0170855', '-87.678031'),
(457, '13840 NW CORNELL RD', '', 'Portland', 'Oregon', '97229', '45.5278513', '-122.8198824'),
(458, '1030 OAK PARK DR', '', 'Dallas', 'Texas', '75232', '32.687862', '-96.8390152'),
(459, '350 BROADWAY ST', '', 'San Francisco', 'California', '94133', '37.7986206', '-122.4031294'),
(460, '13901 NORDYKE DR', '', 'San Jose', 'California', '95127', '37.3591397', '-121.8235376'),
(461, '1638 ANN ARBOR', '', 'Dallas', 'Texas', '75216', '32.694759', '-96.798695'),
(462, '808 NORTH EWING', '', 'Dallas', 'Texas', '75203', '32.7580396', '-96.812362'),
(463, '2050 KAMMERER AVE', '', 'San Jose', 'California', '95116', '37.3511971', '-121.8427349'),
(464, '5212 HWY M', '', 'Edgerton', 'Wisconsin', '53575', '42.8035893', '-89.1060757'),
(465, '4155 NW SALTZMAN RD', '', 'Portland', 'Oregon', '97229', '45.549864', '-122.812033'),
(466, '3151 ORTEGA ST', '', 'San Francisco', 'California', '94122', '37.7510669', '-122.4973191'),
(467, '2000 KAMMERER AVE', '', 'San Jose', 'California', '95116', '37.349516', '-121.8450642'),
(468, '512 NORTH MCCLURE RD', '', 'Modesto', 'California', '95357', '37.6457999', '-120.9286578'),
(469, '400 FRAZINE RD', '', 'Modesto', 'California', '95357', '37.64306', '-120.910608'),
(470, '3500 NORTH HOYNE AVE', '', 'Chicago', 'Illinois', '60618', '41.9453833', '-87.6811506'),
(471, '14141 NW LAIDLAW RD', '', 'Portland', 'Oregon', '97229', '45.5571347', '-122.8225582'),
(472, '3701 HAYNES ST NE', '', 'Washington', 'District of Columbia', '20019', '38.9013653', '-76.9491059'),
(473, '5477 NW SKYCREST PARKWAY', '', 'Portland', 'Oregon', '97229', '45.5602769', '-122.8232172'),
(474, '560 NW 151ST ST', '', 'Miami', 'Florida', '33169', '25.9121498', '-80.2085914'),
(475, '8045 SOUTH KENWOOD AVE', '', 'Chicago', 'Illinois', '60619', '41.7485226', '-87.5912872'),
(476, '614 SW 120TH ST', '', 'Seattle', 'Washington', '98146', '47.4965645', '-122.3426604'),
(477, '5150 WEST GOLDLEAF CIRCLE', '', 'Los Angeles', 'California', '90056', '33.9889715', '-118.3688719'),
(478, '11775 NW MCDANIEL RD', '', 'Portland', 'Oregon', '97229', '45.5396984', '-122.7976087'),
(479, '333 EAST 4TH ST', '', 'New York', 'New York', '10009', '40.7218342', '-73.9787655'),
(480, '6655 NW JOSS AVE', '', 'Portland', 'Oregon', '97229', '45.5685029', '-122.8513053'),
(481, '10327 NW 11TH AVE', '', 'Miami', 'Florida', '33150', '25.8701617', '-80.2150512'),
(482, '2162 24TH AVE', '', 'San Francisco', 'California', '94116', '37.7472812', '-122.4809983'),
(483, '3220 16TH ST NW', '', 'Washington', 'District of Columbia', '20010', '38.9313597', '-77.0367897'),
(484, '9250 SW 52ND TERRACE', '', 'Miami', 'Florida', '33165', '25.7186092', '-80.3443202'),
(485, '1301 V ST NE', '', 'Washington', 'District of Columbia', '20009', '38.9181286', '-77.02962'),
(486, '3311 LUCIAN AVE', '', 'San Jose', 'California', '95127', '37.3809413', '-121.8328352'),
(487, '1824 DAYTONA DR', '', 'San Jose', 'California', '95122', '37.3351293', '-121.827458'),
(488, '2945 NORTH SAWYER AVE', '', 'Chicago', 'Illinois', '60618', '41.93517', '-87.7086961'),
(489, '3930 SHOEMAKE AVE', '', 'Modesto', 'California', '95358', '37.6662983', '-121.0653245'),
(490, '1300 ALLISON ST NW', '', 'Washington', 'District of Columbia', '20011', '38.9444903', '-77.0303622'),
(491, '33 RIGS RD NE', '', 'Washington', 'District of Columbia', '20011', '38.9549207', '-77.006643'),
(492, '1351 NICOLAS ST NW', '', 'Washington', 'District of Columbia', '20011', '38.9604804', '-77.031579'),
(493, '6656 SOUTH NORMAL BLVD', '', 'Chicago', 'Illinois', '60621', '41.773192', '-87.6368399'),
(494, '2800 OCALA AVE', '', 'San Jose', 'California', '95148', '37.3417359', '-121.8163113'),
(495, '10354 SOUTH CHARLES ST', '', 'Chicago', 'Illinois', '60643', '41.705373', '-87.6585146'),
(496, '2828 NORTH KILBOURN AVE', '', 'Chicago', 'Illinois', '60641', '41.9326996', '-87.7398779'),
(497, '5110 NORTH DAMEN AVE', '', 'Chicago', 'Illinois', '60625', '41.9750909', '-87.6803091'),
(498, '2600 LONE STAR DR BOX 5', '', 'New Braunfels', 'Texas', '75212', '29.6671644', '-98.1212275'),
(499, '185 1ST AVE', '', 'New York', 'New York', '10003', '40.7298923', '-73.9842311'),
(500, '18637 8TH AVE SOUTH', '', 'SeaTac', 'Washington', '98148', '47.4352195', '-122.3246093'),
(501, '3920 SHOEMAKE AVE', '', 'Modesto', 'California', '95358', '37.6661731', '-121.0657679'),
(502, '166 ESSEX ST', '', 'New York', 'New York', '10002', '40.7212739', '-73.9863152'),
(503, '730 EAST 12TH ST', '', 'New York', 'New York', '10009', '40.7261465', '-73.9750432'),
(504, '3401 NW 83RD ST', '', 'Miami', 'Florida', '33147', '25.8519041', '-80.2531252'),
(505, '11990 SW 200TH ST', '', 'Miami', 'Florida', '33177', '25.579928', '-80.385867'),
(506, '9700 8TH AVE SW', '', 'Seattle', 'Washington', '98106', '47.5163308', '-122.345316'),
(507, '5 THOMAS CIRCLE NW', '', 'Washington', 'District of Columbia', '20005', '38.9059779', '-77.0321778'),
(508, '149 NORTH WHITE RD', '', 'San Jose', 'California', '95127', '37.3703378', '-121.8320093'),
(509, '121 EAST 3RD ST', '', 'New York', 'New York', '10009', '40.7244039', '-73.9863598'),
(510, '414 SOUTH R L THORNTON', '', 'Dallas', 'Texas', '75203', '32.7523221', '-96.8086088'),
(511, '10505 DENTON DR', '', 'Dallas', 'Texas', '75220', '32.8675674', '-96.8806099'),
(512, '250 23RD AVE', '', 'San Francisco', 'California', '94121', '37.7831238', '-122.4821905'),
(513, '1508 EAST LANGDON RD', '', 'Dallas', 'Texas', '75241', '32.6683557', '-96.7063661'),
(514, '6770 EAST MARGINAL WAY SOUTH', '', 'Seattle', 'Washington', '98108', '47.5430392', '-122.3270088'),
(515, '3000 SOUTH KING DR', '', 'Chicago', 'Illinois', '60616', '41.8403698', '-87.6185119'),
(516, '10351 NW THOMPSON RD', '', 'Portland', 'Oregon', '97229', '45.5456248', '-122.7834335'),
(517, '1673 TERRE COLONY CT', '', 'Dallas', 'Texas', '75212', '32.7720736', '-96.8687445'),
(518, '625 DOUGLAS ST', '', 'San Francisco', 'California', '94114', '37.753751', '-122.4384207'),
(519, '285 DELANCEY ST', '', 'New York', 'New York', '10002', '40.7152934', '-73.9799271'),
(520, '300 WEST KIEST BLVD', '', 'Dallas', 'Texas', '75224', '32.7037224', '-96.827184'),
(521, '105 APTOS AVE', '', 'San Francisco', 'California', '94127', '37.7297658', '-122.4661261'),
(522, '2999 RIDGEMONT AVE', '', 'San Jose', 'California', '95127', '37.345263', '-121.8131569'),
(523, '18009 SE BROOKLYN ST', '', 'Portland', 'Oregon', '97236', '45.5017218', '-122.4776367'),
(524, '17650 SE BROOKLYN ST', '', 'Portland', 'Oregon', '97236', '45.5018119', '-122.4793294'),
(525, '680 LITTLE ST', '', 'Los Angeles', 'California', '90017', '34.05558', '-118.272118'),
(526, '15840 SE TAYLOR ST', '', 'Portland', 'Oregon', '97233', '45.5154401', '-122.5000648'),
(527, '1850 BOYER AVE EAST', '', 'Seattle', 'Washington', '98112', '47.6356005', '-122.3022856'),
(528, '830 SW 116TH ST', '', 'Seattle', 'Washington', '98146', '47.4996572', '-122.3446813'),
(529, '1400 1ST ST NW', '', 'Washington', 'District of Columbia', '20001', '38.9090757', '-77.0132341'),
(530, '2328 SAINT JAMES  PLACE', '', 'Los Angeles', 'California', '90007', '34.0322079', '-118.2789351'),
(531, '15811 SE MAIN ST', '', 'Apple Creek', 'Ohio', '97233', '40.7409592', '-81.8244711'),
(532, '1241 MCGINNESS AVE', '', 'San Jose', 'California', '95127', '37.3498741', '-121.8235248'),
(533, '1546 SE 169TH PLACE', '', 'Portland', 'Oregon', '97233', '45.5113141', '-122.4881626'),
(534, '1345 POTOMAC AVE SE', '', 'Washington', 'District of Columbia', '20003', '38.879337', '-76.986715'),
(535, '7650 SOUTH WOLCOTT AVE', '', 'Chicago', 'Illinois', '60620', '41.7546096', '-87.6714974'),
(536, '2121 NW 5TH ST', '', 'Miami', 'Florida', '33125', '25.7784343', '-80.2306088'),
(537, '293 EAST BROADWAY', '', 'New York', 'New York', '10002', '40.7143013', '-73.9829659'),
(538, '915 WEST MANCHESTER AVE', '', 'Los Angeles', 'California', '90044', '33.960398', '-118.290346'),
(539, '725 19TH ST NE', '', 'Washington', 'District of Columbia', '20002', '38.898544', '-76.976256'),
(540, '5701 RED BIRD CTR DR', '', 'Dallas', 'Texas', '75237', '32.6776834', '-96.8812487'),
(541, '1140 WEST 66TH ST', '', 'Chicago', 'Illinois', '60621', '41.774826', '-87.6537978'),
(542, '10755 SW 160TH ST', '', 'Miami', 'Florida', '33157', '25.621561', '-80.367051'),
(543, '4220 NORTH RICHMOND ST', '', 'Chicago', 'Illinois', '60618', '41.9581759', '-87.7026015'),
(544, '3615 SE 174TH ST', '', 'Portland', 'Oregon', '97236', '45.4963538', '-122.4857925'),
(545, '4095 MINNESOTA AVE NE', '', 'Washington', 'District of Columbia', '20019', '38.897574', '-76.9459338'),
(546, '276 SODEN DR', '', 'Oregon', 'Wisconsin', '53575', '42.9297062', '-89.3819138'),
(547, '680 18TH AVE', '', 'San Francisco', 'California', '94121', '37.7753554', '-122.476425'),
(548, '6901 SOUTH WESTMORELAND RD', '', 'Dallas', 'Texas', '75237', '32.663492', '-96.882302'),
(549, '2524 WEST LEDBETTER DR', '', 'Dallas', 'Texas', '75233', '32.6901557', '-96.8600891'),
(550, '2959 CARLTON AVE NE', '', 'Washington', 'District of Columbia', '20018', '38.9294874', '-76.9662004'),
(551, '831 WEST TENTH ST', '', 'Dallas', 'Texas', '75208', '32.7455099', '-96.8369318'),
(552, '915 BOWEN AVE', '', 'Modesto', 'California', '95350', '37.6751671', '-121.0039847'),
(553, '7300 BRUTON RD', '', 'Dallas', 'Texas', '75217', '32.7486282', '-96.6941964'),
(554, '17630 SE MAIN ST', '', 'Roswell', 'New Mexico', '97233', '33.3766962', '-104.5208512'),
(555, '1000 CAYUGA AVE', '', 'San Francisco', 'California', '94112', '37.7215796', '-122.4407711'),
(556, '4504 ASCOT AVE', '', 'Los Angeles', 'California', '90011', '34.0026754', '-118.2497935'),
(557, '1211 SOUTH HOBART BLVD', '', 'Los Angeles', 'California', '90006', '34.048257', '-118.305542'),
(558, '375 SEVENTH ST', '', 'San Francisco', 'California', '94103', '37.7762168', '-122.4065093'),
(559, '123 RIDGE ST', '', 'New York', 'New York', '10002', '40.7191282', '-73.9832826'),
(560, '6006 SOUTH PEORIA ST', '', 'Chicago', 'Illinois', '60621', '41.7844599', '-87.6478959'),
(561, '909 BRET HARTE  PLACE', '', 'Twain Harte', 'California', '95358', '38.0343125', '-120.2361023'),
(562, '1855 EAST SAN ANTONIO ST', '', 'San Jose', 'California', '95116', '37.3508947', '-121.8517992'),
(563, '4096 MINNESOTA AVE NE', '', 'Washington', 'District of Columbia', '20020', '38.8982965', '-76.9466347'),
(564, '620 MILWAUKEE PLACESE', '', 'Washington', 'District of Columbia', '20032', '38.8482336', '-76.9976677'),
(565, '1135 PARADISE RD', '', 'Modesto', 'California', '95351', '37.619215', '-121.0255525'),
(566, '480 ROUGH AND READY RD', '', 'San Jose', 'California', '95133', '37.375004', '-121.8430669'),
(567, '450 EL VISTA AVE', '', 'Modesto', 'California', '95354', '37.6442229', '-120.956103'),
(568, '100 ATTORNEY ST', '', 'New York', 'New York', '10002', '40.7182302', '-73.9840825'),
(569, '1015 EAST WHEATLAND RD', '', 'Dallas', 'Texas', '75241', '32.6489656', '-96.8089988'),
(570, '151 WEST 30TH ST', '', 'Los Angeles', 'California', '90007', '34.022637', '-118.270833'),
(571, '1930 SE 104TH AVE', '', 'Portland', 'Oregon', '97216', '45.5088262', '-122.5554333'),
(572, '10800 SE WASHINGTON ST', '', 'Portland', 'Oregon', '97216', '45.5173232', '-122.5517939'),
(573, '6103 HOUSTON SCHOOL RD', '', 'Dallas', 'Texas', '75241', '32.673581', '-96.8078869'),
(574, '322 SOUTH AVE 18', '', 'Los Angeles', 'California', '90031', '34.0691611', '-118.2204906'),
(575, '1601 CUNNINGHAM AVE', '', 'San Jose', 'California', '95122', '37.3268005', '-121.835174'),
(576, '5025 NORTH LARAMIE AVE', '', 'Chicago', 'Illinois', '60630', '41.9720396', '-87.7568185'),
(577, '2420 NW 18TH AVE', '', 'Miami', 'Florida', '33142', '25.7989149', '-80.2257991'),
(578, '632 NORTH AVE 50', '', 'Los Angeles', 'California', '90042', '34.1103641', '-118.2065698'),
(579, '25 WEST 47TH ST', '', 'Chicago', 'Illinois', '60609', '41.8083023', '-87.6269884'),
(580, '1035 GILMAN AVE', '', 'San Francisco', 'California', '94124', '37.7183753', '-122.3890251'),
(581, '198 FORSYTH ST3RD FL', '', 'New York', 'New York', '10002', '40.7135097', '-73.9859414'),
(582, '327 CHERRY ST2ND FL', '', 'Arlington', 'Illinois', '10002', '41.4240782', '-89.2149173'),
(583, '200 MONROE ST', '', 'New York', 'New York', '10002', '40.7122514', '-73.9841228'),
(584, '410 8TH ST NW', '', 'Washington', 'District of Columbia', '20004', '38.8953055', '-77.0233079'),
(585, '500 ROUGH AND READY RD', '', 'San Jose', 'California', '95133', '37.3758886', '-121.8439516'),
(586, '515 COLDWELL AVE', '', 'Modesto', 'California', '95354', '37.6528957', '-120.9997499'),
(587, '1050 YORK ST', '', 'San Francisco', 'California', '94110', '37.7554407', '-122.4085742'),
(588, '2641 25TH ST', '', 'San Francisco', 'California', '94110', '37.7516281', '-122.404906'),
(589, '600 EAST 6TH ST', '', 'New York', 'New York', '10009', '40.7237469', '-73.9816019'),
(590, '657 MERCHANT ST', '', 'San Francisco', 'California', '94111', '37.7948242', '-122.4040517'),
(591, '455 ATHENS ST', '', 'San Francisco', 'California', '94112', '37.7207726', '-122.4291005'),
(592, '8301 BRUTON RD', '', 'Dallas', 'Texas', '75217', '32.7498644', '-96.6780494'),
(593, '10327 RYLIE RD', '', 'Dallas', 'Texas', '75217', '32.691563', '-96.6444012'),
(594, '1530 MOUNT VERNON DR', '', 'Modesto', 'California', '95350', '37.6766803', '-121.0176794'),
(595, '8501 BRUTON RD', '', 'Dallas', 'Texas', '75217', '32.7493155', '-96.6748408'),
(596, '6000 16TH AVE SW', '', 'Seattle', 'Washington', '98106', '47.547708', '-122.3527083'),
(597, '1250 SOUTH KING RD', '', 'San Jose', 'California', '95122', '37.3379438', '-121.8401708'),
(598, '442 EAST HOUSTON ST', '', 'New York', 'New York', '10002', '40.7198704', '-73.9773763'),
(599, '4211 OAKWOOD AVE', '', 'Los Angeles', 'California', '90004', '34.0778897', '-118.2995233'),
(600, '101 T ST NE', '', 'Washington', 'District of Columbia', '20002', '38.914235', '-77.005475'),
(601, '11995 FORESTGATE DR', '', 'Dallas', 'Texas', '75243', '32.9092112', '-96.7005833'),
(602, '3151 WEST WALNUT ST', '', 'Chicago', 'Illinois', '60612', '41.8851078', '-87.7048888'),
(603, '8212 SOUTH 118TH ST', '', 'Seattle', 'Washington', '98178', '47.497996', '-122.2294654'),
(604, '50 DARIEN WAY', '', 'San Francisco', 'California', '94127', '37.7315894', '-122.47091'),
(605, '100 PEABODY ST NW', '', 'Washington', 'District of Columbia', '20011', '38.9623344', '-77.0126091'),
(606, '2210 RIVERSIDE DR', '', 'Los Angeles', 'California', '90039', '34.1018272', '-118.2519529'),
(607, '4257 NORTH TRIPP AVE', '', 'Chicago', 'Illinois', '60641', '41.958895', '-87.733679'),
(608, '6130 NORTH CAPITOL ST NW', '', 'Washington', 'District of Columbia', '20002', '38.9648395', '-77.0098088'),
(609, '111 COLUMBIA ST', '', 'New York', 'New York', '10002', '40.7195002', '-73.9792392'),
(610, '1027 45TH ST NE', '', 'Washington', 'District of Columbia', '20019', '38.904173', '-76.937087'),
(611, '2602 WEST ILLINOIS AVE', '', 'Dallas', 'Texas', '75233', '32.7199995', '-96.8634018'),
(612, '6418 SOUTH 124TH ST', '', 'Seattle', 'Washington', '98178', '47.4924956', '-122.2527845'),
(613, '622 SUNNYSIDE', '', 'Dallas', 'Texas', '75211', '32.7391013', '-96.8882372'),
(614, '3730 NORTH OAKLEY AVE', '', 'Chicago', 'Illinois', '60618', '41.9494917', '-87.6865742'),
(615, '1225 SW 97TH AVE', '', 'Miami', 'Florida', '33174', '25.757389', '-80.350792'),
(616, '6801 GRADY NIBLO RD', '', 'Dallas', 'Texas', '75236', '32.686837', '-96.937306'),
(617, '12500 SE RAMONA ST', '', 'Portland', 'Oregon', '97236', '45.4794874', '-122.5346485'),
(618, '10115 SOUTH PRAIRIE AVE', '', 'Chicago', 'Illinois', '60628', '41.7105248', '-87.6169857'),
(619, '1745 VINEYARD AVE', '', 'Los Angeles', 'California', '90019', '34.043014', '-118.339686'),
(620, '1937 WEST WHITMORE AVE', '', 'Modesto', 'California', '95358', '37.595396', '-121.022247'),
(621, '120 SOUTH EMERALD AVE', '', 'Modesto', 'California', '95351', '37.637527', '-121.0201491'),
(622, '2851 GAY AVE', '', 'San Jose', 'California', '95127', '37.369403', '-121.836358'),
(623, '1851 9TH ST NW', '', 'Washington', 'District of Columbia', '20001', '38.9153791', '-77.0236584'),
(624, '950 CLAY ST', '', 'San Francisco', 'California', '94108', '37.7939734', '-122.4094711'),
(625, '1220 WEST ORANGEBURG AVE', '', 'Modesto', 'California', '95350', '37.6636404', '-121.0112134'),
(626, '3030 WEST ARTHINGTON ST', '', 'Chicago', 'Illinois', '60612', '41.8703061', '-87.7023'),
(627, '465 MISSOURI ST', '', 'San Francisco', 'California', '94107', '37.76067', '-122.3958785'),
(628, '220 HENRY ST', '', 'New York', 'New York', '10002', '40.7133429', '-73.9860695'),
(629, '2611 WEST 52ND ST', '', 'Los Angeles', 'California', '90043', '33.9955625', '-118.3219766'),
(630, '4235 19TH ST', '', 'San Francisco', 'California', '94114', '37.7590234', '-122.4364841'),
(631, '9101 SOUTH EUCLID AVE', '', 'Chicago', 'Illinois', '60617', '41.729207', '-87.5763834'),
(632, '7400 SOUTH 115TH ST', '', 'Seattle', 'Washington', '98178', '47.4999784', '-122.240081'),
(633, '610 EAST 12TH ST', '', 'New York', 'New York', '10009', '40.7277257', '-73.9783818'),
(634, '693 VERMONT ST', '', 'San Francisco', 'California', '94107', '37.7616204', '-122.403887'),
(635, '7955 SW 152ND ST', '', 'Palmetto Bay', 'Florida', '33157', '25.6301706', '-80.3223664');
INSERT INTO `location` (`location_id`, `address_one`, `address_two`, `city`, `state`, `zipcode`, `geolat`, `geolng`) VALUES
(636, '5600 EAST CAPITOL ST NE', '', 'Washington', 'District of Columbia', '20019', '38.8902854', '-76.9199181'),
(637, '1811 TERESA ST', '', 'Modesto', 'California', '95350', '37.665925', '-121.025388'),
(638, '6801 SW 24TH ST', '', 'Miami', 'Florida', '33155', '25.748727', '-80.305897'),
(639, '1420 WEST GRACE ST', '', 'Chicago', 'Illinois', '60613', '41.9509477', '-87.6650058'),
(640, '7800 SOUTH 132ND ST', '', 'Seattle', 'Washington', '98178', '47.4854093', '-122.2364939'),
(641, '3732 MYRTLE ST', '', 'Dallas', 'Texas', '75215', '32.7626426', '-96.7618881'),
(642, '1950 SW 13TH AVE', '', 'Miami', 'Florida', '33145', '25.7538691', '-80.2166029'),
(643, '1800 ENCINA AVE', '', 'Modesto', 'California', '95354', '37.644634', '-120.9675414'),
(644, '1328 FORIDA AVE NW', '', 'Washington', 'District of Columbia', '20009', '38.9201092', '-77.030712'),
(645, '2355 ONTARIO RD NW', '', 'Washington', 'District of Columbia', '20009', '38.9213717', '-77.0401079'),
(646, '2920 MIDDLEBORO  PLACE', '', 'Modesto', 'California', '95355', '37.6578114', '-120.9409481'),
(647, '423 BURROWS ST', '', 'San Francisco', 'California', '94134', '37.7277831', '-122.4075501'),
(648, '20210 CORAL SEA RD', '', 'Cutler Bay', 'Florida', '33189', '25.5791927', '-80.3541869'),
(649, '3200 SOUTH LANCASTER RD', '', 'Dallas', 'Texas', '75216', '32.7094729', '-96.8008987'),
(650, '12839 SE HOLGATE BLVD', '', 'Portland', 'Oregon', '97236', '45.4904251', '-122.5317728'),
(651, '126 EAST BLOOM ST', '', 'Los Angeles', 'California', '90012', '34.0643581', '-118.2303937'),
(652, '13132 SE RAMONA ST', '', 'Portland', 'Oregon', '97236', '45.4786693', '-122.5273151'),
(653, '70 DELTA ST', '', 'San Francisco', 'California', '94134', '37.7184012', '-122.4075482'),
(654, '1781 OLIVETREE DR', '', 'San Jose', 'California', '95131', '37.3977717', '-121.8800132'),
(655, '4605 LIVE OAK ST', '', 'Dallas', 'Texas', '75204', '32.8011423', '-96.775024'),
(656, '12320 80TH AVE SOUTH', '', 'Seattle', 'Washington', '98178', '47.4920705', '-122.2317131'),
(657, '5400 SW 112TH COURT', '', 'Miami', 'Florida', '33165', '25.7165749', '-80.3766085'),
(658, '13200 SE LINCOLN ST', '', 'Portland', 'Oregon', '97233', '45.5082866', '-122.5263255'),
(659, '12900 NE GLISAN ST', '', 'Portland', 'Oregon', '97230', '45.5255884', '-122.5305716'),
(660, '2550 GREENGATE DR', '', 'San Jose', 'California', '95132', '37.394137', '-121.8645173'),
(661, '2095 WARMWOOD LN', '', 'San Jose', 'California', '95132', '37.4141312', '-121.8711802'),
(662, '1900 SE 117TH AVE', '', 'Portland', 'Oregon', '97216', '45.5099168', '-122.5415256'),
(663, '65 CHENERY ST', '', 'San Francisco', 'California', '94131', '37.7402134', '-122.4248397'),
(664, '145 SE 117TH AVE', '', 'Portland', 'Oregon', '97216', '45.5212508', '-122.5439776'),
(665, '5012 SW GENESEE ST', '', 'Seattle', 'Washington', '98116', '47.565725', '-122.396758'),
(666, '1419 COLUMBIA RD NW', '', 'Washington', 'District of Columbia', '20009', '38.9277635', '-77.033298'),
(667, '1855 MAJESTIC WAY', '', 'San Jose', 'California', '95132', '37.4106576', '-121.8581508'),
(668, '5635 BRYAN ST', '', 'Dallas', 'Texas', '75204', '32.806949', '-96.7642205'),
(669, '4605 LIVE OAK', '', 'Dallas', 'Texas', '75204', '32.8011423', '-96.775024'),
(670, '1530 43RD AVE', '', 'San Francisco', 'California', '94122', '37.7582726', '-122.5020033'),
(671, '7050 SOUTH MAY ST', '', 'Chicago', 'Illinois', '60621', '41.7657146', '-87.6534178'),
(672, '4400 INTERLAKE AVE NORTH', '', 'Seattle', 'Washington', '98103', '47.6599356', '-122.3398423'),
(673, '314 NW 12TH ST', '', 'Miami', 'Florida', '33136', '25.7853918', '-80.2008073'),
(674, '6110 28 AV NW', '', 'Seattle', 'Washington', '98107', '47.6735299', '-122.3910337'),
(675, '2921 SE 116TH AVE', '', 'Portland', 'Oregon', '97266', '45.5014528', '-122.5432958'),
(676, '707 EMERALD AVE', '', 'Modesto', 'California', '95351', '37.6326299', '-121.0226176'),
(677, '1001 SE 135TH AVE', '', 'Portland', 'Oregon', '97233', '45.5156648', '-122.5262244'),
(678, '125 SUNSET', '', 'Dallas', 'Texas', '75208', '32.7445583', '-96.8239634'),
(679, '1970 MORRILL AVE', '', 'San Jose', 'California', '95132', '37.4102055', '-121.8695182'),
(680, '6125 POPPY PEAK DR', '', 'Los Angeles', 'California', '90042', '34.1285735', '-118.1867159'),
(681, '1118 ARAGON AVE', '', 'Los Angeles', 'California', '90065', '34.094857', '-118.225535'),
(682, '515 SUTTER AVE', '', 'Modesto', 'California', '95351', '37.623323', '-121.012888'),
(683, '1215 LUCERNE AVE', '', 'Gustine', 'California', '95350', '37.257056', '-121.00717'),
(684, '12800 ABRAMS RD', '', 'Dallas', 'Texas', '75243', '32.920826', '-96.734742'),
(685, '1821 ROBERTSON RD', '', 'Modesto', 'California', '95351', '37.6136526', '-121.0193558'),
(686, '1775 NW 60TH ST', '', 'Miami', 'Florida', '33142', '25.8303829', '-80.2263293'),
(687, '6710 NORTH WASHTENAW AVE', '', 'Chicago', 'Illinois', '60645', '42.0039664', '-87.6979523'),
(688, '525 EAST HOUSTON ST', '', 'New York', 'New York', '10002', '40.7180919', '-73.9760746'),
(689, '1411 NORTH PEAK ST', '', 'Dallas', 'Texas', '75204', '32.799082', '-96.780035'),
(690, '505 NW 20TH ST', '', 'Miami', 'Florida', '33127', '25.796292', '-80.203405'),
(691, '3955 SE 112TH AVE', '', 'Portland', 'Oregon', '97266', '45.4940445', '-122.5489937'),
(692, '3466 GROSSMONT DR', '', 'San Jose', 'California', '95132', '37.3942531', '-121.8383632'),
(693, '7736 SOUTH BURNHAM AVE', '', 'Chicago', 'Illinois', '60649', '41.7548658', '-87.5577767'),
(694, '3150 WEST ADAMS BLVD', '', 'Los Angeles', 'California', '90018', '34.0326364', '-118.3183111'),
(695, '11411 SOUTH EGGLESTON AV', '', 'Chicago', 'Illinois', '60628', '41.6863684', '-87.6334077'),
(696, '4750 NW 22ND AVE', '', 'Miami', 'Florida', '33142', '25.8181264', '-80.2331628'),
(697, '500 NW 67TH ST', '', 'Miami', 'Florida', '33150', '25.8357043', '-80.2048513'),
(698, '1330 COLLEGE AVE', '', 'Modesto', 'California', '95350', '37.6631207', '-121.0067473'),
(699, '1717 SEVENTH AVE', '', 'Los Angeles', 'California', '90019', '34.040299', '-118.325424'),
(700, '4251 NORTH CLARENDON AVE', '', 'Chicago', 'Illinois', '60613', '41.9600422', '-87.6492392'),
(701, '8915 SOUTH HAMPTON RD', '', 'Dallas', 'Texas', '75232', '32.639473', '-96.85821'),
(702, '2190 POWELL ST', '', 'San Francisco', 'California', '94133', '37.8044836', '-122.4114034'),
(703, '651 SIXTH AVE', '', 'San Francisco', 'California', '94118', '37.7761741', '-122.4643203'),
(704, '3010 59 AV SW', '', 'Seattle', 'Washington', '98116', '47.5774272', '-122.4074041'),
(705, '1447 EAST 45TH ST', '', 'Los Angeles', 'California', '90011', '34.0032689', '-118.2486979'),
(706, '1375 EAST ST NE', '', 'Washington', 'District of Columbia', '20002', '38.895719', '-76.986356'),
(707, '4115 16TH ST NW', '', 'Washington', 'District of Columbia', '20011', '38.9412735', '-77.0358717'),
(708, '1120 ROSE AVE', '', 'Modesto', 'California', '95355', '37.658845', '-120.964958'),
(709, '2760 EAST TRIMBLE RD', '', 'San Jose', 'California', '95132', '37.4090273', '-121.8813289'),
(710, '955 PIEDMONT RD', '', 'San Jose', 'California', '95132', '37.391111', '-121.8428992'),
(711, '8001 SW 36TH ST', '', 'Miami', 'Florida', '33155', '25.737361', '-80.32547'),
(712, '448 WEST 56TH ST', '', 'New York', 'New York', '10019', '40.7680319', '-73.988604'),
(713, '3271 SILVER LAKE BLVD', '', 'Los Angeles', 'California', '90039', '34.115704', '-118.254944'),
(714, '1150 FRANCISCO ST', '', 'San Francisco', 'California', '94109', '37.8034362', '-122.424013'),
(715, '100 SCHOOL AVE', '', 'Modesto', 'California', '95351', '37.612876', '-120.992446'),
(716, '1895 NW 75TH ST', '', 'Miami', 'Florida', '33147', '25.84427', '-80.2283099'),
(717, '1401 TURLOCK LN', '', 'San Jose', 'California', '95132', '37.4001294', '-121.856584'),
(718, '11530 12 AV NE', '', 'Mitchellville', 'Iowa', '98125', '41.6009317', '-93.360014'),
(719, '3155 KIMLEE DR', '', 'San Jose', 'California', '95132', '37.4037766', '-121.856474'),
(720, '420 FILBERT ST', '', 'San Francisco', 'California', '94133', '37.8019401', '-122.4067833'),
(721, '4120 11TH AVE', '', 'Los Angeles', 'California', '90008', '34.0094148', '-118.3291435'),
(722, '2723 NORTH FAIRFIELD AVE', '', 'Chicago', 'Illinois', '60647', '41.931012', '-87.6960427'),
(723, '13940 SOUTH SAN PEDRO ST', '', 'Los Angeles', 'California', '90061', '33.9049987', '-118.2684432'),
(724, '1100 SUMMERDALE DR', '', 'San Jose', 'California', '95132', '37.3898584', '-121.8514089'),
(725, '3800 NORTH NEW ENGLAND', '', 'Chicago', 'Illinois', '60634', '41.949675', '-87.7989339'),
(726, '3701 SW 104 ST', '', 'Seattle', 'Washington', '98146', '47.5095279', '-122.3781449'),
(727, '8375 SW 16TH ST', '', 'Miami', 'Florida', '33155', '25.755741', '-80.3304504'),
(728, '1600 SOUTH COLUMBIAN WY', '', 'Seattle', 'Washington', '98108', '47.5640958', '-122.3120601'),
(729, '1400 SE 135TH', '', 'Portland', 'Oregon', '97233', '45.5130432', '-122.5239292'),
(730, '5421 RODEO RD', '', 'Los Angeles', 'California', '90016', '34.022506', '-118.365295'),
(731, '1325 SONOMA AVE', '', 'Modesto', 'California', '95355', '37.6626065', '-120.9491086'),
(732, '55 NORTH SEVENTH ST', '', 'San Jose', 'California', '95112', '37.3394747', '-121.8851842'),
(733, '735 WEST END AVE', '', 'New York', 'New York', '10025', '40.7951104', '-73.9739883'),
(734, '3920 NORTH KERBY AVE', '', 'Portland', 'Oregon', '97227', '45.5514653', '-122.6717285'),
(735, '2550 34 AV WEST', '', 'Seattle', 'Washington', '98199', '47.6428433', '-122.3996952'),
(736, '11025 SW 84TH ST', '', 'Miami', 'Florida', '33173', '25.690274', '-80.3707453'),
(737, '549 AUDUBON AVE', '', 'New York', 'New York', '10040', '40.8562127', '-73.9265543'),
(738, '4000 SOUTH MAIN ST', '', 'Los Angeles', 'California', '90037', '34.0104694', '-118.2737963'),
(739, '13000 VENICE BLVD', '', 'Los Angeles', 'California', '90066', '33.9970577', '-118.4457512'),
(740, '4530 46 AV NE', '', 'Seattle', 'Washington', '98105', '47.6622329', '-122.2778793'),
(741, '3900 NORTHVIEW DR', '', 'Modesto', 'California', '95355', '37.695198', '-120.967265'),
(742, '610 NORTH FRANKLIN', '', 'Dallas', 'Texas', '75211', '32.7510164', '-96.8596158'),
(743, '8300 SOUTH ST LOUIS A', '', 'Chicago', 'Illinois', '60652', '41.7418901', '-87.7099618'),
(744, '4450 MCCOY AVE', '', 'San Jose', 'California', '95130', '37.2760185', '-121.9825106'),
(745, '1000 COFFEE RD', '', 'Modesto', 'California', '95355', '37.6571702', '-120.9751402'),
(746, '1450 NE 2ND AVE', '', 'Miami', 'Florida', '33132', '25.7889987', '-80.1909638'),
(747, '1410 NE 66 ST', '', 'Seattle', 'Washington', '98115', '47.6773876', '-122.3133614'),
(748, '3219 O ST NW', '', 'Washington', 'District of Columbia', '20007', '38.9081992', '-77.0648106'),
(749, '2300 SOUTH RAVINIA DR', '', 'Dallas', 'Texas', '75211', '32.7225245', '-96.8681449'),
(750, '106 WEST 9 ST', '', 'Hialeah', 'Florida', '33010', '25.829579', '-80.283807'),
(751, '1234 NORTH MONTICELLO AV', '', 'Chicago', 'Illinois', '60651', '41.9040722', '-87.7182183'),
(752, '2728 SOUTH KOSTNER AVE', '', 'Chicago', 'Illinois', '60623', '41.8412173', '-87.7344897'),
(753, '1855 NORTH MAIN ST', '', 'Los Angeles', 'California', '90031', '34.0665833', '-118.2198076'),
(754, '500 WEST 138TH ST', '', 'New York', 'New York', '10031', '40.8209878', '-73.9529951'),
(755, '234 WEST 109TH ST', '', 'New York', 'New York', '10025', '40.802678', '-73.96595'),
(756, '6017 FRANKLIN AVE', '', 'Los Angeles', 'California', '90028', '34.1058128', '-118.3206796'),
(757, '9501 20 AV NE', '', 'Seattle', 'Washington', '98115', '47.6985053', '-122.3075542'),
(758, '1431 NORTH LEAMINGTON AV', '', 'Chicago', 'Illinois', '60651', '41.9070671', '-87.7543186'),
(759, '5420 NORTH INTERSTATE AVE', '', 'Portland', 'Oregon', '97217', '45.5621872', '-122.6816104'),
(760, '2101 MILLMAR DR', '', 'Dallas', 'Texas', '75228', '32.8276799', '-96.6811658'),
(761, '90 TRINITY PLACE', '', 'New York', 'New York', '10006', '40.7089829', '-74.0124667'),
(762, '2300 WEST 64TH ST', '', 'Chicago', 'Illinois', '60636', '41.7780041', '-87.6816214'),
(763, '9565 MERCER DR', '', 'Dallas', 'Texas', '75228', '32.8254667', '-96.6936113'),
(764, '3750 18TH ST', '', 'San Francisco', 'California', '94114', '37.7617166', '-122.4273151'),
(765, '7711 43 AV NE', '', 'Seattle', 'Washington', '98115', '47.6856291', '-122.2826413'),
(766, '1643 WEST BRYN MAWR AVE', '', 'Chicago', 'Illinois', '60660', '41.9832766', '-87.6712351'),
(767, '2508 NE EVERETT', '', 'Portland', 'Oregon', '97232', '45.5245854', '-122.6401527'),
(768, '3001 NW 2 AVE', '', 'Miami', 'Florida', '33127', '25.805284', '-80.198751'),
(769, '727 GOLDEN GATE AVE', '', 'San Francisco', 'California', '94102', '37.7803759', '-122.4228331'),
(770, '908 WAHLER  PLACE SE', '', 'Washington', 'District of Columbia', '20032', '38.834427', '-76.9924085'),
(771, '301 21 AV EAST', '', 'Seattle', 'Washington', '98112', '47.6221945', '-122.3053784'),
(772, '2450 WEST RICE ST', '', 'Chicago', 'Illinois', '60622', '41.8970977', '-87.6885334'),
(773, '4600 BROADWAY', '', 'New York', 'New York', '10040', '40.8608196', '-73.9300663'),
(774, '2245 NE 36TH AVE', '', 'Portland', 'Oregon', '97212', '45.539044', '-122.6270592'),
(775, '420 CALERO AVE', '', 'San Jose', 'California', '95123', '37.241321', '-121.826631'),
(776, '5101 WEST HARRISON ST', '', 'Chicago', 'Illinois', '60644', '41.8724677', '-87.7526628'),
(777, '1835 CUNNINGHAM AVE', '', 'San Jose', 'California', '95122', '37.3323884', '-121.8296676'),
(778, '920 F ST NE', '', 'Washington', 'District of Columbia', '20002', '38.8976365', '-76.9931809'),
(779, '3000 HILLBROOK ST', '', 'Dallas', 'Texas', '75214', '32.8259192', '-96.7436956'),
(780, '443 BURNETT AVE', '', 'San Francisco', 'California', '94131', '37.7544104', '-122.4439716'),
(781, '10650 SOUTH EBERHART AVE', '', 'Chicago', 'Illinois', '60628', '41.7002756', '-87.6116202'),
(782, '2375 NE 203RD ST', '', 'Miami', 'Florida', '33180', '25.9640098', '-80.1542014'),
(783, '622 GAUNDABERT LN', '', 'San Jose', 'California', '95136', '37.2589333', '-121.855066'),
(784, '3830 SE 14TH AVE', '', 'Portland', 'Oregon', '97202', '45.4949818', '-122.6508899'),
(785, '5200 WEST VIRGINIA AVE', '', 'Los Angeles', 'California', '90029', '34.091666', '-118.3028793'),
(786, '1515 EAST 104TH ST', '', 'Los Angeles', 'California', '90002', '33.942514', '-118.247027'),
(787, '3845 SOUTH CAPITOL ST SW', '', 'Washington', 'District of Columbia', '20032', '38.8341523', '-77.0088402'),
(788, '411 EAST 76TH ST', '', 'New York', 'New York', '10021', '40.770282', '-73.953267'),
(789, '1500 BISCAYNE BLVD', '', 'Miami', 'Florida', '33132', '25.7897554', '-80.1899083'),
(790, '1790 EDUCATIONAL PARK DR', '', 'San Jose', 'California', '95133', '37.368663', '-121.8601679'),
(791, '2302 SOUTH GRAMERCY  PLACE', '', 'Los Angeles', 'California', '90018', '34.0358401', '-118.3129751'),
(792, '2200 DENNISON ST', '', 'Dallas', 'Texas', '75212', '32.7814441', '-96.8586019'),
(793, '1515 NORTH JIM MILLER RD', '', 'Dallas', 'Texas', '75217', '32.7391117', '-96.7013746'),
(794, '3012 GEORGIA AVE NW', '', 'Washington', 'District of Columbia', '20001', '38.9285372', '-77.0237871'),
(795, '4801 BENNING RD SE', '', 'Washington', 'District of Columbia', '20019', '38.8826376', '-76.9343991'),
(796, '7615 COWAN AVE', '', 'Los Angeles', 'California', '90045', '33.9726543', '-118.4054288'),
(797, '4915 NORTH GANTENBEIN AVE', '', 'Portland', 'Oregon', '97217', '45.5584822', '-122.6696997'),
(798, '11905 NORTH MIAMI AVE', '', 'Miami', 'Florida', '33168', '25.8854124', '-80.197296'),
(799, '3453 FLAIR DR', '', 'Dallas', 'Texas', '75229', '32.9038506', '-96.8613448'),
(800, '1900 MAID MARIANE LN', '', 'Modesto', 'California', '95355', '37.6716673', '-120.9280169'),
(801, '701 EDGEWOOD ST NE', '', 'Washington', 'District of Columbia', '20017', '38.9247765', '-76.9959848'),
(802, '133 NORTH ST AUGUSTINE DR', '', 'Dallas', 'Texas', '75217', '32.7131995', '-96.6576896'),
(803, '333 SOUTH BEAUDRY AVE 25TH F', '', 'Los Angeles', 'California', '90017', '34.056212', '-118.2573392'),
(804, '660 K ST NE', '', 'Washington', 'District of Columbia', '20002', '38.9029977', '-76.9969383'),
(805, '15750 SW 47 ST', '', 'Miami', 'Florida', '33185', '25.7198984', '-80.4489886'),
(806, '2615 WEST COLORADO BLVD', '', 'Dallas', 'Texas', '75211', '32.760623', '-96.8650309'),
(807, '3555 GRANADA AVE', '', 'Dallas', 'Texas', '75205', '32.8407856', '-96.7909407'),
(808, '19400 GULFSTREAM RD', '', 'Cutler Bay', 'Florida', '33157', '25.5882246', '-80.3496822'),
(809, '2908 METROPOLITAN AVE', '', 'Dallas', 'Texas', '75215', '32.7656094', '-96.7600104'),
(810, '20900 SW 97TH AVE', '', 'Cutler Bay', 'Florida', '33189', '25.573006', '-80.349033'),
(811, '7525 SW 24TH ST', '', 'Miami', 'Florida', '33155', '25.7493908', '-80.3180087'),
(812, '7900 SE DUKE ST', '', 'Portland', 'Oregon', '97206', '45.4752036', '-122.5823833'),
(813, '4430 H ST SE', '', 'Washington', 'District of Columbia', '20019', '38.8790702', '-76.9379095'),
(814, '850 26TH ST NE', '', 'Washington', 'District of Columbia', '20002', '38.9026911', '-76.9708894'),
(815, '5950 NW 114 AVE', '', 'Doral', 'Florida', '33178', '25.827487', '-80.382975'),
(816, '175 WEST 134TH ST', '', 'New York', 'New York', '10030', '40.8142585', '-73.9426617'),
(817, '8815 SEWARD PARK AV SOUTH', '', 'Seattle', 'Washington', '98118', '47.5243753', '-122.2661133'),
(818, '419 EAST 66TH ST', '', 'New York', 'New York', '10021', '40.763806', '-73.957725'),
(819, '1673 TERRE COLONY', '', 'Dallas', 'Texas', '75212', '32.7720736', '-96.8687445'),
(820, '1050 EAST 52ND  PLACE', '', 'Los Angeles', 'California', '90011', '33.9948409', '-118.2574351'),
(821, '2412 WARM SPRINGS DR', '', 'Modesto', 'California', '95350', '37.6980876', '-121.0384475'),
(822, '2445 3RD AV SOUTH', '', 'Seattle', 'Washington', '98134', '47.5817378', '-122.3305536'),
(823, '3429 45TH AVE SW', '', 'Seattle', 'Washington', '98116', '47.5725308', '-122.3907689'),
(824, '4436 SOUTH UNION AVE', '', 'Chicago', 'Illinois', '60609', '41.8134221', '-87.6432494'),
(825, '4730 SOUTH LANCASTER RD', '', 'Dallas', 'Texas', '75216', '32.6916152', '-96.7906317'),
(826, '240 WEST 113TH ST', '', 'New York', 'New York', '10026', '40.8016506', '-73.9552947'),
(827, '4342 ALPHA ST', '', 'Los Angeles', 'California', '90032', '34.095657', '-118.158512'),
(828, '1931 KIERNAN AVE', '', 'Modesto', 'California', '95356', '37.712299', '-121.028146'),
(829, '2450 SW 1ST ST', '', 'Miami', 'Florida', '33135', '25.770472', '-80.2358579'),
(830, '2627 SW STEPHENSON ST', '', 'Portland', 'Oregon', '97219', '45.4408396', '-122.7041954'),
(831, '755 MORSE ST', '', 'San Francisco', 'California', '94112', '37.7107704', '-122.446951'),
(832, '163 WEST 97TH ST', '', 'New York', 'New York', '10025', '40.7949452', '-73.9685351'),
(833, '8307 MEADOW', '', 'Dallas', 'Texas', '75231', '32.8879212', '-96.7612606'),
(834, '8524 SOUTH GREEN ST', '', 'Chicago', 'Illinois', '60620', '41.7387531', '-87.6453401'),
(835, '3101 FINE AVE', '', 'Modesto', 'California', '95355', '37.6827696', '-120.9267953'),
(836, '4701 SE BUSH ST', '', 'Portland', 'Oregon', '97206', '45.495449', '-122.6137951'),
(837, '7740 34 AVE SW', '', 'Seattle', 'Washington', '98126', '47.5327938', '-122.3747815'),
(838, '165 GRATTAN ST', '', 'San Francisco', 'California', '94117', '37.7636166', '-122.4504949'),
(839, '3113 SOUTH RHODES AVE', '', 'Chicago', 'Illinois', '60616', '41.8378996', '-87.6133643'),
(840, '640 WEST SCOTT ST', '', 'Chicago', 'Illinois', '60610', '41.9053683', '-87.6448227'),
(841, '5511 15 AVE SOUTH', '', 'Seattle', 'Washington', '98108', '47.5523623', '-122.314021'),
(842, '14445 NW CHARLTON RD', '', 'Portland', 'Oregon', '97231', '45.655713', '-122.826149'),
(843, '6130 SILBERMAN AVE', '', 'San Jose', 'California', '95120', '37.2283561', '-121.8802103'),
(844, '224 NORTH CENTRAL AVE', '', 'Chicago', 'Illinois', '60644', '41.8849716', '-87.7650473'),
(845, '1280 KOCH LN', '', 'San Jose', 'California', '95125', '37.2805668', '-121.8878512'),
(846, '2414 MAYBERRY ST', '', 'Los Angeles', 'California', '90026', '34.0841236', '-118.2653353'),
(847, '2215 BLUE GUM AVE', '', 'Modesto', 'California', '95358', '37.6622352', '-121.043017'),
(848, '8401 SW 17TH AVE', '', 'Portland', 'Oregon', '97219', '45.4640574', '-122.6959409'),
(849, '501 RIGGS RD NE', '', 'Washington', 'District of Columbia', '20011', '38.9597849', '-76.9997759'),
(850, '625 WEST 133RD ST', '', 'New York', 'New York', '10027', '40.8197643', '-73.9572398'),
(851, '6200 ENCINAL DR', '', 'San Jose', 'California', '95119', '37.234487', '-121.7951398'),
(852, '615 SOUTH SHATTO  PLACE', '', 'Los Angeles', 'California', '90005', '34.0631952', '-118.2902095'),
(853, '1503 10TH ST NW', '', 'Washington', 'District of Columbia', '20001', '38.9106173', '-77.0252248'),
(854, '1959 NE PACIFIC ST', '', 'Seattle', 'Washington', '98195', '47.6506935', '-122.3091341'),
(855, '1700 EAST UNION ST', '', 'Seattle', 'Washington', '98122', '47.6131379', '-122.3094749'),
(856, '2245 JONES ST', '', 'San Francisco', 'California', '94133', '37.8022272', '-122.4164239'),
(857, '641 NORSEMAN DR', '', 'Modesto', 'California', '95357', '37.6482162', '-120.9189226'),
(858, '3047 15TH ST NW', '', 'Washington', 'District of Columbia', '20009', '38.9285225', '-77.0357768'),
(859, '1200 WEST RUMBLE RD', '', 'Modesto', 'California', '95350', '37.6812885', '-121.010285'),
(860, '4545 TOLAND WAY', '', 'Los Angeles', 'California', '90041', '34.121375', '-118.217651'),
(861, '3003 NE 75 ST', '', 'Seattle', 'Washington', '98115', '47.682082', '-122.2944838'),
(862, '456 NORTH PERRY PARKWAY', '', 'Oregon', 'Wisconsin', '53575', '42.9326948', '-89.3721424'),
(863, '2306 WEST MAYPOLE AVE', '', 'Chicago', 'Illinois', '60612', '41.8841724', '-87.6849027'),
(864, '6610 SAN IGNACIO AVE', '', 'San Jose', 'California', '95119', '37.2265289', '-121.790673'),
(865, '442 EAST HOUSTON STRM 312', '', 'New York', 'New York', '10002', '40.7196415', '-73.9774227'),
(866, '2025 14 AV SOUTH', '', 'Seattle', 'Washington', '98144', '47.5850893', '-122.3153663'),
(867, '13100 SOUTH DOTY AVE', '', 'Chicago', 'Illinois', '60827', '41.6566146', '-87.5893536'),
(868, '280 MARTINVALE LN', '', 'San Jose', 'California', '95119', '37.2238651', '-121.7831284'),
(869, '819 RUMBLE RD', '', 'Modesto', 'California', '95350', '37.682872', '-120.9838703'),
(870, '34 WEST 118TH ST2ND FL', '', 'Wildrose', 'North Dakota', '10026', '48.5685883', '-103.233465'),
(871, '258 SUNOL ST', '', 'San Jose', 'California', '95126', '37.3247501', '-121.9055305'),
(872, '325 SANCHEZ ST', '', 'San Francisco', 'California', '94114', '37.7634673', '-122.4305102'),
(873, '5300 CARTER AVE', '', 'San Jose', 'California', '95118', '37.2437133', '-121.9022067'),
(874, '7350 WEST PRATT AVE', '', 'Chicago', 'Illinois', '60631', '42.0046525', '-87.8108201'),
(875, '2265 EAST 103RD ST', '', 'Los Angeles', 'California', '90002', '33.944503', '-118.23114'),
(876, '71 HESTER ST', '', 'New York', 'New York', '10002', '40.716136', '-73.9908411'),
(877, '2908 COFFEE RD', '', 'Modesto', 'California', '95355', '37.6807469', '-120.974428'),
(878, '3920 BLUE BIRD DR', '', 'Modesto', 'California', '95356', '37.69559', '-121.057337'),
(879, '1920 BLADENSHURG RD NE', '', 'Washington', 'District of Columbia', '20002', '38.9164261', '-76.9737654'),
(880, '219 EAST 109TH ST', '', 'New York', 'New York', '10029', '40.7931298', '-73.9418125'),
(881, '100 WEST 77TH ST', '', 'New York', 'New York', '10024', '40.7810814', '-73.9780846'),
(882, '3200 SENTER RD', '', 'San Jose', 'California', '95111', '37.2924905', '-121.8313803'),
(883, '4300 13TH ST NW', '', 'Washington', 'District of Columbia', '20011', '38.94344', '-77.03121'),
(884, '1944 FLINT AVE', '', 'San Jose', 'California', '95148', '37.3465098', '-121.8004548'),
(885, '4650 BENNING RD SE', '', 'Washington', 'District of Columbia', '20019', '38.8839187', '-76.9336948'),
(886, '4312 BERENICE AVE', '', 'Los Angeles', 'California', '90031', '34.091679', '-118.202342'),
(887, '525 WEST 50TH ST', '', 'New York', 'New York', '10019', '40.7655928', '-73.9929852'),
(888, '241 ONIEDA AVE 301', '', 'San Francisco', 'California', '94112', '37.7216711', '-122.4429315'),
(889, '93 NAGLE AVE', '', 'New York', 'New York', '10040', '40.8600515', '-73.9276015'),
(890, '6800 SOUTH STEWART AVE', '', 'Chicago', 'Illinois', '60621', '41.7708441', '-87.6325857'),
(891, '320 WEST 21ST ST', '', 'New York', 'New York', '10011', '40.7445487', '-74.0007372'),
(892, '2009 WEST SCHILLER ST', '', 'Chicago', 'Illinois', '60622', '41.9068861', '-87.6780938'),
(893, '10845 SOUTH UNION AVE', '', 'Chicago', 'Illinois', '60628', '41.6964204', '-87.6397648'),
(894, '12425 SW 72 ST', '', 'Miami', 'Florida', '33183', '25.701546', '-80.394945'),
(895, '2410 SOUTH LEAVITT ST', '', 'Chicago', 'Illinois', '60608', '41.8479002', '-87.6812235'),
(896, '1865 WEST MONTVALE', '', 'Chicago', 'Illinois', '60643', '41.689107', '-87.669517'),
(897, '2501 M.L. KING AVE SE', '', 'Washington', 'District of Columbia', '20020', '38.8600148', '-76.9952947'),
(898, '998 SW FIRST ST', '', 'Miami', 'Florida', '33130', '25.7723663', '-80.2111855'),
(899, '4810 36TH ST NW', '', 'Washington', 'District of Columbia', '20008', '38.9527132', '-77.0704556'),
(900, '1290 RIDDER PARK DR', '', 'San Jose', 'California', '95131', '37.383909', '-121.9002343'),
(901, '4100 39 AV SOUTH', '', 'Seattle', 'Washington', '98118', '47.5657427', '-122.2833658'),
(902, '6011 SOUTH ROCKWELL ST', '', 'Chicago', 'Illinois', '60629', '41.7840429', '-87.6880978'),
(903, '34 WEST 14TH ST', '', 'New York', 'New York', '10011', '40.7365859', '-73.9954734'),
(904, '4600 SPRING AVE', '', 'Dallas', 'Texas', '75210', '32.7745275', '-96.7405577'),
(905, '950 WEST 33RD PLACE', '', 'Chicago', 'Illinois', '60608', '41.8340484', '-87.6500959'),
(906, '711 NORTH ST NW', '', 'Washington', 'District of Columbia', '20001', '38.9074837', '-77.0224536'),
(907, '270 WEST 70TH ST', '', 'New York', 'New York', '10023', '40.7777661', '-73.9847365'),
(908, '1710 NORTH HUMBOLDT ST', '', 'Portland', 'Oregon', '97217', '45.5576313', '-122.6855506'),
(909, '460 ARGUELLO BLVD', '', 'San Francisco', 'California', '94118', '37.7822946', '-122.4588248'),
(910, '730 NORTH PULASKI RD', '', 'Chicago', 'Illinois', '60624', '41.8941496', '-87.7264621'),
(911, '431 CAPITOL AVE', '', 'San Francisco', 'California', '94112', '37.7146245', '-122.4597756'),
(912, '4055 WEST ARTHINGTON ST', '', 'Chicago', 'Illinois', '60624', '41.8695716', '-87.7270826'),
(913, '1290 RIDDER PARK DR MC271', '', 'San Jose', 'California', '95131', '37.3902956', '-121.8961047'),
(914, '7001 SOUTH SAINT ANDREWS  PLAC', '', 'Los Angeles', 'California', '90047', '33.976593', '-118.312259'),
(915, '1060 KEY AVE', '', 'San Francisco', 'California', '94124', '37.719533', '-122.3961702'),
(916, '7326 SE FLAVEL ST', '', 'Portland', 'Oregon', '97206', '45.4681157', '-122.5875623'),
(917, '2276 SE 41ST AVE', '', 'Portland', 'Oregon', '97214', '45.5065526', '-122.6198558'),
(918, '1655 EAST 27TH ST', '', 'Los Angeles', 'California', '90011', '34.0126946', '-118.2439786'),
(919, '469 AMALIA AVE', '', 'East Los Angeles', 'California', '90022', '34.0273521', '-118.1544535'),
(920, '2421 CARLTON AVE', '', 'San Jose', 'California', '95124', '37.2476044', '-121.9459032'),
(921, '1503 EAST CAPITOL ST SE', '', 'Washington', 'District of Columbia', '20003', '38.8897871', '-76.9831831'),
(922, '11133 CHARNOCK RD', '', 'Los Angeles', 'California', '90034', '34.0176527', '-118.4198175'),
(923, '3928 SOUTH GRAHAM ST', '', 'Seattle', 'Washington', '98118', '47.5466329', '-122.2820932'),
(924, '100 HESTER ST', '', 'New York', 'New York', '10002', '40.7162131', '-73.9935545'),
(925, '1111 SOUTH PERRY PARKWAY', '', 'Oregon', 'Wisconsin', '53575', '42.9179604', '-89.390399'),
(926, '7733 SE RAYMOND ST', '', 'Portland', 'Oregon', '97206', '45.4870115', '-122.583501'),
(927, '127 EAST 22ND ST', '', 'New York', 'New York', '10010', '40.7390954', '-73.985349'),
(928, '19340 NW 8TH COURT', '', 'Miami', 'Florida', '33169', '25.9522473', '-80.2171428'),
(929, '504 NE 95 ST', '', 'Seattle', 'Washington', '98115', '47.6982079', '-122.3212309'),
(930, '4057 5 AV NE', '', 'Seattle', 'Washington', '98105', '47.6570513', '-122.3240553'),
(931, '1725 LAS VEGAS ST', '', 'Modesto', 'California', '95358', '37.60461', '-121.003203'),
(932, '15130 SW 80 ST', '', 'Miami', 'Florida', '33193', '25.6943914', '-80.3637987'),
(933, '5625 SOUTH MOBILE AVE', '', 'Chicago', 'Illinois', '60638', '41.7902142', '-87.7790243'),
(934, '1575 15TH ST', '', 'San Francisco', 'California', '94103', '37.7661381', '-122.4189189'),
(935, '3000 PENNSYLVANIA AV SE', '', 'Washington', 'District of Columbia', '20020', '38.8711371', '-76.9638478'),
(936, '4401 8TH ST NE', '', 'Washington', 'District of Columbia', '20017', '38.9430337', '-76.9944091'),
(937, '7000 HOLLY HILL DR', '', 'Dallas', 'Texas', '75231', '32.8730596', '-96.7621837'),
(938, '820 TOWNE AVE', '', 'Los Angeles', 'California', '90021', '34.035898', '-118.247779'),
(939, '3301 SOUTH HORTON ST', '', 'Seattle', 'Washington', '98144', '47.5732992', '-122.2907134'),
(940, '1418 NW 65 ST', '', 'Seattle', 'Washington', '98117', '47.676859', '-122.374338'),
(941, '514 NW 77TH ST', '', 'Miami', 'Florida', '33150', '25.8445809', '-80.2054677'),
(942, '901 BOYNTON AVE', '', 'San Jose', 'California', '95117', '37.310489', '-121.9662643'),
(943, '6633 PARADISE RD', '', 'Modesto', 'California', '95358', '37.6088918', '-121.114868'),
(944, '8700 STULTS RD', '', 'Dallas', 'Texas', '75243', '32.9044632', '-96.7537447'),
(945, '5105 SE 97TH AVE', '', 'Portland', 'Oregon', '97266', '45.4860491', '-122.5642338'),
(946, '2650 42ND AVE', '', 'San Francisco', 'California', '94116', '37.7372915', '-122.4998967'),
(947, '2481 WEST 11TH ST', '', 'Los Angeles', 'California', '90006', '34.050999', '-118.286892'),
(948, '19 EAST 103RD ST', '', 'New York', 'New York', '10029', '40.7923039', '-73.9514494'),
(949, '7507 SE YAMHILL ST', '', 'Portland', 'Oregon', '97215', '45.516569', '-122.5858954'),
(950, '707 HERNDON RD', '', 'Modesto', 'California', '95351', '37.6195049', '-120.976875'),
(951, '2714 WEST AUGUSTA BLVD', '', 'Chicago', 'Illinois', '60622', '41.8994704', '-87.6948413'),
(952, '5625 NORTH MCVICKER AVE', '', 'Chicago', 'Illinois', '60646', '41.983825', '-87.778619'),
(953, '15900 SW 56TH ST', '', 'Miami', 'Florida', '33185', '25.7126998', '-80.4520245'),
(954, '2911 DELMAR AVE', '', 'Dallas', 'Texas', '75206', '32.8243686', '-96.7668546'),
(955, '5252 WEST PALMER ST', '', 'Chicago', 'Illinois', '60639', '41.9211098', '-87.7578772'),
(956, '4001 CAPITOL AVE', '', 'Dallas', 'Texas', '75204', '32.8074145', '-96.7874969'),
(957, '9811 SOUTH LOWE AVE', '', 'Chicago', 'Illinois', '60628', '41.7156457', '-87.6389693'),
(958, '1421 PINE ST', '', 'San Francisco', 'California', '94109', '37.789525', '-122.4192423'),
(959, '500 CLARENDON AVE', '', 'San Francisco', 'California', '94131', '37.7536422', '-122.4561658'),
(960, '4046 NORTH LEAVITT ST', '', 'Chicago', 'Illinois', '60618', '41.9554175', '-87.6839971'),
(961, '231 SOUTH ALMA AVE', '', 'Los Angeles', 'California', '90063', '34.0340353', '-118.1911302'),
(962, '6760 34 AV SW', '', 'Seattle', 'Washington', '98126', '47.5417122', '-122.3737235'),
(963, '546 NE 12TH AVE', '', 'Portland', 'Oregon', '97232', '45.5273088', '-122.6522285'),
(964, '2720 NE 85 ST', '', 'Seattle', 'Washington', '98115', '47.6905946', '-122.2970849'),
(965, '2401 SOUTH IRVING ST', '', 'Seattle', 'Washington', '98144', '47.5909054', '-122.2993793'),
(966, '1440 SUNRISE AVE', '', 'Modesto', 'California', '95350', '37.6652261', '-120.9833864'),
(967, '3999 8TH ST SE', '', 'Washington', 'District of Columbia', '20032', '38.8324938', '-76.9953011'),
(968, '111 EAST 33RD ST', '', 'New York', 'New York', '10016', '40.7464334', '-73.9810279'),
(969, '3101 13TH ST NW', '', 'Washington', 'District of Columbia', '20010', '38.92886', '-77.0292235'),
(970, '1190 SW 2ND ST', '', 'Miami', 'Florida', '33130', '25.7710881', '-80.2135382'),
(971, '3361 CALIFORNIA AVE', '', 'Modesto', 'California', '95358', '37.6242065', '-121.0550891'),
(972, '555 TOMPKINS AVE', '', 'San Francisco', 'California', '94110', '37.7373495', '-122.4131319'),
(973, '2355 FOLSOM ST', '', 'San Francisco', 'California', '94110', '37.7595332', '-122.4146285'),
(974, '9373 WHITEHURST DR', '', 'Dallas', 'Texas', '75243', '32.9013461', '-96.7394332'),
(975, '6 EDGECOMBE AVE', '', 'New York', 'New York', '10030', '40.8172823', '-73.9472381'),
(976, '5505 SW 23RD AVE', '', 'Portland', 'Oregon', '97239', '45.4825599', '-122.7014007'),
(977, '3311 NE 60 ST', '', 'Seattle', 'Washington', '98115', '47.6713282', '-122.2919188'),
(978, '6941 NORTH CENTRAL ST', '', 'Portland', 'Oregon', '97203', '45.5900012', '-122.7385873'),
(979, '5800 SE DIVISION ST', '', 'Portland', 'Oregon', '97206', '45.5050305', '-122.6049222'),
(980, '5215 46 AVE SOUTH', '', 'Seattle', 'Washington', '98118', '47.5546949', '-122.2762853'),
(981, '121 6TH AVE', '', 'New York', 'New York', '10013', '40.7240859', '-74.0052646'),
(982, '240 CONVENT AVE', '', 'New York', 'New York', '10031', '40.8213947', '-73.9488459'),
(983, '6740 SOUTH PAULINA ST', '', 'Chicago', 'Illinois', '60636', '41.7711047', '-87.6666989'),
(984, '4415 SOUTH 150TH ST', '', 'Tukwila', 'Washington', '98188', '47.4680715', '-122.2766388'),
(985, '6351 WEST OLYMPIC BLVD', '', 'Los Angeles', 'California', '90048', '34.0595659', '-118.369058'),
(986, '4220 EMERSON AVE', '', 'Dallas', 'Texas', '75205', '32.8463714', '-96.8076851'),
(987, '5920 BUFKIN DR', '', 'San Jose', 'California', '95123', '37.2410553', '-121.8203823'),
(988, '4715 16TH ST NW', '', 'Washington', 'District of Columbia', '20011', '38.9480237', '-77.0359711'),
(989, '3120 INWOOD RD', '', 'Dallas', 'Texas', '75235', '32.8261273', '-96.8295831'),
(990, '201 WILSON AVE', '', 'Modesto', 'California', '95354', '37.6411115', '-120.9777129'),
(991, '3201 SYLVAN AVE', '', 'Modesto', 'California', '95355', '37.6909278', '-120.9377756'),
(992, '8601 RAINIER AVE SOUTH', '', 'Seattle', 'Washington', '98118', '47.5256881', '-122.270816'),
(993, '4111 BROADWAY', '', 'New York', 'New York', '10033', '40.8451229', '-73.9392062'),
(994, '5757 SW 45TH ST', '', 'Miami', 'Florida', '33155', '25.7301982', '-80.2876128'),
(995, '1900 KIRSCHEN DR', '', 'Modesto', 'California', '95351', '37.615039', '-121.021121'),
(996, '1111 WEST KIEST BLVD', '', 'Dallas', 'Texas', '75224', '32.7062034', '-96.840772'),
(997, '1449 SOUTH SAN PEDRO', '', 'Los Angeles', 'California', '90015', '34.0311391', '-118.2557753'),
(998, '4906 NE 6TH AVE', '', 'Portland', 'Oregon', '97211', '45.5582344', '-122.6590884'),
(999, '244 EAST PERSHING RD', '', 'Chicago', 'Illinois', '60653', '41.8243586', '-87.6198006'),
(1000, '1901 INDEPE AVE SE', '', 'Washington', 'District of Columbia', '20003', '38.8868079', '-76.9764947'),
(1001, '3905 SE 91ST AVE', '', 'Portland', 'Oregon', '97266', '45.494304', '-122.5729373'),
(1002, '100 41ST ST NE', '', 'Washington', 'District of Columbia', '20019', '38.8907751', '-76.9449133'),
(1003, '5120 NW 24 AVE', '', 'Miami', 'Florida', '33142', '25.8216949', '-80.237655'),
(1004, '1915 NE 33RD', '', 'Portland', 'Oregon', '97212', '45.5367635', '-122.6315604'),
(1005, '500 LOCUST ST', '', 'Modesto', 'California', '95351', '37.6403151', '-121.0139832'),
(1006, '4525 SOUTH CLOVERDALE ST', '', 'Seattle', 'Washington', '98118', '47.5250104', '-122.2747578'),
(1007, '1628 WEST WASHINGTON', '', 'Chicago', 'Illinois', '60612', '41.883751', '-87.6679178'),
(1008, '3531 NORTH WESTMORELAND RD', '', 'Dallas', 'Texas', '75212', '32.7851412', '-96.8746103'),
(1009, '1413 POUST RD', '', 'Modesto', 'California', '95358', '37.655429', '-121.046002'),
(1010, '1901 SW GENESEE ST', '', 'Seattle', 'Washington', '98106', '47.5626567', '-122.3579438'),
(1011, '4200 BONNIE VIEW RD', '', 'Dallas', 'Texas', '75216', '32.708241', '-96.7738151'),
(1012, '1717 SYLVAN AVE', '', 'Modesto', 'California', '95355', '37.690323', '-120.9665343'),
(1013, '7840 TOWNE AVE', '', 'Los Angeles', 'California', '90003', '33.9677886', '-118.2668671'),
(1014, '43 WEST 22ND ST', '', 'New York', 'New York', '10010', '40.7419614', '-73.9922556'),
(1015, '1300 NICHOLSON ST NW', '', 'Washington', 'District of Columbia', '20011', '38.9607113', '-77.0301586'),
(1016, '139 SOUTH PARKSIDE AVE', '', 'Chicago', 'Illinois', '60644', '41.8781592', '-87.7656299'),
(1017, '1301 EAST YESLER WY', '', 'Seattle', 'Washington', '98122', '47.6011701', '-122.3155687'),
(1018, '2701 NAYLOR RD SE', '', 'Washington', 'District of Columbia', '20020', '38.8592905', '-76.9686199'),
(1019, '1295 DENTWOOD DR', '', 'San Jose', 'California', '95118', '37.2514516', '-121.8848734'),
(1020, '5601 4 AV NW', '', 'Seattle', 'Washington', '98107', '47.6694457', '-122.3618554'),
(1021, '325 LAGRANDE AVE', '', 'San Francisco', 'California', '94112', '37.7192231', '-122.4249666');

-- --------------------------------------------------------

--
-- Table structure for table `member`
--

CREATE TABLE `member` (
  `member_id` bigint(20) NOT NULL,
  `user_id` bigint(20) NOT NULL,
  `org_id` bigint(20) NOT NULL
) ENGINE=InnoDB DEFAULT CHARSET=latin1;

--
-- Dumping data for table `member`
--

INSERT INTO `member` (`member_id`, `user_id`, `org_id`) VALUES
(50, 1, 50),
(51, 2, 51),
(52, 2, 52),
(53, 2, 53),
(54, 2, 54),
(55, 3, 55),
(56, 4, 56),
(57, 5, 57),
(58, 5, 58),
(59, 5, 59),
(60, 5, 60),
(61, 5, 61),
(62, 6, 62),
(63, 6, 63),
(64, 7, 64),
(65, 8, 65),
(66, 8, 66),
(67, 8, 67),
(68, 8, 68),
(69, 8, 69),
(70, 9, 70),
(71, 9, 71),
(72, 9, 72),
(73, 9, 73),
(74, 9, 74),
(75, 10, 75),
(76, 10, 76),
(77, 10, 77),
(78, 10, 78),
(79, 11, 79),
(80, 11, 80),
(81, 11, 81),
(82, 12, 82),
(83, 12, 83),
(84, 13, 84),
(85, 13, 85),
(86, 13, 86),
(87, 13, 87),
(88, 13, 88),
(89, 14, 89),
(90, 14, 90),
(91, 14, 91),
(92, 15, 92),
(93, 15, 93),
(94, 16, 94),
(95, 16, 95),
(96, 16, 96),
(97, 16, 97),
(98, 16, 98),
(99, 17, 99),
(100, 18, 100),
(101, 18, 101),
(102, 18, 102),
(103, 18, 103),
(104, 19, 104),
(105, 20, 105),
(106, 20, 106),
(107, 20, 107),
(108, 20, 108),
(109, 21, 109),
(110, 22, 110),
(111, 22, 111),
(112, 22, 112),
(113, 22, 113),
(114, 22, 114),
(115, 23, 115),
(116, 23, 116),
(117, 23, 117),
(118, 24, 118),
(119, 24, 119),
(120, 24, 120),
(121, 24, 121),
(122, 25, 122),
(123, 25, 123),
(124, 25, 124),
(125, 25, 125),
(126, 25, 126),
(127, 26, 127),
(128, 26, 128),
(129, 26, 129),
(130, 26, 130),
(131, 27, 131),
(132, 27, 132),
(133, 28, 133),
(134, 28, 134),
(135, 28, 135),
(136, 28, 136),
(137, 29, 137),
(138, 29, 138),
(139, 29, 139),
(140, 30, 140),
(141, 30, 141),
(142, 31, 142),
(143, 31, 143),
(144, 31, 144),
(145, 31, 145),
(146, 31, 146),
(147, 32, 147),
(148, 32, 148),
(149, 32, 149),
(150, 33, 150),
(151, 33, 151),
(152, 34, 152),
(153, 34, 153),
(154, 34, 154),
(155, 35, 155),
(156, 35, 156),
(157, 35, 157),
(158, 36, 158),
(159, 37, 159),
(160, 37, 160),
(161, 37, 161),
(162, 37, 162),
(163, 37, 163),
(164, 38, 164),
(165, 39, 165),
(166, 39, 166),
(167, 39, 167),
(168, 40, 168),
(169, 41, 169),
(170, 41, 170),
(171, 42, 171),
(172, 42, 172),
(173, 42, 173),
(174, 43, 174),
(175, 43, 175),
(176, 43, 176),
(177, 44, 177),
(178, 44, 178),
(179, 44, 179),
(180, 44, 180),
(181, 45, 181),
(182, 45, 182),
(183, 45, 183),
(184, 45, 184),
(185, 46, 185),
(186, 46, 186),
(187, 47, 187),
(188, 47, 188),
(189, 47, 189),
(190, 48, 190),
(191, 48, 191),
(192, 48, 192),
(193, 49, 193),
(194, 50, 194),
(195, 50, 195),
(196, 50, 196),
(197, 51, 197),
(198, 51, 198),
(199, 51, 199),
(200, 52, 200),
(201, 52, 201),
(202, 52, 202),
(203, 52, 203),
(204, 53, 204),
(205, 53, 205),
(206, 53, 206),
(207, 54, 207),
(208, 54, 208),
(209, 54, 209),
(210, 55, 210),
(211, 55, 211),
(212, 56, 212),
(213, 56, 213),
(214, 56, 214),
(215, 56, 215),
(216, 57, 216),
(217, 57, 217),
(218, 57, 218),
(219, 57, 219),
(220, 57, 220),
(221, 58, 221),
(222, 58, 222),
(223, 59, 223),
(224, 59, 224),
(225, 59, 225),
(226, 59, 226),
(227, 60, 227),
(228, 60, 228),
(229, 60, 229),
(230, 61, 230),
(231, 61, 231),
(232, 62, 232),
(233, 62, 233),
(234, 63, 234),
(235, 63, 235),
(236, 63, 236),
(237, 64, 237),
(238, 65, 238),
(239, 65, 239),
(240, 65, 240),
(241, 66, 241),
(242, 67, 242),
(243, 68, 243),
(244, 68, 244),
(245, 68, 245),
(246, 68, 246),
(247, 68, 247),
(248, 69, 248),
(249, 69, 249),
(250, 69, 250),
(251, 69, 251),
(252, 70, 252),
(253, 71, 253),
(254, 71, 254),
(255, 72, 255),
(256, 72, 256),
(257, 72, 257),
(258, 72, 258),
(259, 73, 259),
(260, 73, 260),
(261, 74, 261),
(262, 75, 262),
(263, 75, 263),
(264, 75, 264),
(265, 76, 265),
(266, 76, 266),
(267, 77, 267),
(268, 78, 268),
(269, 78, 269),
(270, 79, 270),
(271, 79, 271),
(272, 79, 272),
(273, 79, 273),
(274, 79, 274),
(275, 80, 275),
(276, 80, 276),
(277, 81, 277),
(278, 82, 278),
(279, 82, 279),
(280, 82, 280),
(281, 83, 281),
(282, 83, 282),
(283, 83, 283),
(284, 84, 284),
(285, 85, 285),
(286, 85, 286),
(287, 85, 287),
(288, 86, 288),
(289, 86, 289),
(290, 86, 290),
(291, 86, 291),
(292, 87, 292),
(293, 87, 293),
(294, 88, 294),
(295, 89, 295),
(296, 89, 296),
(297, 89, 297),
(298, 89, 298),
(299, 89, 299),
(300, 90, 300),
(301, 90, 301),
(302, 90, 302),
(303, 90, 303),
(304, 90, 304),
(305, 91, 305),
(306, 91, 306),
(307, 91, 307),
(308, 91, 308),
(309, 91, 309),
(310, 92, 310),
(311, 92, 311),
(312, 92, 312),
(313, 93, 313),
(314, 93, 314),
(315, 94, 315),
(316, 94, 316),
(317, 94, 317),
(318, 94, 318),
(319, 95, 319),
(320, 96, 320),
(321, 96, 321),
(322, 96, 322),
(323, 96, 323),
(324, 97, 324),
(325, 97, 325),
(326, 98, 326),
(327, 99, 327),
(328, 99, 328),
(329, 99, 329),
(330, 100, 330),
(331, 100, 331),
(332, 100, 332),
(333, 100, 333),
(334, 100, 334),
(335, 101, 335),
(336, 101, 336),
(337, 101, 337),
(338, 101, 338),
(339, 101, 339),
(340, 102, 340),
(341, 102, 341),
(342, 102, 342),
(343, 103, 343),
(344, 104, 344),
(345, 104, 345),
(346, 104, 346),
(347, 104, 347),
(348, 104, 348),
(349, 105, 349),
(350, 105, 350),
(351, 105, 351),
(352, 105, 352),
(353, 106, 353),
(354, 106, 354),
(355, 106, 355),
(356, 106, 356),
(357, 106, 357),
(358, 107, 358),
(359, 107, 359),
(360, 107, 360),
(361, 107, 361),
(362, 108, 362),
(363, 108, 363),
(364, 108, 364),
(365, 108, 365),
(366, 109, 366),
(367, 110, 367),
(368, 110, 368),
(369, 110, 369),
(370, 110, 370),
(371, 111, 371),
(372, 111, 372),
(373, 111, 373),
(374, 111, 374),
(375, 111, 375),
(376, 112, 376),
(377, 112, 377),
(378, 112, 378),
(379, 112, 379),
(380, 112, 380),
(381, 113, 381),
(382, 113, 382),
(383, 114, 383),
(384, 114, 384),
(385, 115, 385),
(386, 115, 386),
(387, 115, 387),
(388, 116, 388),
(389, 116, 389),
(390, 116, 390),
(391, 116, 391),
(392, 116, 392),
(393, 117, 393),
(394, 117, 394),
(395, 117, 395),
(396, 117, 396),
(397, 118, 397),
(398, 118, 398),
(399, 118, 399),
(400, 119, 400),
(401, 119, 401),
(402, 119, 402),
(403, 119, 403),
(404, 120, 404),
(405, 120, 405),
(406, 120, 406),
(407, 120, 407),
(408, 120, 408),
(409, 121, 409),
(410, 121, 410),
(411, 121, 411),
(412, 121, 412),
(413, 121, 413),
(414, 122, 414),
(415, 122, 415),
(416, 122, 416),
(417, 122, 417),
(418, 122, 418),
(419, 123, 419),
(420, 123, 420),
(421, 123, 421),
(422, 123, 422),
(423, 124, 423),
(424, 124, 424),
(425, 125, 425),
(426, 125, 426),
(427, 125, 427),
(428, 125, 428),
(429, 126, 429),
(430, 126, 430),
(431, 126, 431),
(432, 126, 432),
(433, 126, 433),
(434, 127, 434),
(435, 128, 435),
(436, 128, 436),
(437, 128, 437),
(438, 128, 438),
(439, 128, 439),
(440, 129, 440),
(441, 129, 441),
(442, 129, 442),
(443, 129, 443),
(444, 130, 444),
(445, 130, 445),
(446, 131, 446),
(447, 131, 447),
(448, 131, 448),
(449, 131, 449),
(450, 131, 450),
(451, 132, 451),
(452, 133, 452),
(453, 133, 453),
(454, 133, 454),
(455, 133, 455),
(456, 133, 456),
(457, 134, 457),
(458, 134, 458),
(459, 134, 459),
(460, 134, 460),
(461, 135, 461),
(462, 135, 462),
(463, 135, 463),
(464, 135, 464),
(465, 136, 465),
(466, 136, 466),
(467, 137, 467),
(468, 137, 468),
(469, 137, 469),
(470, 137, 470),
(471, 137, 471),
(472, 138, 472),
(473, 138, 473),
(474, 138, 474),
(475, 138, 475),
(476, 139, 476),
(477, 139, 477),
(478, 139, 478),
(479, 139, 479),
(480, 139, 480),
(481, 140, 481),
(482, 140, 482),
(483, 140, 483),
(484, 140, 484),
(485, 140, 485),
(486, 141, 486),
(487, 141, 487),
(488, 141, 488),
(489, 141, 489),
(490, 141, 490),
(491, 142, 491),
(492, 142, 492),
(493, 143, 493),
(494, 143, 494),
(495, 143, 495),
(496, 143, 496),
(497, 143, 497),
(498, 144, 498),
(499, 144, 499),
(500, 144, 500),
(501, 145, 501),
(502, 145, 502),
(503, 146, 503),
(504, 146, 504),
(505, 146, 505),
(506, 146, 506),
(507, 146, 507),
(508, 147, 508),
(509, 147, 509),
(510, 148, 510),
(511, 148, 511),
(512, 148, 512),
(513, 149, 513),
(514, 149, 514),
(515, 149, 515),
(516, 149, 516),
(517, 149, 517),
(518, 150, 518),
(519, 151, 519),
(520, 152, 520),
(521, 152, 521),
(522, 152, 522),
(523, 152, 523),
(524, 153, 524),
(525, 153, 525),
(526, 154, 526),
(527, 154, 527),
(528, 154, 528),
(529, 154, 529),
(530, 154, 530),
(531, 155, 531),
(532, 156, 532),
(533, 156, 533),
(534, 157, 534),
(535, 157, 535),
(536, 157, 536),
(537, 157, 537),
(538, 157, 538),
(539, 158, 539),
(540, 158, 540),
(541, 158, 541),
(542, 158, 542),
(543, 159, 543),
(544, 159, 544),
(545, 159, 545),
(546, 160, 546),
(547, 161, 547),
(548, 161, 548),
(549, 161, 549),
(550, 161, 550),
(551, 161, 551),
(552, 162, 552),
(553, 162, 553),
(554, 162, 554),
(555, 162, 555),
(556, 163, 556),
(557, 163, 557),
(558, 163, 558),
(559, 163, 559),
(560, 163, 560),
(561, 164, 561),
(562, 164, 562),
(563, 164, 563),
(564, 164, 564),
(565, 165, 565),
(566, 166, 566),
(567, 166, 567),
(568, 166, 568),
(569, 166, 569),
(570, 167, 570),
(571, 167, 571),
(572, 167, 572),
(573, 167, 573),
(574, 168, 574),
(575, 168, 575),
(576, 168, 576),
(577, 169, 577),
(578, 170, 578),
(579, 170, 579),
(580, 171, 580),
(581, 171, 581),
(582, 171, 582),
(583, 172, 583),
(584, 172, 584),
(585, 172, 585),
(586, 172, 586),
(587, 172, 587),
(588, 173, 588),
(589, 174, 589),
(590, 174, 590),
(591, 174, 591),
(592, 174, 592),
(593, 175, 593),
(594, 175, 594),
(595, 175, 595),
(596, 175, 596),
(597, 175, 597),
(598, 176, 598),
(599, 177, 599),
(600, 177, 600),
(601, 177, 601),
(602, 177, 602),
(603, 178, 603),
(604, 178, 604),
(605, 179, 605),
(606, 179, 606),
(607, 180, 607),
(608, 180, 608),
(609, 180, 609),
(610, 180, 610),
(611, 180, 611),
(612, 181, 612),
(613, 181, 613),
(614, 181, 614),
(615, 181, 615),
(616, 182, 616),
(617, 182, 617),
(618, 183, 618),
(619, 183, 619),
(620, 184, 620),
(621, 185, 621),
(622, 185, 622),
(623, 186, 623),
(624, 186, 624),
(625, 187, 625),
(626, 187, 626),
(627, 187, 627),
(628, 187, 628),
(629, 187, 629),
(630, 188, 630),
(631, 188, 631),
(632, 188, 632),
(633, 189, 633),
(634, 190, 634),
(635, 190, 635),
(636, 190, 636),
(637, 191, 637),
(638, 191, 638),
(639, 191, 639),
(640, 191, 640),
(641, 192, 641),
(642, 192, 642),
(643, 193, 643),
(644, 193, 644),
(645, 193, 645),
(646, 193, 646),
(647, 194, 647),
(648, 194, 648),
(649, 194, 649),
(650, 195, 650),
(651, 196, 651),
(652, 197, 652),
(653, 197, 653),
(654, 198, 654),
(655, 198, 655),
(656, 198, 656),
(657, 199, 657),
(658, 200, 658),
(659, 200, 659),
(660, 200, 660),
(661, 200, 661),
(662, 200, 662),
(663, 201, 663),
(664, 201, 664),
(665, 201, 665),
(666, 201, 666),
(667, 202, 667),
(668, 202, 668),
(669, 203, 669),
(670, 203, 670),
(671, 203, 671),
(672, 203, 672),
(673, 203, 673),
(674, 204, 674),
(675, 205, 675),
(676, 206, 676),
(677, 206, 677),
(678, 206, 678),
(679, 207, 679),
(680, 207, 680),
(681, 207, 681),
(682, 207, 682),
(683, 207, 683),
(684, 208, 684),
(685, 208, 685),
(686, 209, 686),
(687, 210, 687),
(688, 210, 688),
(689, 211, 689),
(690, 211, 690),
(691, 212, 691),
(692, 212, 692),
(693, 212, 693),
(694, 212, 694),
(695, 213, 695),
(696, 213, 696),
(697, 214, 697),
(698, 215, 698),
(699, 215, 699),
(700, 216, 700),
(701, 216, 701),
(702, 216, 702),
(703, 217, 703),
(704, 217, 704),
(705, 217, 705),
(706, 217, 706),
(707, 217, 707),
(708, 218, 708),
(709, 218, 709),
(710, 218, 710),
(711, 219, 711),
(712, 219, 712),
(713, 219, 713),
(714, 219, 714),
(715, 220, 715),
(716, 220, 716),
(717, 220, 717),
(718, 221, 718),
(719, 221, 719),
(720, 221, 720),
(721, 222, 721),
(722, 222, 722),
(723, 222, 723),
(724, 222, 724),
(725, 223, 725),
(726, 223, 726),
(727, 224, 727),
(728, 225, 728),
(729, 225, 729),
(730, 225, 730),
(731, 225, 731),
(732, 225, 732),
(733, 226, 733),
(734, 226, 734),
(735, 226, 735),
(736, 226, 736),
(737, 226, 737),
(738, 227, 738),
(739, 227, 739),
(740, 228, 740),
(741, 228, 741),
(742, 228, 742),
(743, 228, 743),
(744, 228, 744),
(745, 229, 745),
(746, 229, 746),
(747, 229, 747),
(748, 230, 748),
(749, 230, 749),
(750, 230, 750),
(751, 230, 751),
(752, 231, 752),
(753, 231, 753),
(754, 232, 754),
(755, 233, 755),
(756, 233, 756),
(757, 233, 757),
(758, 233, 758),
(759, 233, 759),
(760, 234, 760),
(761, 234, 761),
(762, 234, 762),
(763, 234, 763),
(764, 234, 764),
(765, 235, 765),
(766, 235, 766),
(767, 235, 767),
(768, 235, 768),
(769, 236, 769),
(770, 237, 770),
(771, 237, 771),
(772, 237, 772),
(773, 238, 773),
(774, 238, 774),
(775, 239, 775),
(776, 240, 776),
(777, 241, 777),
(778, 241, 778),
(779, 242, 779),
(780, 242, 780),
(781, 243, 781),
(782, 243, 782),
(783, 243, 783),
(784, 243, 784),
(785, 244, 785),
(786, 244, 786),
(787, 244, 787),
(788, 245, 788),
(789, 245, 789),
(790, 245, 790),
(791, 245, 791),
(792, 245, 792),
(793, 246, 793),
(794, 246, 794),
(795, 246, 795),
(796, 246, 796),
(797, 246, 797),
(798, 247, 798),
(799, 247, 799),
(800, 248, 800),
(801, 249, 801),
(802, 249, 802),
(803, 249, 803),
(804, 249, 804),
(805, 249, 805),
(806, 250, 806),
(807, 250, 807),
(808, 251, 593);

-- --------------------------------------------------------

--
-- Table structure for table `organization`
--

CREATE TABLE `organization` (
  `org_id` bigint(20) NOT NULL,
  `org_title` varchar(255) NOT NULL,
  `org_description` text NOT NULL,
  `org_picture` varchar(255) NOT NULL
) ENGINE=InnoDB DEFAULT CHARSET=latin1;

--
-- Dumping data for table `organization`
--

INSERT INTO `organization` (`org_id`, `org_title`, `org_description`, `org_picture`) VALUES
(50, 'The Coffee Group  1', 'Legend tells of a computer wiz who was fascinated by coffee.\r\nHere we''re gathered in order to follow in this man''s footsteps.\r\nCoffee is our blood. Oh lord Tyler thank you for this glorious tag that you have shined upon us.\r\nLet us drink to our hearts desire. Only at...\r\nThe Coffee Group 1', 'Claire1479801125.jpg'),
(51, 'The Sports Group  1', 'SPORTS!\r\nFrom Soccer to Football and Tennis or Hockey.\r\nLets all participate in them here at The Sports Group 1', 'Amelia1479801138.jpg'),
(52, 'The Coffee Group  2', 'Legend tells of a computer wiz who was fascinated by coffee.\nHere we''re gathered in order to follow in this man''s footsteps.\nCoffee is our blood. Oh lord Tyler thank you for this glorious tag that you have shined upon us.\nLet us drink to our hearts desire. Only at...\nThe Coffee Group 2', 'Amelia1479801144.jpg'),
(53, 'The Education Group  1', 'Lets all study together!\r\nFrom math to sciences, we help each other in The Education Group 1', 'Amelia1479801148.jpg'),
(54, 'The Movie Group 1', 'This is the movie goers best group!\r\nWe watch Pixar to Star Wars. All kinds of Movies!\r\nLets watch movies together here in The Movie Group 1', 'Amelia1479801153.jpg'),
(55, 'The Food Group 1', 'We are the gourmet. The connoisseurs of good food.\r\nEnjoy your meal!\r\nEnjoy your meals soley at The Food Group 1', 'Emma1479801166.jpg'),
(56, 'The Sports Group  2', 'SPORTS!\r\nFrom Soccer to Football and Tennis or Hockey.\r\nLets all participate in them here at The Sports Group 2', 'Jonathan1479801178.jpg'),
(57, 'The Coffee Group  3', 'Legend tells of a computer wiz who was fascinated by coffee.\r\nHere we''re gathered in order to follow in this man''s footsteps.\r\nCoffee is our blood. Oh lord Tyler thank you for this glorious tag that you have shined upon us.\r\nLet us drink to our hearts desire. Only at...\r\nThe Coffee Group 3', 'Anna1479801190.jpg'),
(58, 'The Food Group 2', 'We are the gourmet. The connoisseurs of good food.\r\nEnjoy your meal!\r\nEnjoy your meals soley at The Food Group 2', 'Anna1479801196.jpg'),
(59, 'The Movie Group 2', 'This is the movie goers best group!\r\nWe watch Pixar to Star Wars. All kinds of Movies!\r\nLets watch movies together here in The Movie Group 2', 'Anna1479801200.jpg'),
(60, 'The Food Group 3', 'We are the gourmet. The connoisseurs of good food.\r\nEnjoy your meal!\r\nEnjoy your meals soley at The Food Group 3', 'Anna1479801206.jpg'),
(61, 'The Education Group  2', 'Lets all study together!\r\nFrom math to sciences, we help each other in The Education Group 2', 'Anna1479801211.jpg'),
(62, 'The Education Group  3', 'Lets all study together!\r\nFrom math to sciences, we help each other in The Education Group 3', 'Maria1479801223.jpg'),
(63, 'The Food Group 4', 'We are the gourmet. The connoisseurs of good food.\r\nEnjoy your meal!\r\nEnjoy your meals soley at The Food Group 4', 'Maria1479801228.jpg'),
(64, 'The Movie Group 3', 'This is the movie goers best group!\r\nWe watch Pixar to Star Wars. All kinds of Movies!\r\nLets watch movies together here in The Movie Group 3', 'Joe1479801240.jpg'),
(65, 'The Sports Group  3', 'SPORTS!\r\nFrom Soccer to Football and Tennis or Hockey.\r\nLets all participate in them here at The Sports Group 3', 'Carl1479801253.jpg'),
(66, 'The Movie Group 4', 'This is the movie goers best group!\r\nWe watch Pixar to Star Wars. All kinds of Movies!\r\nLets watch movies together here in The Movie Group 4', 'Carl1479801257.jpg'),
(67, 'The Movie Group 5', 'This is the movie goers best group!\r\nWe watch Pixar to Star Wars. All kinds of Movies!\r\nLets watch movies together here in The Movie Group 5', 'Carl1479801262.jpg'),
(68, 'The Food Group 5', 'We are the gourmet. The connoisseurs of good food.\r\nEnjoy your meal!\r\nEnjoy your meals soley at The Food Group 5', 'Carl1479801267.jpg'),
(69, 'The Sports Group  4', 'SPORTS!\r\nFrom Soccer to Football and Tennis or Hockey.\r\nLets all participate in them here at The Sports Group 4', 'Carl1479801272.jpg'),
(70, 'The Sports Group  5', 'SPORTS!\r\nFrom Soccer to Football and Tennis or Hockey.\r\nLets all participate in them here at The Sports Group 5', 'Lucas1479801284.jpg'),
(71, 'The Education Group  4', 'Lets all study together!\r\nFrom math to sciences, we help each other in The Education Group 4', 'Lucas1479801289.jpg'),
(72, 'The Food Group 6', 'We are the gourmet. The connoisseurs of good food.\r\nEnjoy your meal!\r\nEnjoy your meals soley at The Food Group 6', 'Lucas1479801295.jpg'),
(73, 'The Food Group 7', 'We are the gourmet. The connoisseurs of good food.\r\nEnjoy your meal!\r\nEnjoy your meals soley at The Food Group 7', 'Lucas1479801300.jpg'),
(74, 'The Food Group 8', 'We are the gourmet. The connoisseurs of good food.\r\nEnjoy your meal!\r\nEnjoy your meals soley at The Food Group 8', 'Lucas1479801305.jpg'),
(75, 'The Sports Group  6', 'SPORTS!\r\nFrom Soccer to Football and Tennis or Hockey.\r\nLets all participate in them here at The Sports Group 6', 'Sue1479801318.jpg'),
(76, 'The Sports Group  7', 'SPORTS!\r\nFrom Soccer to Football and Tennis or Hockey.\r\nLets all participate in them here at The Sports Group 7', 'Sue1479801323.jpg'),
(77, 'The Coffee Group  4', 'Legend tells of a computer wiz who was fascinated by coffee.\r\nHere we''re gathered in order to follow in this man''s footsteps.\r\nCoffee is our blood. Oh lord Tyler thank you for this glorious tag that you have shined upon us.\r\nLet us drink to our hearts desire. Only at...\r\nThe Coffee Group 4', 'Sue1479801329.jpg'),
(78, 'The Education Group  5', 'Lets all study together!\r\nFrom math to sciences, we help each other in The Education Group 5', 'Sue1479801334.jpg'),
(79, 'The Movie Group 6', 'This is the movie goers best group!\r\nWe watch Pixar to Star Wars. All kinds of Movies!\r\nLets watch movies together here in The Movie Group 6', 'Gordon1479801346.jpg'),
(80, 'The Sports Group  8', 'SPORTS!\r\nFrom Soccer to Football and Tennis or Hockey.\r\nLets all participate in them here at The Sports Group 8', 'Gordon1479801351.jpg'),
(81, 'The Movie Group 7', 'This is the movie goers best group!\r\nWe watch Pixar to Star Wars. All kinds of Movies!\r\nLets watch movies together here in The Movie Group 7', 'Gordon1479801356.jpg'),
(82, 'The Food Group 9', 'We are the gourmet. The connoisseurs of good food.\r\nEnjoy your meal!\r\nEnjoy your meals soley at The Food Group 9', 'Wanda1479801368.jpg'),
(83, 'The Food Group 10', 'We are the gourmet. The connoisseurs of good food.\r\nEnjoy your meal!\r\nEnjoy your meals soley at The Food Group 10', 'Wanda1479801374.jpg'),
(84, 'The Sports Group  9', 'SPORTS!\r\nFrom Soccer to Football and Tennis or Hockey.\r\nLets all participate in them here at The Sports Group 9', 'Lillian1479801386.jpg'),
(85, 'The Food Group 11', 'We are the gourmet. The connoisseurs of good food.\r\nEnjoy your meal!\r\nEnjoy your meals soley at The Food Group 11', 'Lillian1479801392.jpg'),
(86, 'The Food Group 12', 'We are the gourmet. The connoisseurs of good food.\r\nEnjoy your meal!\r\nEnjoy your meals soley at The Food Group 12', 'Lillian1479801397.jpg'),
(87, 'The Education Group  6', 'Lets all study together!\r\nFrom math to sciences, we help each other in The Education Group 6', 'Lillian1479801402.jpg'),
(88, 'The Coffee Group  5', 'Legend tells of a computer wiz who was fascinated by coffee.\r\nHere we''re gathered in order to follow in this man''s footsteps.\r\nCoffee is our blood. Oh lord Tyler thank you for this glorious tag that you have shined upon us.\r\nLet us drink to our hearts desire. Only at...\r\nThe Coffee Group 5', 'Lillian1479801408.jpg'),
(89, 'The Movie Group 8', 'This is the movie goers best group!\r\nWe watch Pixar to Star Wars. All kinds of Movies!\r\nLets watch movies together here in The Movie Group 8', 'Oliver1479801419.jpg'),
(90, 'The Sports Group  10', 'SPORTS!\r\nFrom Soccer to Football and Tennis or Hockey.\r\nLets all participate in them here at The Sports Group 10', 'Oliver1479801424.jpg'),
(91, 'The Food Group 13', 'We are the gourmet. The connoisseurs of good food.\r\nEnjoy your meal!\r\nEnjoy your meals soley at The Food Group 13', 'Oliver1479801430.jpg'),
(92, 'The Movie Group 9', 'This is the movie goers best group!\r\nWe watch Pixar to Star Wars. All kinds of Movies!\r\nLets watch movies together here in The Movie Group 9', 'Jake1479801442.jpg'),
(93, 'The Food Group 14', 'We are the gourmet. The connoisseurs of good food.\r\nEnjoy your meal!\r\nEnjoy your meals soley at The Food Group 14', 'Jake1479801447.jpg'),
(94, 'The Coffee Group  6', 'Legend tells of a computer wiz who was fascinated by coffee.\r\nHere we''re gathered in order to follow in this man''s footsteps.\r\nCoffee is our blood. Oh lord Tyler thank you for this glorious tag that you have shined upon us.\r\nLet us drink to our hearts desire. Only at...\r\nThe Coffee Group 6', 'Oliver1479801460.jpg'),
(95, 'The Sports Group  11', 'SPORTS!\r\nFrom Soccer to Football and Tennis or Hockey.\r\nLets all participate in them here at The Sports Group 11', 'Oliver1479801465.jpg'),
(96, 'The Sports Group  12', 'SPORTS!\r\nFrom Soccer to Football and Tennis or Hockey.\r\nLets all participate in them here at The Sports Group 12', 'Oliver1479801471.jpg'),
(97, 'The Food Group 15', 'We are the gourmet. The connoisseurs of good food.\r\nEnjoy your meal!\r\nEnjoy your meals soley at The Food Group 15', 'Oliver1479801476.jpg'),
(98, 'The Education Group  7', 'Lets all study together!\r\nFrom math to sciences, we help each other in The Education Group 7', 'Oliver1479801481.jpg'),
(99, 'The Movie Group 10', 'This is the movie goers best group!\r\nWe watch Pixar to Star Wars. All kinds of Movies!\r\nLets watch movies together here in The Movie Group 10', 'Thomas1479801493.jpg'),
(100, 'The Food Group 16', 'We are the gourmet. The connoisseurs of good food.\r\nEnjoy your meal!\r\nEnjoy your meals soley at The Food Group 16', 'Dorothy1479801505.jpg'),
(101, 'The Food Group 17', 'We are the gourmet. The connoisseurs of good food.\r\nEnjoy your meal!\r\nEnjoy your meals soley at The Food Group 17', 'Dorothy1479801511.jpg'),
(102, 'The Coffee Group  7', 'Legend tells of a computer wiz who was fascinated by coffee.\r\nHere we''re gathered in order to follow in this man''s footsteps.\r\nCoffee is our blood. Oh lord Tyler thank you for this glorious tag that you have shined upon us.\r\nLet us drink to our hearts desire. Only at...\r\nThe Coffee Group 7', 'Dorothy1479801516.jpg'),
(103, 'The Education Group  8', 'Lets all study together!\r\nFrom math to sciences, we help each other in The Education Group 8', 'Dorothy1479801521.jpg'),
(104, 'The Education Group  9', 'Lets all study together!\r\nFrom math to sciences, we help each other in The Education Group 9', 'Gordon1479801533.jpg'),
(105, 'The Movie Group 11', 'This is the movie goers best group!\r\nWe watch Pixar to Star Wars. All kinds of Movies!\r\nLets watch movies together here in The Movie Group 11', 'Caroline1479801545.jpg'),
(106, 'The Food Group 18', 'We are the gourmet. The connoisseurs of good food.\r\nEnjoy your meal!\r\nEnjoy your meals soley at The Food Group 18', 'Caroline1479801550.jpg'),
(107, 'The Food Group 19', 'We are the gourmet. The connoisseurs of good food.\r\nEnjoy your meal!\r\nEnjoy your meals soley at The Food Group 19', 'Caroline1479801555.jpg'),
(108, 'The Food Group 20', 'We are the gourmet. The connoisseurs of good food.\r\nEnjoy your meal!\r\nEnjoy your meals soley at The Food Group 20', 'Caroline1479801561.jpg'),
(109, 'The Food Group 21', 'We are the gourmet. The connoisseurs of good food.\r\nEnjoy your meal!\r\nEnjoy your meals soley at The Food Group 21', 'Jennifer1479801573.jpg'),
(110, 'The Sports Group  13', 'SPORTS!\r\nFrom Soccer to Football and Tennis or Hockey.\r\nLets all participate in them here at The Sports Group 13', 'Zoe1479801585.jpg'),
(111, 'The Education Group  10', 'Lets all study together!\r\nFrom math to sciences, we help each other in The Education Group 10', 'Zoe1479801590.jpg'),
(112, 'The Food Group 22', 'We are the gourmet. The connoisseurs of good food.\r\nEnjoy your meal!\r\nEnjoy your meals soley at The Food Group 22', 'Zoe1479801595.jpg'),
(113, 'The Movie Group 12', 'This is the movie goers best group!\r\nWe watch Pixar to Star Wars. All kinds of Movies!\r\nLets watch movies together here in The Movie Group 12', 'Zoe1479801600.jpg'),
(114, 'The Sports Group  14', 'SPORTS!\r\nFrom Soccer to Football and Tennis or Hockey.\r\nLets all participate in them here at The Sports Group 14', 'Zoe1479801605.jpg'),
(115, 'The Coffee Group  8', 'Legend tells of a computer wiz who was fascinated by coffee.\r\nHere we''re gathered in order to follow in this man''s footsteps.\r\nCoffee is our blood. Oh lord Tyler thank you for this glorious tag that you have shined upon us.\r\nLet us drink to our hearts desire. Only at...\r\nThe Coffee Group 8', 'Hannah1479801618.jpg'),
(116, 'The Movie Group 13', 'This is the movie goers best group!\r\nWe watch Pixar to Star Wars. All kinds of Movies!\r\nLets watch movies together here in The Movie Group 13', 'Hannah1479801623.jpg'),
(117, 'The Movie Group 14', 'This is the movie goers best group!\r\nWe watch Pixar to Star Wars. All kinds of Movies!\r\nLets watch movies together here in The Movie Group 14', 'Hannah1479801627.jpg'),
(118, 'The Food Group 23', 'We are the gourmet. The connoisseurs of good food.\r\nEnjoy your meal!\r\nEnjoy your meals soley at The Food Group 23', 'Christian1479801640.jpg'),
(119, 'The Sports Group  15', 'SPORTS!\r\nFrom Soccer to Football and Tennis or Hockey.\r\nLets all participate in them here at The Sports Group 15', 'Christian1479801645.jpg'),
(120, 'The Coffee Group  9', 'Legend tells of a computer wiz who was fascinated by coffee.\r\nHere we''re gathered in order to follow in this man''s footsteps.\r\nCoffee is our blood. Oh lord Tyler thank you for this glorious tag that you have shined upon us.\r\nLet us drink to our hearts desire. Only at...\r\nThe Coffee Group 9', 'Christian1479801651.jpg'),
(121, 'The Food Group 24', 'We are the gourmet. The connoisseurs of good food.\r\nEnjoy your meal!\r\nEnjoy your meals soley at The Food Group 24', 'Christian1479801657.jpg'),
(122, 'The Sports Group  16', 'SPORTS!\r\nFrom Soccer to Football and Tennis or Hockey.\r\nLets all participate in them here at The Sports Group 16', 'Sophie1479801670.jpg'),
(123, 'The Education Group  11', 'Lets all study together!\r\nFrom math to sciences, we help each other in The Education Group 11', 'Sophie1479801675.jpg'),
(124, 'The Food Group 25', 'We are the gourmet. The connoisseurs of good food.\r\nEnjoy your meal!\r\nEnjoy your meals soley at The Food Group 25', 'Sophie1479801681.jpg'),
(125, 'The Sports Group  17', 'SPORTS!\r\nFrom Soccer to Football and Tennis or Hockey.\r\nLets all participate in them here at The Sports Group 17', 'Sophie1479801686.jpg'),
(126, 'The Education Group  12', 'Lets all study together!\r\nFrom math to sciences, we help each other in The Education Group 12', 'Sophie1479801691.jpg'),
(127, 'The Education Group  13', 'Lets all study together!\r\nFrom math to sciences, we help each other in The Education Group 13', 'Angela1479801703.jpg'),
(128, 'The Food Group 26', 'We are the gourmet. The connoisseurs of good food.\r\nEnjoy your meal!\r\nEnjoy your meals soley at The Food Group 26', 'Angela1479801708.jpg'),
(129, 'The Coffee Group  10', 'Legend tells of a computer wiz who was fascinated by coffee.\r\nHere we''re gathered in order to follow in this man''s footsteps.\r\nCoffee is our blood. Oh lord Tyler thank you for this glorious tag that you have shined upon us.\r\nLet us drink to our hearts desire. Only at...\r\nThe Coffee Group 10', 'Angela1479801714.jpg'),
(130, 'The Movie Group 15', 'This is the movie goers best group!\r\nWe watch Pixar to Star Wars. All kinds of Movies!\r\nLets watch movies together here in The Movie Group 15', 'Angela1479801719.jpg'),
(131, 'The Movie Group 16', 'This is the movie goers best group!\r\nWe watch Pixar to Star Wars. All kinds of Movies!\r\nLets watch movies together here in The Movie Group 16', 'Warren1479801731.jpg'),
(132, 'The Coffee Group  11', 'Legend tells of a computer wiz who was fascinated by coffee.\r\nHere we''re gathered in order to follow in this man''s footsteps.\r\nCoffee is our blood. Oh lord Tyler thank you for this glorious tag that you have shined upon us.\r\nLet us drink to our hearts desire. Only at...\r\nThe Coffee Group 11', 'Warren1479801737.jpg'),
(133, 'The Sports Group  18', 'SPORTS!\r\nFrom Soccer to Football and Tennis or Hockey.\r\nLets all participate in them here at The Sports Group 18', 'Evan1479801749.jpg'),
(134, 'The Food Group 27', 'We are the gourmet. The connoisseurs of good food.\r\nEnjoy your meal!\r\nEnjoy your meals soley at The Food Group 27', 'Evan1479801754.jpg'),
(135, 'The Movie Group 17', 'This is the movie goers best group!\r\nWe watch Pixar to Star Wars. All kinds of Movies!\r\nLets watch movies together here in The Movie Group 17', 'Evan1479801758.jpg'),
(136, 'The Movie Group 18', 'This is the movie goers best group!\r\nWe watch Pixar to Star Wars. All kinds of Movies!\r\nLets watch movies together here in The Movie Group 18', 'Evan1479801763.jpg'),
(137, 'The Education Group  14', 'Lets all study together!\r\nFrom math to sciences, we help each other in The Education Group 14', 'Sophie1479801775.jpg'),
(138, 'The Education Group  15', 'Lets all study together!\r\nFrom math to sciences, we help each other in The Education Group 15', 'Sophie1479801780.jpg'),
(139, 'The Education Group  16', 'Lets all study together!\r\nFrom math to sciences, we help each other in The Education Group 16', 'Sophie1479801785.jpg'),
(140, 'The Sports Group  19', 'SPORTS!\r\nFrom Soccer to Football and Tennis or Hockey.\r\nLets all participate in them here at The Sports Group 19', 'Dan1479801797.jpg'),
(141, 'The Education Group  17', 'Lets all study together!\r\nFrom math to sciences, we help each other in The Education Group 17', 'Dan1479801802.jpg'),
(142, 'The Food Group 28', 'We are the gourmet. The connoisseurs of good food.\r\nEnjoy your meal!\r\nEnjoy your meals soley at The Food Group 28', 'Luke1479801815.jpg'),
(143, 'The Sports Group  20', 'SPORTS!\r\nFrom Soccer to Football and Tennis or Hockey.\r\nLets all participate in them here at The Sports Group 20', 'Luke1479801820.jpg'),
(144, 'The Movie Group 19', 'This is the movie goers best group!\r\nWe watch Pixar to Star Wars. All kinds of Movies!\r\nLets watch movies together here in The Movie Group 19', 'Luke1479801824.jpg'),
(145, 'The Food Group 29', 'We are the gourmet. The connoisseurs of good food.\r\nEnjoy your meal!\r\nEnjoy your meals soley at The Food Group 29', 'Luke1479801830.jpg'),
(146, 'The Sports Group  21', 'SPORTS!\r\nFrom Soccer to Football and Tennis or Hockey.\r\nLets all participate in them here at The Sports Group 21', 'Luke1479801835.jpg'),
(147, 'The Education Group  18', 'Lets all study together!\r\nFrom math to sciences, we help each other in The Education Group 18', 'Matt1479801847.jpg'),
(148, 'The Movie Group 20', 'This is the movie goers best group!\r\nWe watch Pixar to Star Wars. All kinds of Movies!\r\nLets watch movies together here in The Movie Group 20', 'Matt1479801852.jpg'),
(149, 'The Sports Group  22', 'SPORTS!\r\nFrom Soccer to Football and Tennis or Hockey.\r\nLets all participate in them here at The Sports Group 22', 'Matt1479801857.jpg'),
(150, 'The Food Group 30', 'We are the gourmet. The connoisseurs of good food.\r\nEnjoy your meal!\r\nEnjoy your meals soley at The Food Group 30', 'Ryan1479801869.jpg'),
(151, 'The Coffee Group  12', 'Legend tells of a computer wiz who was fascinated by coffee.\r\nHere we''re gathered in order to follow in this man''s footsteps.\r\nCoffee is our blood. Oh lord Tyler thank you for this glorious tag that you have shined upon us.\r\nLet us drink to our hearts desire. Only at...\r\nThe Coffee Group 12', 'Ryan1479801875.jpg'),
(152, 'The Coffee Group  13', 'Legend tells of a computer wiz who was fascinated by coffee.\r\nHere we''re gathered in order to follow in this man''s footsteps.\r\nCoffee is our blood. Oh lord Tyler thank you for this glorious tag that you have shined upon us.\r\nLet us drink to our hearts desire. Only at...\r\nThe Coffee Group 13', 'John1479801887.jpg'),
(153, 'The Movie Group 21', 'This is the movie goers best group!\r\nWe watch Pixar to Star Wars. All kinds of Movies!\r\nLets watch movies together here in The Movie Group 21', 'John1479801892.jpg'),
(154, 'The Coffee Group  14', 'Legend tells of a computer wiz who was fascinated by coffee.\r\nHere we''re gathered in order to follow in this man''s footsteps.\r\nCoffee is our blood. Oh lord Tyler thank you for this glorious tag that you have shined upon us.\r\nLet us drink to our hearts desire. Only at...\r\nThe Coffee Group 14', 'John1479801898.jpg'),
(155, 'The Sports Group  23', 'SPORTS!\r\nFrom Soccer to Football and Tennis or Hockey.\r\nLets all participate in them here at The Sports Group 23', 'Amanda1479801910.jpg'),
(156, 'The Sports Group  24', 'SPORTS!\r\nFrom Soccer to Football and Tennis or Hockey.\r\nLets all participate in them here at The Sports Group 24', 'Amanda1479801915.jpg'),
(157, 'The Sports Group  25', 'SPORTS!\r\nFrom Soccer to Football and Tennis or Hockey.\r\nLets all participate in them here at The Sports Group 25', 'Amanda1479801921.jpg'),
(158, 'The Movie Group 22', 'This is the movie goers best group!\r\nWe watch Pixar to Star Wars. All kinds of Movies!\r\nLets watch movies together here in The Movie Group 22', 'Peter1479801933.jpg'),
(159, 'The Sports Group  26', 'SPORTS!\r\nFrom Soccer to Football and Tennis or Hockey.\r\nLets all participate in them here at The Sports Group 26', 'Jack1479801945.jpg'),
(160, 'The Sports Group  27', 'SPORTS!\r\nFrom Soccer to Football and Tennis or Hockey.\r\nLets all participate in them here at The Sports Group 27', 'Jack1479801950.jpg'),
(161, 'The Food Group 31', 'We are the gourmet. The connoisseurs of good food.\r\nEnjoy your meal!\r\nEnjoy your meals soley at The Food Group 31', 'Jack1479801956.jpg'),
(162, 'The Sports Group  28', 'SPORTS!\r\nFrom Soccer to Football and Tennis or Hockey.\r\nLets all participate in them here at The Sports Group 28', 'Jack1479801961.jpg'),
(163, 'The Food Group 32', 'We are the gourmet. The connoisseurs of good food.\r\nEnjoy your meal!\r\nEnjoy your meals soley at The Food Group 32', 'Jack1479801966.jpg'),
(164, 'The Education Group  19', 'Lets all study together!\r\nFrom math to sciences, we help each other in The Education Group 19', 'Isaac1479801978.jpg'),
(165, 'The Food Group 33', 'We are the gourmet. The connoisseurs of good food.\r\nEnjoy your meal!\r\nEnjoy your meals soley at The Food Group 33', 'Hannah1479801991.jpg'),
(166, 'The Food Group 34', 'We are the gourmet. The connoisseurs of good food.\r\nEnjoy your meal!\r\nEnjoy your meals soley at The Food Group 34', 'Hannah1479801996.jpg'),
(167, 'The Sports Group  29', 'SPORTS!\r\nFrom Soccer to Football and Tennis or Hockey.\r\nLets all participate in them here at The Sports Group 29', 'Hannah1479802001.jpg'),
(168, 'The Food Group 35', 'We are the gourmet. The connoisseurs of good food.\r\nEnjoy your meal!\r\nEnjoy your meals soley at The Food Group 35', 'Audrey1479802014.jpg'),
(169, 'The Coffee Group  15', 'Legend tells of a computer wiz who was fascinated by coffee.\r\nHere we''re gathered in order to follow in this man''s footsteps.\r\nCoffee is our blood. Oh lord Tyler thank you for this glorious tag that you have shined upon us.\r\nLet us drink to our hearts desire. Only at...\r\nThe Coffee Group 15', 'Kevin1479802027.jpg'),
(170, 'The Education Group  20', 'Lets all study together!\r\nFrom math to sciences, we help each other in The Education Group 20', 'Kevin1479802032.jpg'),
(171, 'The Coffee Group  16', 'Legend tells of a computer wiz who was fascinated by coffee.\r\nHere we''re gathered in order to follow in this man''s footsteps.\r\nCoffee is our blood. Oh lord Tyler thank you for this glorious tag that you have shined upon us.\r\nLet us drink to our hearts desire. Only at...\r\nThe Coffee Group 16', 'Joanne1479802045.jpg'),
(172, 'The Coffee Group  17', 'Legend tells of a computer wiz who was fascinated by coffee.\r\nHere we''re gathered in order to follow in this man''s footsteps.\r\nCoffee is our blood. Oh lord Tyler thank you for this glorious tag that you have shined upon us.\r\nLet us drink to our hearts desire. Only at...\r\nThe Coffee Group 17', 'Joanne1479802050.jpg'),
(173, 'The Education Group  21', 'Lets all study together!\r\nFrom math to sciences, we help each other in The Education Group 21', 'Joanne1479802055.jpg'),
(174, 'The Food Group 36', 'We are the gourmet. The connoisseurs of good food.\r\nEnjoy your meal!\r\nEnjoy your meals soley at The Food Group 36', 'Adam1479802068.jpg'),
(175, 'The Education Group  22', 'Lets all study together!\r\nFrom math to sciences, we help each other in The Education Group 22', 'Adam1479802072.jpg'),
(176, 'The Education Group  23', 'Lets all study together!\r\nFrom math to sciences, we help each other in The Education Group 23', 'Adam1479802077.jpg'),
(177, 'The Sports Group  30', 'SPORTS!\r\nFrom Soccer to Football and Tennis or Hockey.\r\nLets all participate in them here at The Sports Group 30', 'Kylie1479802090.jpg'),
(178, 'The Coffee Group  18', 'Legend tells of a computer wiz who was fascinated by coffee.\r\nHere we''re gathered in order to follow in this man''s footsteps.\r\nCoffee is our blood. Oh lord Tyler thank you for this glorious tag that you have shined upon us.\r\nLet us drink to our hearts desire. Only at...\r\nThe Coffee Group 18', 'Kylie1479802095.jpg'),
(179, 'The Movie Group 23', 'This is the movie goers best group!\r\nWe watch Pixar to Star Wars. All kinds of Movies!\r\nLets watch movies together here in The Movie Group 23', 'Kylie1479802100.jpg'),
(180, 'The Coffee Group  19', 'Legend tells of a computer wiz who was fascinated by coffee.\r\nHere we''re gathered in order to follow in this man''s footsteps.\r\nCoffee is our blood. Oh lord Tyler thank you for this glorious tag that you have shined upon us.\r\nLet us drink to our hearts desire. Only at...\r\nThe Coffee Group 19', 'Kylie1479802106.jpg'),
(181, 'The Education Group  24', 'Lets all study together!\r\nFrom math to sciences, we help each other in The Education Group 24', 'Sally1479802118.jpg'),
(182, 'The Food Group 37', 'We are the gourmet. The connoisseurs of good food.\r\nEnjoy your meal!\r\nEnjoy your meals soley at The Food Group 37', 'Sally1479802123.jpg'),
(183, 'The Movie Group 24', 'This is the movie goers best group!\r\nWe watch Pixar to Star Wars. All kinds of Movies!\r\nLets watch movies together here in The Movie Group 24', 'Sally1479802127.jpg'),
(184, 'The Coffee Group  20', 'Legend tells of a computer wiz who was fascinated by coffee.\r\nHere we''re gathered in order to follow in this man''s footsteps.\r\nCoffee is our blood. Oh lord Tyler thank you for this glorious tag that you have shined upon us.\r\nLet us drink to our hearts desire. Only at...\r\nThe Coffee Group 20', 'Sally1479802133.jpg'),
(185, 'The Sports Group  31', 'SPORTS!\r\nFrom Soccer to Football and Tennis or Hockey.\r\nLets all participate in them here at The Sports Group 31', 'Vanessa1479802145.jpg'),
(186, 'The Education Group  25', 'Lets all study together!\r\nFrom math to sciences, we help each other in The Education Group 25', 'Vanessa1479802150.jpg'),
(187, 'The Movie Group 25', 'This is the movie goers best group!\r\nWe watch Pixar to Star Wars. All kinds of Movies!\r\nLets watch movies together here in The Movie Group 25', 'Diana1479802162.jpg'),
(188, 'The Movie Group 26', 'This is the movie goers best group!\r\nWe watch Pixar to Star Wars. All kinds of Movies!\r\nLets watch movies together here in The Movie Group 26', 'Diana1479802167.jpg'),
(189, 'The Sports Group  32', 'SPORTS!\r\nFrom Soccer to Football and Tennis or Hockey.\r\nLets all participate in them here at The Sports Group 32', 'Diana1479802172.jpg'),
(190, 'The Sports Group  33', 'SPORTS!\r\nFrom Soccer to Football and Tennis or Hockey.\r\nLets all participate in them here at The Sports Group 33', 'Austin1479802184.jpg'),
(191, 'The Sports Group  34', 'SPORTS!\r\nFrom Soccer to Football and Tennis or Hockey.\r\nLets all participate in them here at The Sports Group 34', 'Austin1479802189.jpg'),
(192, 'The Coffee Group  21', 'Legend tells of a computer wiz who was fascinated by coffee.\r\nHere we''re gathered in order to follow in this man''s footsteps.\r\nCoffee is our blood. Oh lord Tyler thank you for this glorious tag that you have shined upon us.\r\nLet us drink to our hearts desire. Only at...\r\nThe Coffee Group 21', 'Austin1479802195.jpg'),
(193, 'The Education Group  26', 'Lets all study together!\r\nFrom math to sciences, we help each other in The Education Group 26', 'Leonard1479802207.jpg'),
(194, 'The Movie Group 27', 'This is the movie goers best group!\r\nWe watch Pixar to Star Wars. All kinds of Movies!\r\nLets watch movies together here in The Movie Group 27', 'Isaac1479802219.jpg'),
(195, 'The Sports Group  35', 'SPORTS!\r\nFrom Soccer to Football and Tennis or Hockey.\r\nLets all participate in them here at The Sports Group 35', 'Isaac1479802224.jpg'),
(196, 'The Education Group  27', 'Lets all study together!\r\nFrom math to sciences, we help each other in The Education Group 27', 'Isaac1479802229.jpg'),
(197, 'The Coffee Group  22', 'Legend tells of a computer wiz who was fascinated by coffee.\r\nHere we''re gathered in order to follow in this man''s footsteps.\r\nCoffee is our blood. Oh lord Tyler thank you for this glorious tag that you have shined upon us.\r\nLet us drink to our hearts desire. Only at...\r\nThe Coffee Group 22', 'Joan1479802241.jpg'),
(198, 'The Coffee Group  23', 'Legend tells of a computer wiz who was fascinated by coffee.\r\nHere we''re gathered in order to follow in this man''s footsteps.\r\nCoffee is our blood. Oh lord Tyler thank you for this glorious tag that you have shined upon us.\r\nLet us drink to our hearts desire. Only at...\r\nThe Coffee Group 23', 'Joan1479802247.jpg'),
(199, 'The Food Group 38', 'We are the gourmet. The connoisseurs of good food.\r\nEnjoy your meal!\r\nEnjoy your meals soley at The Food Group 38', 'Joan1479802252.jpg'),
(200, 'The Food Group 39', 'We are the gourmet. The connoisseurs of good food.\r\nEnjoy your meal!\r\nEnjoy your meals soley at The Food Group 39', 'Wendy1479802264.jpg'),
(201, 'The Sports Group  36', 'SPORTS!\r\nFrom Soccer to Football and Tennis or Hockey.\r\nLets all participate in them here at The Sports Group 36', 'Wendy1479802269.jpg'),
(202, 'The Education Group  28', 'Lets all study together!\r\nFrom math to sciences, we help each other in The Education Group 28', 'Wendy1479802275.jpg'),
(203, 'The Food Group 40', 'We are the gourmet. The connoisseurs of good food.\r\nEnjoy your meal!\r\nEnjoy your meals soley at The Food Group 40', 'Wendy1479802281.jpg'),
(204, 'The Movie Group 28', 'This is the movie goers best group!\r\nWe watch Pixar to Star Wars. All kinds of Movies!\r\nLets watch movies together here in The Movie Group 28', 'Claire1479802293.jpg'),
(205, 'The Movie Group 29', 'This is the movie goers best group!\r\nWe watch Pixar to Star Wars. All kinds of Movies!\r\nLets watch movies together here in The Movie Group 29', 'Claire1479802298.jpg'),
(206, 'The Education Group  29', 'Lets all study together!\r\nFrom math to sciences, we help each other in The Education Group 29', 'Claire1479802304.jpg'),
(207, 'The Food Group 41', 'We are the gourmet. The connoisseurs of good food.\r\nEnjoy your meal!\r\nEnjoy your meals soley at The Food Group 41', 'Grace1479802316.jpg'),
(208, 'The Sports Group  37', 'SPORTS!\r\nFrom Soccer to Football and Tennis or Hockey.\r\nLets all participate in them here at The Sports Group 37', 'Grace1479802321.jpg'),
(209, 'The Sports Group  38', 'SPORTS!\r\nFrom Soccer to Football and Tennis or Hockey.\r\nLets all participate in them here at The Sports Group 38', 'Grace1479802326.jpg'),
(210, 'The Education Group  30', 'Lets all study together!\r\nFrom math to sciences, we help each other in The Education Group 30', 'Megan1479802338.jpg'),
(211, 'The Education Group  31', 'Lets all study together!\r\nFrom math to sciences, we help each other in The Education Group 31', 'Megan1479802343.jpg'),
(212, 'The Coffee Group  24', 'Legend tells of a computer wiz who was fascinated by coffee.\r\nHere we''re gathered in order to follow in this man''s footsteps.\r\nCoffee is our blood. Oh lord Tyler thank you for this glorious tag that you have shined upon us.\r\nLet us drink to our hearts desire. Only at...\r\nThe Coffee Group 24', 'Zoe1479802356.jpg'),
(213, 'The Coffee Group  25', 'Legend tells of a computer wiz who was fascinated by coffee.\r\nHere we''re gathered in order to follow in this man''s footsteps.\r\nCoffee is our blood. Oh lord Tyler thank you for this glorious tag that you have shined upon us.\r\nLet us drink to our hearts desire. Only at...\r\nThe Coffee Group 25', 'Zoe1479802362.jpg'),
(214, 'The Education Group  32', 'Lets all study together!\r\nFrom math to sciences, we help each other in The Education Group 32', 'Zoe1479802367.jpg'),
(215, 'The Sports Group  39', 'SPORTS!\r\nFrom Soccer to Football and Tennis or Hockey.\r\nLets all participate in them here at The Sports Group 39', 'Zoe1479802373.jpg'),
(216, 'The Coffee Group  26', 'Legend tells of a computer wiz who was fascinated by coffee.\r\nHere we''re gathered in order to follow in this man''s footsteps.\r\nCoffee is our blood. Oh lord Tyler thank you for this glorious tag that you have shined upon us.\r\nLet us drink to our hearts desire. Only at...\r\nThe Coffee Group 26', 'Matt1479802385.jpg'),
(217, 'The Coffee Group  27', 'Legend tells of a computer wiz who was fascinated by coffee.\r\nHere we''re gathered in order to follow in this man''s footsteps.\r\nCoffee is our blood. Oh lord Tyler thank you for this glorious tag that you have shined upon us.\r\nLet us drink to our hearts desire. Only at...\r\nThe Coffee Group 27', 'Matt1479802391.jpg'),
(218, 'The Movie Group 30', 'This is the movie goers best group!\r\nWe watch Pixar to Star Wars. All kinds of Movies!\r\nLets watch movies together here in The Movie Group 30', 'Matt1479802396.jpg'),
(219, 'The Sports Group  40', 'SPORTS!\r\nFrom Soccer to Football and Tennis or Hockey.\r\nLets all participate in them here at The Sports Group 40', 'Matt1479802401.jpg'),
(220, 'The Education Group  33', 'Lets all study together!\r\nFrom math to sciences, we help each other in The Education Group 33', 'Matt1479802406.jpg'),
(221, 'The Sports Group  41', 'SPORTS!\r\nFrom Soccer to Football and Tennis or Hockey.\r\nLets all participate in them here at The Sports Group 41', 'Heather1479802417.jpg'),
(222, 'The Movie Group 31', 'This is the movie goers best group!\r\nWe watch Pixar to Star Wars. All kinds of Movies!\r\nLets watch movies together here in The Movie Group 31', 'Heather1479802422.jpg'),
(223, 'The Education Group  34', 'Lets all study together!\r\nFrom math to sciences, we help each other in The Education Group 34', 'Natalie1479802434.jpg'),
(224, 'The Movie Group 32', 'This is the movie goers best group!\r\nWe watch Pixar to Star Wars. All kinds of Movies!\r\nLets watch movies together here in The Movie Group 32', 'Natalie1479802439.jpg'),
(225, 'The Sports Group  42', 'SPORTS!\r\nFrom Soccer to Football and Tennis or Hockey.\r\nLets all participate in them here at The Sports Group 42', 'Natalie1479802444.jpg'),
(226, 'The Sports Group  43', 'SPORTS!\r\nFrom Soccer to Football and Tennis or Hockey.\r\nLets all participate in them here at The Sports Group 43', 'Natalie1479802449.jpg'),
(227, 'The Food Group 42', 'We are the gourmet. The connoisseurs of good food.\r\nEnjoy your meal!\r\nEnjoy your meals soley at The Food Group 42', 'William1479802461.jpg'),
(228, 'The Sports Group  44', 'SPORTS!\r\nFrom Soccer to Football and Tennis or Hockey.\r\nLets all participate in them here at The Sports Group 44', 'William1479802466.jpg'),
(229, 'The Education Group  35', 'Lets all study together!\r\nFrom math to sciences, we help each other in The Education Group 35', 'William1479802471.jpg'),
(230, 'The Movie Group 33', 'This is the movie goers best group!\r\nWe watch Pixar to Star Wars. All kinds of Movies!\r\nLets watch movies together here in The Movie Group 33', 'Sam1479802482.jpg'),
(231, 'The Education Group  36', 'Lets all study together!\r\nFrom math to sciences, we help each other in The Education Group 36', 'Sam1479802487.jpg'),
(232, 'The Coffee Group  28', 'Legend tells of a computer wiz who was fascinated by coffee.\r\nHere we''re gathered in order to follow in this man''s footsteps.\r\nCoffee is our blood. Oh lord Tyler thank you for this glorious tag that you have shined upon us.\r\nLet us drink to our hearts desire. Only at...\r\nThe Coffee Group 28', 'Stephen1479802500.jpg'),
(233, 'The Food Group 43', 'We are the gourmet. The connoisseurs of good food.\r\nEnjoy your meal!\r\nEnjoy your meals soley at The Food Group 43', 'Stephen1479802505.jpg'),
(234, 'The Coffee Group  29', 'Legend tells of a computer wiz who was fascinated by coffee.\r\nHere we''re gathered in order to follow in this man''s footsteps.\r\nCoffee is our blood. Oh lord Tyler thank you for this glorious tag that you have shined upon us.\r\nLet us drink to our hearts desire. Only at...\r\nThe Coffee Group 29', 'Katherine1479802518.jpg'),
(235, 'The Movie Group 34', 'This is the movie goers best group!\r\nWe watch Pixar to Star Wars. All kinds of Movies!\r\nLets watch movies together here in The Movie Group 34', 'Katherine1479802523.jpg'),
(236, 'The Education Group  37', 'Lets all study together!\r\nFrom math to sciences, we help each other in The Education Group 37', 'Katherine1479802528.jpg'),
(237, 'The Education Group  38', 'Lets all study together!\r\nFrom math to sciences, we help each other in The Education Group 38', 'Nicholas1479802540.jpg'),
(238, 'The Food Group 44', 'We are the gourmet. The connoisseurs of good food.\r\nEnjoy your meal!\r\nEnjoy your meals soley at The Food Group 44', 'Deirdre1479802552.jpg'),
(239, 'The Food Group 45', 'We are the gourmet. The connoisseurs of good food.\r\nEnjoy your meal!\r\nEnjoy your meals soley at The Food Group 45', 'Deirdre1479802557.jpg'),
(240, 'The Coffee Group  30', 'Legend tells of a computer wiz who was fascinated by coffee.\r\nHere we''re gathered in order to follow in this man''s footsteps.\r\nCoffee is our blood. Oh lord Tyler thank you for this glorious tag that you have shined upon us.\r\nLet us drink to our hearts desire. Only at...\r\nThe Coffee Group 30', 'Deirdre1479802563.jpg'),
(241, 'The Sports Group  45', 'SPORTS!\r\nFrom Soccer to Football and Tennis or Hockey.\r\nLets all participate in them here at The Sports Group 45', 'Wanda1479802575.jpg'),
(242, 'The Sports Group  46', 'SPORTS!\r\nFrom Soccer to Football and Tennis or Hockey.\r\nLets all participate in them here at The Sports Group 46', 'Amy1479802587.jpg'),
(243, 'The Food Group 46', 'We are the gourmet. The connoisseurs of good food.\r\nEnjoy your meal!\r\nEnjoy your meals soley at The Food Group 46', 'Ruth1479802599.jpg'),
(244, 'The Sports Group  47', 'SPORTS!\r\nFrom Soccer to Football and Tennis or Hockey.\r\nLets all participate in them here at The Sports Group 47', 'Ruth1479802605.jpg'),
(245, 'The Coffee Group  31', 'Legend tells of a computer wiz who was fascinated by coffee.\r\nHere we''re gathered in order to follow in this man''s footsteps.\r\nCoffee is our blood. Oh lord Tyler thank you for this glorious tag that you have shined upon us.\r\nLet us drink to our hearts desire. Only at...\r\nThe Coffee Group 31', 'Ruth1479802610.jpg'),
(246, 'The Sports Group  48', 'SPORTS!\r\nFrom Soccer to Football and Tennis or Hockey.\r\nLets all participate in them here at The Sports Group 48', 'Ruth1479802615.jpg'),
(247, 'The Movie Group 35', 'This is the movie goers best group!\r\nWe watch Pixar to Star Wars. All kinds of Movies!\r\nLets watch movies together here in The Movie Group 35', 'Ruth1479802620.jpg'),
(248, 'The Food Group 47', 'We are the gourmet. The connoisseurs of good food.\r\nEnjoy your meal!\r\nEnjoy your meals soley at The Food Group 47', 'Heather1479802632.jpg'),
(249, 'The Coffee Group  32', 'Legend tells of a computer wiz who was fascinated by coffee.\r\nHere we''re gathered in order to follow in this man''s footsteps.\r\nCoffee is our blood. Oh lord Tyler thank you for this glorious tag that you have shined upon us.\r\nLet us drink to our hearts desire. Only at...\r\nThe Coffee Group 32', 'Heather1479802638.jpg'),
(250, 'The Education Group  39', 'Lets all study together!\r\nFrom math to sciences, we help each other in The Education Group 39', 'Heather1479802643.jpg'),
(251, 'The Sports Group  49', 'SPORTS!\r\nFrom Soccer to Football and Tennis or Hockey.\r\nLets all participate in them here at The Sports Group 49', 'Heather1479802648.jpg'),
(252, 'The Sports Group  50', 'SPORTS!\r\nFrom Soccer to Football and Tennis or Hockey.\r\nLets all participate in them here at The Sports Group 50', 'Melanie1479802660.jpg'),
(253, 'The Coffee Group  33', 'Legend tells of a computer wiz who was fascinated by coffee.\r\nHere we''re gathered in order to follow in this man''s footsteps.\r\nCoffee is our blood. Oh lord Tyler thank you for this glorious tag that you have shined upon us.\r\nLet us drink to our hearts desire. Only at...\r\nThe Coffee Group 33', 'Madeleine1479802673.jpg'),
(254, 'The Food Group 48', 'We are the gourmet. The connoisseurs of good food.\r\nEnjoy your meal!\r\nEnjoy your meals soley at The Food Group 48', 'Madeleine1479802678.jpg'),
(255, 'The Education Group  40', 'Lets all study together!\r\nFrom math to sciences, we help each other in The Education Group 40', 'Anna1479802690.jpg'),
(256, 'The Education Group  41', 'Lets all study together!\r\nFrom math to sciences, we help each other in The Education Group 41', 'Anna1479802695.jpg'),
(257, 'The Education Group  42', 'Lets all study together!\r\nFrom math to sciences, we help each other in The Education Group 42', 'Anna1479802699.jpg'),
(258, 'The Education Group  43', 'Lets all study together!\r\nFrom math to sciences, we help each other in The Education Group 43', 'Anna1479802704.jpg'),
(259, 'The Sports Group  51', 'SPORTS!\r\nFrom Soccer to Football and Tennis or Hockey.\r\nLets all participate in them here at The Sports Group 51', 'Bella1479802716.jpg'),
(260, 'The Coffee Group  34', 'Legend tells of a computer wiz who was fascinated by coffee.\r\nHere we''re gathered in order to follow in this man''s footsteps.\r\nCoffee is our blood. Oh lord Tyler thank you for this glorious tag that you have shined upon us.\r\nLet us drink to our hearts desire. Only at...\r\nThe Coffee Group 34', 'Bella1479802722.jpg'),
(261, 'The Food Group 49', 'We are the gourmet. The connoisseurs of good food.\r\nEnjoy your meal!\r\nEnjoy your meals soley at The Food Group 49', 'Hannah1479802734.jpg'),
(262, 'The Movie Group 36', 'This is the movie goers best group!\r\nWe watch Pixar to Star Wars. All kinds of Movies!\r\nLets watch movies together here in The Movie Group 36', 'Keith1479802746.jpg'),
(263, 'The Food Group 50', 'We are the gourmet. The connoisseurs of good food.\r\nEnjoy your meal!\r\nEnjoy your meals soley at The Food Group 50', 'Keith1479802751.jpg'),
(264, 'The Coffee Group  35', 'Legend tells of a computer wiz who was fascinated by coffee.\r\nHere we''re gathered in order to follow in this man''s footsteps.\r\nCoffee is our blood. Oh lord Tyler thank you for this glorious tag that you have shined upon us.\r\nLet us drink to our hearts desire. Only at...\r\nThe Coffee Group 35', 'Keith1479802757.jpg'),
(265, 'The Coffee Group  36', 'Legend tells of a computer wiz who was fascinated by coffee.\r\nHere we''re gathered in order to follow in this man''s footsteps.\r\nCoffee is our blood. Oh lord Tyler thank you for this glorious tag that you have shined upon us.\r\nLet us drink to our hearts desire. Only at...\r\nThe Coffee Group 36', 'Donna1479802769.jpg'),
(266, 'The Coffee Group  37', 'Legend tells of a computer wiz who was fascinated by coffee.\r\nHere we''re gathered in order to follow in this man''s footsteps.\r\nCoffee is our blood. Oh lord Tyler thank you for this glorious tag that you have shined upon us.\r\nLet us drink to our hearts desire. Only at...\r\nThe Coffee Group 37', 'Donna1479802775.jpg'),
(267, 'The Education Group  44', 'Lets all study together!\r\nFrom math to sciences, we help each other in The Education Group 44', 'Lucas1479802787.jpg'),
(268, 'The Sports Group  52', 'SPORTS!\r\nFrom Soccer to Football and Tennis or Hockey.\r\nLets all participate in them here at The Sports Group 52', 'Joseph1479802799.jpg'),
(269, 'The Movie Group 37', 'This is the movie goers best group!\r\nWe watch Pixar to Star Wars. All kinds of Movies!\r\nLets watch movies together here in The Movie Group 37', 'Joseph1479802803.jpg'),
(270, 'The Movie Group 38', 'This is the movie goers best group!\r\nWe watch Pixar to Star Wars. All kinds of Movies!\r\nLets watch movies together here in The Movie Group 38', 'Benjamin1479802815.jpg'),
(271, 'The Movie Group 39', 'This is the movie goers best group!\r\nWe watch Pixar to Star Wars. All kinds of Movies!\r\nLets watch movies together here in The Movie Group 39', 'Benjamin1479802820.jpg'),
(272, 'The Education Group  45', 'Lets all study together!\r\nFrom math to sciences, we help each other in The Education Group 45', 'Benjamin1479802825.jpg'),
(273, 'The Movie Group 40', 'This is the movie goers best group!\r\nWe watch Pixar to Star Wars. All kinds of Movies!\r\nLets watch movies together here in The Movie Group 40', 'Benjamin1479802830.jpg'),
(274, 'The Sports Group  53', 'SPORTS!\r\nFrom Soccer to Football and Tennis or Hockey.\r\nLets all participate in them here at The Sports Group 53', 'Benjamin1479802835.jpg'),
(275, 'The Food Group 51', 'We are the gourmet. The connoisseurs of good food.\r\nEnjoy your meal!\r\nEnjoy your meals soley at The Food Group 51', 'Jake1479802848.jpg'),
(276, 'The Food Group 52', 'We are the gourmet. The connoisseurs of good food.\r\nEnjoy your meal!\r\nEnjoy your meals soley at The Food Group 52', 'Jake1479802853.jpg'),
(277, 'The Coffee Group  38', 'Legend tells of a computer wiz who was fascinated by coffee.\r\nHere we''re gathered in order to follow in this man''s footsteps.\r\nCoffee is our blood. Oh lord Tyler thank you for this glorious tag that you have shined upon us.\r\nLet us drink to our hearts desire. Only at...\r\nThe Coffee Cult 38', 'Vanessa1479802866.jpg'),
(278, 'The Coffee Group  39', 'Legend tells of a computer wiz who was fascinated by coffee.\r\nHere we''re gathered in order to follow in this man''s footsteps.\r\nCoffee is our blood. Oh lord Tyler thank you for this glorious tag that you have shined upon us.\r\nLet us drink to our hearts desire. Only at...\r\nThe Coffee Group 39', 'Gavin1479802878.jpg'),
(279, 'The Coffee Group  40', 'Legend tells of a computer wiz who was fascinated by coffee.\r\nHere we''re gathered in order to follow in this man''s footsteps.\r\nCoffee is our blood. Oh lord Tyler thank you for this glorious tag that you have shined upon us.\r\nLet us drink to our hearts desire. Only at...\r\nThe Coffee Group 40', 'Gavin1479802884.jpg'),
(280, 'The Coffee Group  41', 'Legend tells of a computer wiz who was fascinated by coffee.\r\nHere we''re gathered in order to follow in this man''s footsteps.\r\nCoffee is our blood. Oh lord Tyler thank you for this glorious tag that you have shined upon us.\r\nLet us drink to our hearts desire. Only at...\r\nThe Coffee Group 41', 'Gavin1479802889.jpg'),
(281, 'The Sports Group  54', 'SPORTS!\r\nFrom Soccer to Football and Tennis or Hockey.\r\nLets all participate in them here at The Sports Group 54', 'Ian1479802902.jpg'),
(282, 'The Food Group 53', 'We are the gourmet. The connoisseurs of good food.\r\nEnjoy your meal!\r\nEnjoy your meals soley at The Food Group 53', 'Ian1479802907.jpg'),
(283, 'The Coffee Group  42', 'Legend tells of a computer wiz who was fascinated by coffee.\r\nHere we''re gathered in order to follow in this man''s footsteps.\r\nCoffee is our blood. Oh lord Tyler thank you for this glorious tag that you have shined upon us.\r\nLet us drink to our hearts desire. Only at...\r\nThe Coffee Group 42', 'Ian1479802912.jpg'),
(284, 'The Education Group  46', 'Lets all study together!\r\nFrom math to sciences, we help each other in The Education Group 46', 'Jennifer1479802924.jpg'),
(285, 'The Education Group  47', 'Lets all study together!\r\nFrom math to sciences, we help each other in The Education Group 47', 'Paul1479802936.jpg'),
(286, 'The Education Group  48', 'Lets all study together!\r\nFrom math to sciences, we help each other in The Education Group 48', 'Paul1479802941.jpg'),
(287, 'The Education Group  49', 'Lets all study together!\r\nFrom math to sciences, we help each other in The Education Group 49', 'Paul1479802946.jpg'),
(288, 'The Coffee Group  43', 'Legend tells of a computer wiz who was fascinated by coffee.\r\nHere we''re gathered in order to follow in this man''s footsteps.\r\nCoffee is our blood. Oh lord Tyler thank you for this glorious tag that you have shined upon us.\r\nLet us drink to our hearts desire. Only at...\r\nThe Coffee Group 43', 'Edward1479802959.jpg'),
(289, 'The Education Group  50', 'Lets all study together!\r\nFrom math to sciences, we help each other in The Education Group 50', 'Edward1479802964.jpg'),
(290, 'The Food Group 54', 'We are the gourmet. The connoisseurs of good food.\r\nEnjoy your meal!\r\nEnjoy your meals soley at The Food Group 54', 'Edward1479802969.jpg'),
(291, 'The Movie Group 41', 'This is the movie goers best group!\r\nWe watch Pixar to Star Wars. All kinds of Movies!\r\nLets watch movies together here in The Movie Group 41', 'Edward1479802973.jpg'),
(292, 'The Sports Group  55', 'SPORTS!\r\nFrom Soccer to Football and Tennis or Hockey.\r\nLets all participate in them here at The Sports Group 55', 'Wendy1479802985.jpg');
INSERT INTO `organization` (`org_id`, `org_title`, `org_description`, `org_picture`) VALUES
(293, 'The Coffee Group  44', 'Legend tells of a computer wiz who was fascinated by coffee.\r\nHere we''re gathered in order to follow in this man''s footsteps.\r\nCoffee is our blood. Oh lord Tyler thank you for this glorious tag that you have shined upon us.\r\nLet us drink to our hearts desire. Only at...\r\nThe Coffee Group 44', 'Wendy1479802991.jpg'),
(294, 'The Food Group 55', 'We are the gourmet. The connoisseurs of good food.\r\nEnjoy your meal!\r\nEnjoy your meals soley at The Food Group 55', 'William1479803003.jpg'),
(295, 'The Education Group  51', 'Lets all study together!\r\nFrom math to sciences, we help each other in The Education Group 51', 'Irene1479803016.jpg'),
(296, 'The Coffee Group  45', 'Legend tells of a computer wiz who was fascinated by coffee.\r\nHere we''re gathered in order to follow in this man''s footsteps.\r\nCoffee is our blood. Oh lord Tyler thank you for this glorious tag that you have shined upon us.\r\nLet us drink to our hearts desire. Only at...\r\nThe Coffee Group 45', 'Irene1479803021.jpg'),
(297, 'The Food Group 56', 'We are the gourmet. The connoisseurs of good food.\r\nEnjoy your meal!\r\nEnjoy your meals soley at The Food Group 56', 'Irene1479803026.jpg'),
(298, 'The Food Group 57', 'We are the gourmet. The connoisseurs of good food.\r\nEnjoy your meal!\r\nEnjoy your meals soley at The Food Group 57', 'Irene1479803032.jpg'),
(299, 'The Sports Group  56', 'SPORTS!\r\nFrom Soccer to Football and Tennis or Hockey.\r\nLets all participate in them here at The Sports Group 56', 'Irene1479803037.jpg'),
(300, 'The Coffee Group  46', 'Legend tells of a computer wiz who was fascinated by coffee.\r\nHere we''re gathered in order to follow in this man''s footsteps.\r\nCoffee is our blood. Oh lord Tyler thank you for this glorious tag that you have shined upon us.\r\nLet us drink to our hearts desire. Only at...\r\nThe Coffee Group 46', 'Ella1479803049.jpg'),
(301, 'The Movie Group 42', 'This is the movie goers best group!\r\nWe watch Pixar to Star Wars. All kinds of Movies!\r\nLets watch movies together here in The Movie Group 42', 'Ella1479803054.jpg'),
(302, 'The Coffee Group  47', 'Legend tells of a computer wiz who was fascinated by coffee.\r\nHere we''re gathered in order to follow in this man''s footsteps.\r\nCoffee is our blood. Oh lord Tyler thank you for this glorious tag that you have shined upon us.\r\nLet us drink to our hearts desire. Only at...\r\nThe Coffee Group 47', 'Ella1479803060.jpg'),
(303, 'The Sports Group  57', 'SPORTS!\r\nFrom Soccer to Football and Tennis or Hockey.\r\nLets all participate in them here at The Sports Group 57', 'Ella1479803065.jpg'),
(304, 'The Movie Group 43', 'This is the movie goers best group!\r\nWe watch Pixar to Star Wars. All kinds of Movies!\r\nLets watch movies together here in The Movie Group 43', 'Ella1479803069.jpg'),
(305, 'The Food Group 58', 'We are the gourmet. The connoisseurs of good food.\r\nEnjoy your meal!\r\nEnjoy your meals soley at The Food Group 58', 'Faith1479803082.jpg'),
(306, 'The Education Group  52', 'Lets all study together!\r\nFrom math to sciences, we help each other in The Education Group 52', 'Faith1479803087.jpg'),
(307, 'The Movie Group 44', 'This is the movie goers best group!\r\nWe watch Pixar to Star Wars. All kinds of Movies!\r\nLets watch movies together here in The Movie Group 44', 'Faith1479803091.jpg'),
(308, 'The Coffee Group  48', 'Legend tells of a computer wiz who was fascinated by coffee.\r\nHere we''re gathered in order to follow in this man''s footsteps.\r\nCoffee is our blood. Oh lord Tyler thank you for this glorious tag that you have shined upon us.\r\nLet us drink to our hearts desire. Only at...\r\nThe Coffee Group 48', 'Faith1479803097.jpg'),
(309, 'The Food Group 59', 'We are the gourmet. The connoisseurs of good food.\r\nEnjoy your meal!\r\nEnjoy your meals soley at The Food Group 59', 'Faith1479803102.jpg'),
(310, 'The Education Group  53', 'Lets all study together!\r\nFrom math to sciences, we help each other in The Education Group 53', 'Chloe1479803114.jpg'),
(311, 'The Coffee Group  49', 'Legend tells of a computer wiz who was fascinated by coffee.\r\nHere we''re gathered in order to follow in this man''s footsteps.\r\nCoffee is our blood. Oh lord Tyler thank you for this glorious tag that you have shined upon us.\r\nLet us drink to our hearts desire. Only at...\r\nThe Coffee Group 49', 'Chloe1479803119.jpg'),
(312, 'The Food Group 60', 'We are the gourmet. The connoisseurs of good food.\r\nEnjoy your meal!\r\nEnjoy your meals soley at The Food Group 60', 'Chloe1479803125.jpg'),
(313, 'The Sports Group  58', 'SPORTS!\r\nFrom Soccer to Football and Tennis or Hockey.\r\nLets all participate in them here at The Sports Group 58', 'Amelia1479803137.jpg'),
(314, 'The Coffee Group  50', 'Legend tells of a computer wiz who was fascinated by coffee.\r\nHere we''re gathered in order to follow in this man''s footsteps.\r\nCoffee is our blood. Oh lord Tyler thank you for this glorious tag that you have shined upon us.\r\nLet us drink to our hearts desire. Only at...\r\nThe Coffee Group 50', 'Amelia1479803143.jpg'),
(315, 'The Movie Group 45', 'This is the movie goers best group!\r\nWe watch Pixar to Star Wars. All kinds of Movies!\r\nLets watch movies together here in The Movie Group 45', 'Jason1479803154.jpg'),
(316, 'The Sports Group  59', 'SPORTS!\r\nFrom Soccer to Football and Tennis or Hockey.\r\nLets all participate in them here at The Sports Group 59', 'Jason1479803159.jpg'),
(317, 'The Movie Group 46', 'This is the movie goers best group!\r\nWe watch Pixar to Star Wars. All kinds of Movies!\r\nLets watch movies together here in The Movie Group 46', 'Jason1479803164.jpg'),
(318, 'The Education Group  54', 'Lets all study together!\r\nFrom math to sciences, we help each other in The Education Group 54', 'Jason1479803169.jpg'),
(319, 'The Coffee Group  51', 'Legend tells of a computer wiz who was fascinated by coffee.\r\nHere we''re gathered in order to follow in this man''s footsteps.\r\nCoffee is our blood. Oh lord Tyler thank you for this glorious tag that you have shined upon us.\r\nLet us drink to our hearts desire. Only at...\r\nThe Coffee Group 51', 'Oliver1479803181.jpg'),
(320, 'The Education Group  55', 'Lets all study together!\r\nFrom math to sciences, we help each other in The Education Group 55', 'James1479803193.jpg'),
(321, 'The Movie Group 47', 'This is the movie goers best group!\r\nWe watch Pixar to Star Wars. All kinds of Movies!\r\nLets watch movies together here in The Movie Group 47', 'James1479803198.jpg'),
(322, 'The Movie Group 48', 'This is the movie goers best group!\r\nWe watch Pixar to Star Wars. All kinds of Movies!\r\nLets watch movies together here in The Movie Group 48', 'James1479803203.jpg'),
(323, 'The Sports Group  60', 'SPORTS!\r\nFrom Soccer to Football and Tennis or Hockey.\r\nLets all participate in them here at The Sports Group 60', 'James1479803208.jpg'),
(324, 'The Movie Group 49', 'This is the movie goers best group!\r\nWe watch Pixar to Star Wars. All kinds of Movies!\r\nLets watch movies together here in The Movie Group 49', 'Bernadette1479803219.jpg'),
(325, 'The Movie Group 50', 'This is the movie goers best group!\r\nWe watch Pixar to Star Wars. All kinds of Movies!\r\nLets watch movies together here in The Movie Group 50', 'Bernadette1479803224.jpg'),
(326, 'The Movie Group 51', 'This is the movie goers best group!\r\nWe watch Pixar to Star Wars. All kinds of Movies!\r\nLets watch movies together here in The Movie Group 51', 'Alan1479803236.jpg'),
(327, 'The Sports Group  61', 'SPORTS!\r\nFrom Soccer to Football and Tennis or Hockey.\r\nLets all participate in them here at The Sports Group 61', 'Frank1479803248.jpg'),
(328, 'The Coffee Group  52', 'Legend tells of a computer wiz who was fascinated by coffee.\r\nHere we''re gathered in order to follow in this man''s footsteps.\r\nCoffee is our blood. Oh lord Tyler thank you for this glorious tag that you have shined upon us.\r\nLet us drink to our hearts desire. Only at...\r\nThe Coffee Group 52', 'Frank1479803254.jpg'),
(329, 'The Education Group  56', 'Lets all study together!\r\nFrom math to sciences, we help each other in The Education Group 56', 'Frank1479803259.jpg'),
(330, 'The Movie Group 52', 'This is the movie goers best group!\r\nWe watch Pixar to Star Wars. All kinds of Movies!\r\nLets watch movies together here in The Movie Group 52', 'Jennifer1479803270.jpg'),
(331, 'The Movie Group 53', 'This is the movie goers best group!\r\nWe watch Pixar to Star Wars. All kinds of Movies!\r\nLets watch movies together here in The Movie Group 53', 'Jennifer1479803275.jpg'),
(332, 'The Sports Group  62', 'SPORTS!\r\nFrom Soccer to Football and Tennis or Hockey.\r\nLets all participate in them here at The Sports Group 62', 'Jennifer1479803280.jpg'),
(333, 'The Food Group 61', 'We are the gourmet. The connoisseurs of good food.\r\nEnjoy your meal!\r\nEnjoy your meals soley at The Food Group 61', 'Jennifer1479803285.jpg'),
(334, 'The Movie Group 54', 'This is the movie goers best group!\r\nWe watch Pixar to Star Wars. All kinds of Movies!\r\nLets watch movies together here in The Movie Group 54', 'Jennifer1479803289.jpg'),
(335, 'The Movie Group 55', 'This is the movie goers best group!\r\nWe watch Pixar to Star Wars. All kinds of Movies!\r\nLets watch movies together here in The Movie Group 55', 'Ella1479803301.jpg'),
(336, 'The Coffee Group  53', 'Legend tells of a computer wiz who was fascinated by coffee.\r\nHere we''re gathered in order to follow in this man''s footsteps.\r\nCoffee is our blood. Oh lord Tyler thank you for this glorious tag that you have shined upon us.\r\nLet us drink to our hearts desire. Only at...\r\nThe Coffee Group 53', 'Ella1479803307.jpg'),
(337, 'The Coffee Group  54', 'Legend tells of a computer wiz who was fascinated by coffee.\r\nHere we''re gathered in order to follow in this man''s footsteps.\r\nCoffee is our blood. Oh lord Tyler thank you for this glorious tag that you have shined upon us.\r\nLet us drink to our hearts desire. Only at...\r\nThe Coffee Group 54', 'Ella1479803312.jpg'),
(338, 'The Movie Group 56', 'This is the movie goers best group!\r\nWe watch Pixar to Star Wars. All kinds of Movies!\r\nLets watch movies together here in The Movie Group 56', 'Ella1479803317.jpg'),
(339, 'The Education Group  57', 'Lets all study together!\r\nFrom math to sciences, we help each other in The Education Group 57', 'Ella1479803322.jpg'),
(340, 'The Education Group  58', 'Lets all study together!\r\nFrom math to sciences, we help each other in The Education Group 58', 'Joshua1479803334.jpg'),
(341, 'The Movie Group 57', 'This is the movie goers best group!\r\nWe watch Pixar to Star Wars. All kinds of Movies!\r\nLets watch movies together here in The Movie Group 57', 'Joshua1479803338.jpg'),
(342, 'The Food Group 62', 'We are the gourmet. The connoisseurs of good food.\r\nEnjoy your meal!\r\nEnjoy your meals soley at The Food Group 62', 'Joshua1479803343.jpg'),
(343, 'The Food Group 63', 'We are the gourmet. The connoisseurs of good food.\r\nEnjoy your meal!\r\nEnjoy your meals soley at The Food Group 63', 'Matt1479803356.jpg'),
(344, 'The Food Group 64', 'We are the gourmet. The connoisseurs of good food.\r\nEnjoy your meal!\r\nEnjoy your meals soley at The Food Group 64', 'Jessica1479803368.jpg'),
(345, 'The Education Group  59', 'Lets all study together!\r\nFrom math to sciences, we help each other in The Education Group 59', 'Jessica1479803373.jpg'),
(346, 'The Food Group 65', 'We are the gourmet. The connoisseurs of good food.\r\nEnjoy your meal!\r\nEnjoy your meals soley at The Food Group 65', 'Jessica1479803378.jpg'),
(347, 'The Education Group  60', 'Lets all study together!\r\nFrom math to sciences, we help each other in The Education Group 60', 'Jessica1479803386.jpg'),
(348, 'The Food Group 66', 'We are the gourmet. The connoisseurs of good food.\r\nEnjoy your meal!\r\nEnjoy your meals soley at The Food Group 66', 'Jessica1479803393.jpg'),
(349, 'The Movie Group 58', 'This is the movie goers best group!\r\nWe watch Pixar to Star Wars. All kinds of Movies!\r\nLets watch movies together here in The Movie Group 58', 'Amanda1479803406.jpg'),
(350, 'The Sports Group  63', 'SPORTS!\r\nFrom Soccer to Football and Tennis or Hockey.\r\nLets all participate in them here at The Sports Group 63', 'Amanda1479803411.jpg'),
(351, 'The Sports Group  64', 'SPORTS!\r\nFrom Soccer to Football and Tennis or Hockey.\r\nLets all participate in them here at The Sports Group 64', 'Amanda1479803417.jpg'),
(352, 'The Coffee Group  55', 'Legend tells of a computer wiz who was fascinated by coffee.\r\nHere we''re gathered in order to follow in this man''s footsteps.\r\nCoffee is our blood. Oh lord Tyler thank you for this glorious tag that you have shined upon us.\r\nLet us drink to our hearts desire. Only at...\r\nThe Coffee Group 55', 'Amanda1479803422.jpg'),
(353, 'The Education Group  61', 'Lets all study together!\r\nFrom math to sciences, we help each other in The Education Group 61', 'Charles1479803434.jpg'),
(354, 'The Education Group  62', 'Lets all study together!\r\nFrom math to sciences, we help each other in The Education Group 62', 'Charles1479803439.jpg'),
(355, 'The Food Group 67', 'We are the gourmet. The connoisseurs of good food.\r\nEnjoy your meal!\r\nEnjoy your meals soley at The Food Group 67', 'Charles1479803444.jpg'),
(356, 'The Sports Group  65', 'SPORTS!\r\nFrom Soccer to Football and Tennis or Hockey.\r\nLets all participate in them here at The Sports Group 65', 'Charles1479803450.jpg'),
(357, 'The Sports Group  66', 'SPORTS!\r\nFrom Soccer to Football and Tennis or Hockey.\r\nLets all participate in them here at The Sports Group 66', 'Charles1479803454.jpg'),
(358, 'The Movie Group 59', 'This is the movie goers best group!\r\nWe watch Pixar to Star Wars. All kinds of Movies!\r\nLets watch movies together here in The Movie Group 59', 'William1479803466.jpg'),
(359, 'The Sports Group  67', 'SPORTS!\r\nFrom Soccer to Football and Tennis or Hockey.\r\nLets all participate in them here at The Sports Group 67', 'William1479803471.jpg'),
(360, 'The Education Group  63', 'Lets all study together!\r\nFrom math to sciences, we help each other in The Education Group 63', 'William1479803476.jpg'),
(361, 'The Education Group  64', 'Lets all study together!\r\nFrom math to sciences, we help each other in The Education Group 64', 'William1479803481.jpg'),
(362, 'The Food Group 68', 'We are the gourmet. The connoisseurs of good food.\r\nEnjoy your meal!\r\nEnjoy your meals soley at The Food Group 68', 'Vanessa1479803493.jpg'),
(363, 'The Food Group 69', 'We are the gourmet. The connoisseurs of good food.\r\nEnjoy your meal!\r\nEnjoy your meals soley at The Food Group 69', 'Vanessa1479803498.jpg'),
(364, 'The Education Group  65', 'Lets all study together!\r\nFrom math to sciences, we help each other in The Education Group 65', 'Vanessa1479803503.jpg'),
(365, 'The Food Group 70', 'We are the gourmet. The connoisseurs of good food.\r\nEnjoy your meal!\r\nEnjoy your meals soley at The Food Group 70', 'Vanessa1479803509.jpg'),
(366, 'The Coffee Group  56', 'Legend tells of a computer wiz who was fascinated by coffee.\r\nHere we''re gathered in order to follow in this man''s footsteps.\r\nCoffee is our blood. Oh lord Tyler thank you for this glorious tag that you have shined upon us.\r\nLet us drink to our hearts desire. Only at...\r\nThe Coffee Group 56', 'Dorothy1479803521.jpg'),
(367, 'The Coffee Group  57', 'Legend tells of a computer wiz who was fascinated by coffee.\r\nHere we''re gathered in order to follow in this man''s footsteps.\r\nCoffee is our blood. Oh lord Tyler thank you for this glorious tag that you have shined upon us.\r\nLet us drink to our hearts desire. Only at...\r\nThe Coffee Group 57', 'Lily1479803534.jpg'),
(368, 'The Movie Group 60', 'This is the movie goers best group!\r\nWe watch Pixar to Star Wars. All kinds of Movies!\r\nLets watch movies together here in The Movie Group 60', 'Lily1479803539.jpg'),
(369, 'The Food Group 71', 'We are the gourmet. The connoisseurs of good food.\r\nEnjoy your meal!\r\nEnjoy your meals soley at The Food Group 71', 'Lily1479803544.jpg'),
(370, 'The Food Group 72', 'We are the gourmet. The connoisseurs of good food.\r\nEnjoy your meal!\r\nEnjoy your meals soley at The Food Group 72', 'Lily1479803550.jpg'),
(371, 'The Coffee Group  58', 'Legend tells of a computer wiz who was fascinated by coffee.\r\nHere we''re gathered in order to follow in this man''s footsteps.\r\nCoffee is our blood. Oh lord Tyler thank you for this glorious tag that you have shined upon us.\r\nLet us drink to our hearts desire. Only at...\r\nThe Coffee Cult 58', 'Joan1479803563.jpg'),
(372, 'The Sports Group  68', 'SPORTS!\r\nFrom Soccer to Football and Tennis or Hockey.\r\nLets all participate in them here at The Sports Group 68', 'Joan1479803568.jpg'),
(373, 'The Movie Group 61', 'This is the movie goers best group!\r\nWe watch Pixar to Star Wars. All kinds of Movies!\r\nLets watch movies together here in The Movie Group 61', 'Joan1479803572.jpg'),
(374, 'The Sports Group  69', 'SPORTS!\r\nFrom Soccer to Football and Tennis or Hockey.\r\nLets all participate in them here at The Sports Group 69', 'Joan1479803578.jpg'),
(375, 'The Coffee Group  59', 'Legend tells of a computer wiz who was fascinated by coffee.\r\nHere we''re gathered in order to follow in this man''s footsteps.\r\nCoffee is our blood. Oh lord Tyler thank you for this glorious tag that you have shined upon us.\r\nLet us drink to our hearts desire. Only at...\r\nThe Coffee Group 59', 'Joan1479803583.jpg'),
(376, 'The Movie Group 62', 'This is the movie goers best group!\r\nWe watch Pixar to Star Wars. All kinds of Movies!\r\nLets watch movies together here in The Movie Group 62', 'Cameron1479803595.jpg'),
(377, 'The Sports Group  70', 'SPORTS!\r\nFrom Soccer to Football and Tennis or Hockey.\r\nLets all participate in them here at The Sports Group 70', 'Cameron1479803600.jpg'),
(378, 'The Sports Group  71', 'SPORTS!\r\nFrom Soccer to Football and Tennis or Hockey.\r\nLets all participate in them here at The Sports Group 71', 'Cameron1479803605.jpg'),
(379, 'The Food Group 73', 'We are the gourmet. The connoisseurs of good food.\r\nEnjoy your meal!\r\nEnjoy your meals soley at The Food Group 73', 'Cameron1479803611.jpg'),
(380, 'The Food Group 74', 'We are the gourmet. The connoisseurs of good food.\r\nEnjoy your meal!\r\nEnjoy your meals soley at The Food Group 74', 'Cameron1479803616.jpg'),
(381, 'The Food Group 75', 'We are the gourmet. The connoisseurs of good food.\r\nEnjoy your meal!\r\nEnjoy your meals soley at The Food Group 75', 'Matt1479803629.jpg'),
(382, 'The Sports Group  72', 'SPORTS!\r\nFrom Soccer to Football and Tennis or Hockey.\r\nLets all participate in them here at The Sports Group 72', 'Matt1479803634.jpg'),
(383, 'The Education Group  66', 'Lets all study together!\r\nFrom math to sciences, we help each other in The Education Group 66', 'Neil1479803646.jpg'),
(384, 'The Food Group 76', 'We are the gourmet. The connoisseurs of good food.\r\nEnjoy your meal!\r\nEnjoy your meals soley at The Food Group 76', 'Neil1479803652.jpg'),
(385, 'The Sports Group  73', 'SPORTS!\r\nFrom Soccer to Football and Tennis or Hockey.\r\nLets all participate in them here at The Sports Group 73', 'Amanda1479803664.jpg'),
(386, 'The Coffee Group  60', 'Legend tells of a computer wiz who was fascinated by coffee.\r\nHere we''re gathered in order to follow in this man''s footsteps.\r\nCoffee is our blood. Oh lord Tyler thank you for this glorious tag that you have shined upon us.\r\nLet us drink to our hearts desire. Only at...\r\nThe Coffee Group 60', 'Amanda1479803669.jpg'),
(387, 'The Sports Group  74', 'SPORTS!\r\nFrom Soccer to Football and Tennis or Hockey.\r\nLets all participate in them here at The Sports Group 74', 'Amanda1479803674.jpg'),
(388, 'The Sports Group  75', 'SPORTS!\r\nFrom Soccer to Football and Tennis or Hockey.\r\nLets all participate in them here at The Sports Group 75', 'Joanne1479803687.jpg'),
(389, 'The Education Group  67', 'Lets all study together!\r\nFrom math to sciences, we help each other in The Education Group 67', 'Joanne1479803691.jpg'),
(390, 'The Coffee Group  61', 'Legend tells of a computer wiz who was fascinated by coffee.\r\nHere we''re gathered in order to follow in this man''s footsteps.\r\nCoffee is our blood. Oh lord Tyler thank you for this glorious tag that you have shined upon us.\r\nLet us drink to our hearts desire. Only at...\r\nThe Coffee Group 61', 'Joanne1479803697.jpg'),
(391, 'The Movie Group 63', 'This is the movie goers best group!\r\nWe watch Pixar to Star Wars. All kinds of Movies!\r\nLets watch movies together here in The Movie Group 63', 'Joanne1479803702.jpg'),
(392, 'The Food Group 77', 'We are the gourmet. The connoisseurs of good food.\r\nEnjoy your meal!\r\nEnjoy your meals soley at The Food Group 77', 'Joanne1479803707.jpg'),
(393, 'The Education Group  68', 'Lets all study together!\r\nFrom math to sciences, we help each other in The Education Group 68', 'Ella1479803719.jpg'),
(394, 'The Coffee Group  62', 'Legend tells of a computer wiz who was fascinated by coffee.\r\nHere we''re gathered in order to follow in this man''s footsteps.\r\nCoffee is our blood. Oh lord Tyler thank you for this glorious tag that you have shined upon us.\r\nLet us drink to our hearts desire. Only at...\r\nThe Coffee Group 62', 'Ella1479803725.jpg'),
(395, 'The Movie Group 64', 'This is the movie goers best group!\r\nWe watch Pixar to Star Wars. All kinds of Movies!\r\nLets watch movies together here in The Movie Group 64', 'Ella1479803729.jpg'),
(396, 'The Sports Group  76', 'SPORTS!\r\nFrom Soccer to Football and Tennis or Hockey.\r\nLets all participate in them here at The Sports Group 76', 'Ella1479803734.jpg'),
(397, 'The Food Group 78', 'We are the gourmet. The connoisseurs of good food.\r\nEnjoy your meal!\r\nEnjoy your meals soley at The Food Group 78', 'Stephanie1479803747.jpg'),
(398, 'The Sports Group  77', 'SPORTS!\r\nFrom Soccer to Football and Tennis or Hockey.\r\nLets all participate in them here at The Sports Group 77', 'Stephanie1479803752.jpg'),
(399, 'The Movie Group 65', 'This is the movie goers best group!\r\nWe watch Pixar to Star Wars. All kinds of Movies!\r\nLets watch movies together here in The Movie Group 65', 'Stephanie1479803757.jpg'),
(400, 'The Food Group 79', 'We are the gourmet. The connoisseurs of good food.\r\nEnjoy your meal!\r\nEnjoy your meals soley at The Food Group 79', 'Samantha1479803769.jpg'),
(401, 'The Coffee Group  63', 'Legend tells of a computer wiz who was fascinated by coffee.\r\nHere we''re gathered in order to follow in this man''s footsteps.\r\nCoffee is our blood. Oh lord Tyler thank you for this glorious tag that you have shined upon us.\r\nLet us drink to our hearts desire. Only at...\r\nThe Coffee Group 63', 'Samantha1479803774.jpg'),
(402, 'The Education Group  69', 'Lets all study together!\r\nFrom math to sciences, we help each other in The Education Group 69', 'Samantha1479803779.jpg'),
(403, 'The Sports Group  78', 'SPORTS!\r\nFrom Soccer to Football and Tennis or Hockey.\r\nLets all participate in them here at The Sports Group 78', 'Samantha1479803784.jpg'),
(404, 'The Education Group  70', 'Lets all study together!\r\nFrom math to sciences, we help each other in The Education Group 70', 'Lauren1479803796.jpg'),
(405, 'The Movie Group 66', 'This is the movie goers best group!\r\nWe watch Pixar to Star Wars. All kinds of Movies!\r\nLets watch movies together here in The Movie Group 66', 'Lauren1479803801.jpg'),
(406, 'The Education Group  71', 'Lets all study together!\r\nFrom math to sciences, we help each other in The Education Group 71', 'Lauren1479803806.jpg'),
(407, 'The Sports Group  79', 'SPORTS!\r\nFrom Soccer to Football and Tennis or Hockey.\r\nLets all participate in them here at The Sports Group 79', 'Lauren1479803811.jpg'),
(408, 'The Sports Group  80', 'SPORTS!\r\nFrom Soccer to Football and Tennis or Hockey.\r\nLets all participate in them here at The Sports Group 80', 'Lauren1479803816.jpg'),
(409, 'The Sports Group  81', 'SPORTS!\r\nFrom Soccer to Football and Tennis or Hockey.\r\nLets all participate in them here at The Sports Group 81', 'Stephanie1479803828.jpg'),
(410, 'The Food Group 80', 'We are the gourmet. The connoisseurs of good food.\r\nEnjoy your meal!\r\nEnjoy your meals soley at The Food Group 80', 'Stephanie1479803833.jpg'),
(411, 'The Education Group  72', 'Lets all study together!\r\nFrom math to sciences, we help each other in The Education Group 72', 'Stephanie1479803838.jpg'),
(412, 'The Education Group  73', 'Lets all study together!\r\nFrom math to sciences, we help each other in The Education Group 73', 'Stephanie1479803843.jpg'),
(413, 'The Coffee Group  64', 'Legend tells of a computer wiz who was fascinated by coffee.\r\nHere we''re gathered in order to follow in this man''s footsteps.\r\nCoffee is our blood. Oh lord Tyler thank you for this glorious tag that you have shined upon us.\r\nLet us drink to our hearts desire. Only at...\r\nThe Coffee Group 64', 'Stephanie1479803848.jpg'),
(414, 'The Movie Group 67', 'This is the movie goers best group!\r\nWe watch Pixar to Star Wars. All kinds of Movies!\r\nLets watch movies together here in The Movie Group 67', 'Harry1479803860.jpg'),
(415, 'The Food Group 81', 'We are the gourmet. The connoisseurs of good food.\r\nEnjoy your meal!\r\nEnjoy your meals soley at The Food Group 81', 'Harry1479803865.jpg'),
(416, 'The Food Group 82', 'We are the gourmet. The connoisseurs of good food.\r\nEnjoy your meal!\r\nEnjoy your meals soley at The Food Group 82', 'Harry1479803870.jpg'),
(417, 'The Movie Group 68', 'This is the movie goers best group!\r\nWe watch Pixar to Star Wars. All kinds of Movies!\r\nLets watch movies together here in The Movie Group 68', 'Harry1479803875.jpg'),
(418, 'The Movie Group 69', 'This is the movie goers best group!\r\nWe watch Pixar to Star Wars. All kinds of Movies!\r\nLets watch movies together here in The Movie Group 69', 'Harry1479803880.jpg'),
(419, 'The Sports Group  82', 'SPORTS!\r\nFrom Soccer to Football and Tennis or Hockey.\r\nLets all participate in them here at The Sports Group 82', 'Robert1479803892.jpg'),
(420, 'The Food Group 83', 'We are the gourmet. The connoisseurs of good food.\r\nEnjoy your meal!\r\nEnjoy your meals soley at The Food Group 83', 'Robert1479803898.jpg'),
(421, 'The Coffee Group  65', 'Legend tells of a computer wiz who was fascinated by coffee.\r\nHere we''re gathered in order to follow in this man''s footsteps.\r\nCoffee is our blood. Oh lord Tyler thank you for this glorious tag that you have shined upon us.\r\nLet us drink to our hearts desire. Only at...\r\nThe Coffee Group 65', 'Robert1479803903.jpg'),
(422, 'The Education Group  74', 'Lets all study together!\r\nFrom math to sciences, we help each other in The Education Group 74', 'Robert1479803908.jpg'),
(423, 'The Coffee Group  66', 'Legend tells of a computer wiz who was fascinated by coffee.\r\nHere we''re gathered in order to follow in this man''s footsteps.\r\nCoffee is our blood. Oh lord Tyler thank you for this glorious tag that you have shined upon us.\r\nLet us drink to our hearts desire. Only at...\r\nThe Coffee Group 66', 'Rose1479803921.jpg'),
(424, 'The Coffee Group  67', 'Legend tells of a computer wiz who was fascinated by coffee.\r\nHere we''re gathered in order to follow in this man''s footsteps.\r\nCoffee is our blood. Oh lord Tyler thank you for this glorious tag that you have shined upon us.\r\nLet us drink to our hearts desire. Only at...\r\nThe Coffee Group 67', 'Rose1479803926.jpg'),
(425, 'The Education Group  75', 'Lets all study together!\r\nFrom math to sciences, we help each other in The Education Group 75', 'Nathan1479803938.jpg'),
(426, 'The Coffee Group  68', 'Legend tells of a computer wiz who was fascinated by coffee.\r\nHere we''re gathered in order to follow in this man''s footsteps.\r\nCoffee is our blood. Oh lord Tyler thank you for this glorious tag that you have shined upon us.\r\nLet us drink to our hearts desire. Only at...\r\nThe Coffee Group 68', 'Nathan1479803944.jpg'),
(427, 'The Education Group  76', 'Lets all study together!\r\nFrom math to sciences, we help each other in The Education Group 76', 'Nathan1479803949.jpg'),
(428, 'The Coffee Group  69', 'Legend tells of a computer wiz who was fascinated by coffee.\r\nHere we''re gathered in order to follow in this man''s footsteps.\r\nCoffee is our blood. Oh lord Tyler thank you for this glorious tag that you have shined upon us.\r\nLet us drink to our hearts desire. Only at...\r\nThe Coffee Group 69', 'Nathan1479803954.jpg'),
(429, 'The Coffee Group  70', 'Legend tells of a computer wiz who was fascinated by coffee.\r\nHere we''re gathered in order to follow in this man''s footsteps.\r\nCoffee is our blood. Oh lord Tyler thank you for this glorious tag that you have shined upon us.\r\nLet us drink to our hearts desire. Only at...\r\nThe Coffee Cult 70', 'Andrea1479803967.jpg'),
(430, 'The Sports Group  83', 'SPORTS!\r\nFrom Soccer to Football and Tennis or Hockey.\r\nLets all participate in them here at The Sports Group 83', 'Andrea1479803972.jpg'),
(431, 'The Sports Group  84', 'SPORTS!\r\nFrom Soccer to Football and Tennis or Hockey.\r\nLets all participate in them here at The Sports Group 84', 'Andrea1479803978.jpg'),
(432, 'The Movie Group 70', 'This is the movie goers best group!\r\nWe watch Pixar to Star Wars. All kinds of Movies!\r\nLets watch movies together here in The Movie Group 70', 'Andrea1479803982.jpg'),
(433, 'The Movie Group 71', 'This is the movie goers best group!\r\nWe watch Pixar to Star Wars. All kinds of Movies!\r\nLets watch movies together here in The Movie Group 71', 'Andrea1479803987.jpg'),
(434, 'The Coffee Group  71', 'Legend tells of a computer wiz who was fascinated by coffee.\r\nHere we''re gathered in order to follow in this man''s footsteps.\r\nCoffee is our blood. Oh lord Tyler thank you for this glorious tag that you have shined upon us.\r\nLet us drink to our hearts desire. Only at...\r\nThe Coffee Group 71', 'Michael1479803999.jpg'),
(435, 'The Coffee Group  72', 'Legend tells of a computer wiz who was fascinated by coffee.\r\nHere we''re gathered in order to follow in this man''s footsteps.\r\nCoffee is our blood. Oh lord Tyler thank you for this glorious tag that you have shined upon us.\r\nLet us drink to our hearts desire. Only at...\r\nThe Coffee Group 72', 'Claire1479804012.jpg'),
(436, 'The Education Group  77', 'Lets all study together!\r\nFrom math to sciences, we help each other in The Education Group 77', 'Claire1479804017.jpg'),
(437, 'The Food Group 84', 'We are the gourmet. The connoisseurs of good food.\r\nEnjoy your meal!\r\nEnjoy your meals soley at The Food Group 84', 'Claire1479804022.jpg'),
(438, 'The Movie Group 72', 'This is the movie goers best group!\r\nWe watch Pixar to Star Wars. All kinds of Movies!\r\nLets watch movies together here in The Movie Group 72', 'Claire1479804027.jpg'),
(439, 'The Coffee Group  73', 'Legend tells of a computer wiz who was fascinated by coffee.\r\nHere we''re gathered in order to follow in this man''s footsteps.\r\nCoffee is our blood. Oh lord Tyler thank you for this glorious tag that you have shined upon us.\r\nLet us drink to our hearts desire. Only at...\r\nThe Coffee Group 73', 'Claire1479804033.jpg'),
(440, 'The Movie Group 73', 'This is the movie goers best group!\r\nWe watch Pixar to Star Wars. All kinds of Movies!\r\nLets watch movies together here in The Movie Group 73', 'Faith1479804045.jpg'),
(441, 'The Movie Group 74', 'This is the movie goers best group!\r\nWe watch Pixar to Star Wars. All kinds of Movies!\r\nLets watch movies together here in The Movie Group 74', 'Faith1479804049.jpg'),
(442, 'The Sports Group  85', 'SPORTS!\r\nFrom Soccer to Football and Tennis or Hockey.\r\nLets all participate in them here at The Sports Group 85', 'Faith1479804054.jpg'),
(443, 'The Food Group 85', 'We are the gourmet. The connoisseurs of good food.\r\nEnjoy your meal!\r\nEnjoy your meals soley at The Food Group 85', 'Faith1479804060.jpg'),
(444, 'The Coffee Group  74', 'Legend tells of a computer wiz who was fascinated by coffee.\r\nHere we''re gathered in order to follow in this man''s footsteps.\r\nCoffee is our blood. Oh lord Tyler thank you for this glorious tag that you have shined upon us.\r\nLet us drink to our hearts desire. Only at...\r\nThe Coffee Group 74', 'Emily1479804072.jpg'),
(445, 'The Sports Group  86', 'SPORTS!\r\nFrom Soccer to Football and Tennis or Hockey.\r\nLets all participate in them here at The Sports Group 86', 'Emily1479804077.jpg'),
(446, 'The Food Group 86', 'We are the gourmet. The connoisseurs of good food.\r\nEnjoy your meal!\r\nEnjoy your meals soley at The Food Group 86', 'Sean1479804090.jpg'),
(447, 'The Food Group 87', 'We are the gourmet. The connoisseurs of good food.\r\nEnjoy your meal!\r\nEnjoy your meals soley at The Food Group 87', 'Sean1479804095.jpg'),
(448, 'The Education Group  78', 'Lets all study together!\r\nFrom math to sciences, we help each other in The Education Group 78', 'Sean1479804100.jpg'),
(449, 'The Education Group  79', 'Lets all study together!\r\nFrom math to sciences, we help each other in The Education Group 79', 'Sean1479804104.jpg'),
(450, 'The Movie Group 75', 'This is the movie goers best group!\r\nWe watch Pixar to Star Wars. All kinds of Movies!\r\nLets watch movies together here in The Movie Group 75', 'Sean1479804109.jpg'),
(451, 'The Food Group 88', 'We are the gourmet. The connoisseurs of good food.\r\nEnjoy your meal!\r\nEnjoy your meals soley at The Food Group 88', 'Kevin1479804121.jpg'),
(452, 'The Sports Group  87', 'SPORTS!\r\nFrom Soccer to Football and Tennis or Hockey.\r\nLets all participate in them here at The Sports Group 87', 'Dylan1479804133.jpg'),
(453, 'The Coffee Group  75', 'Legend tells of a computer wiz who was fascinated by coffee.\r\nHere we''re gathered in order to follow in this man''s footsteps.\r\nCoffee is our blood. Oh lord Tyler thank you for this glorious tag that you have shined upon us.\r\nLet us drink to our hearts desire. Only at...\r\nThe Coffee Group 75', 'Dylan1479804139.jpg'),
(454, 'The Sports Group  88', 'SPORTS!\r\nFrom Soccer to Football and Tennis or Hockey.\r\nLets all participate in them here at The Sports Group 88', 'Dylan1479804144.jpg'),
(455, 'The Education Group  80', 'Lets all study together!\r\nFrom math to sciences, we help each other in The Education Group 80', 'Dylan1479804149.jpg'),
(456, 'The Coffee Group  76', 'Legend tells of a computer wiz who was fascinated by coffee.\r\nHere we''re gathered in order to follow in this man''s footsteps.\r\nCoffee is our blood. Oh lord Tyler thank you for this glorious tag that you have shined upon us.\r\nLet us drink to our hearts desire. Only at...\r\nThe Coffee Group 76', 'Dylan1479804154.jpg'),
(457, 'The Coffee Group  77', 'Legend tells of a computer wiz who was fascinated by coffee.\r\nHere we''re gathered in order to follow in this man''s footsteps.\r\nCoffee is our blood. Oh lord Tyler thank you for this glorious tag that you have shined upon us.\r\nLet us drink to our hearts desire. Only at...\r\nThe Coffee Group 77', 'Andrea1479804167.jpg'),
(458, 'The Sports Group  89', 'SPORTS!\r\nFrom Soccer to Football and Tennis or Hockey.\r\nLets all participate in them here at The Sports Group 89', 'Andrea1479804172.jpg'),
(459, 'The Coffee Group  78', 'Legend tells of a computer wiz who was fascinated by coffee.\r\nHere we''re gathered in order to follow in this man''s footsteps.\r\nCoffee is our blood. Oh lord Tyler thank you for this glorious tag that you have shined upon us.\r\nLet us drink to our hearts desire. Only at...\r\nThe Coffee Group 78', 'Andrea1479804177.jpg'),
(460, 'The Food Group 89', 'We are the gourmet. The connoisseurs of good food.\r\nEnjoy your meal!\r\nEnjoy your meals soley at The Food Group 89', 'Andrea1479804182.jpg'),
(461, 'The Sports Group  90', 'SPORTS!\r\nFrom Soccer to Football and Tennis or Hockey.\r\nLets all participate in them here at The Sports Group 90', 'Thomas1479804195.jpg'),
(462, 'The Education Group  81', 'Lets all study together!\r\nFrom math to sciences, we help each other in The Education Group 81', 'Thomas1479804200.jpg'),
(463, 'The Education Group  82', 'Lets all study together!\r\nFrom math to sciences, we help each other in The Education Group 82', 'Thomas1479804204.jpg'),
(464, 'The Education Group  83', 'Lets all study together!\r\nFrom math to sciences, we help each other in The Education Group 83', 'Thomas1479804210.jpg'),
(465, 'The Coffee Group  79', 'Legend tells of a computer wiz who was fascinated by coffee.\r\nHere we''re gathered in order to follow in this man''s footsteps.\r\nCoffee is our blood. Oh lord Tyler thank you for this glorious tag that you have shined upon us.\r\nLet us drink to our hearts desire. Only at...\r\nThe Coffee Group 79', 'Leah1479804222.jpg'),
(466, 'The Coffee Group  80', 'Legend tells of a computer wiz who was fascinated by coffee.\r\nHere we''re gathered in order to follow in this man''s footsteps.\r\nCoffee is our blood. Oh lord Tyler thank you for this glorious tag that you have shined upon us.\r\nLet us drink to our hearts desire. Only at...\r\nThe Coffee Group 80', 'Leah1479804228.jpg'),
(467, 'The Movie Group 76', 'This is the movie goers best group!\r\nWe watch Pixar to Star Wars. All kinds of Movies!\r\nLets watch movies together here in The Movie Group 76', 'Wendy1479804240.jpg'),
(468, 'The Food Group 90', 'We are the gourmet. The connoisseurs of good food.\r\nEnjoy your meal!\r\nEnjoy your meals soley at The Food Group 90', 'Wendy1479804245.jpg'),
(469, 'The Sports Group  91', 'SPORTS!\r\nFrom Soccer to Football and Tennis or Hockey.\r\nLets all participate in them here at The Sports Group 91', 'Wendy1479804250.jpg'),
(470, 'The Coffee Group  81', 'Legend tells of a computer wiz who was fascinated by coffee.\r\nHere we''re gathered in order to follow in this man''s footsteps.\r\nCoffee is our blood. Oh lord Tyler thank you for this glorious tag that you have shined upon us.\r\nLet us drink to our hearts desire. Only at...\r\nThe Coffee Group 81', 'Wendy1479804255.jpg'),
(471, 'The Sports Group  92', 'SPORTS!\r\nFrom Soccer to Football and Tennis or Hockey.\r\nLets all participate in them here at The Sports Group 92', 'Wendy1479804260.jpg'),
(472, 'The Coffee Group  82', 'Legend tells of a computer wiz who was fascinated by coffee.\r\nHere we''re gathered in order to follow in this man''s footsteps.\r\nCoffee is our blood. Oh lord Tyler thank you for this glorious tag that you have shined upon us.\r\nLet us drink to our hearts desire. Only at...\r\nThe Coffee Group 82', 'Jasmine1479804273.jpg'),
(473, 'The Education Group  84', 'Lets all study together!\r\nFrom math to sciences, we help each other in The Education Group 84', 'Jasmine1479804278.jpg'),
(474, 'The Coffee Group  83', 'Legend tells of a computer wiz who was fascinated by coffee.\r\nHere we''re gathered in order to follow in this man''s footsteps.\r\nCoffee is our blood. Oh lord Tyler thank you for this glorious tag that you have shined upon us.\r\nLet us drink to our hearts desire. Only at...\r\nThe Coffee Group 83', 'Jasmine1479804284.jpg'),
(475, 'The Sports Group  93', 'SPORTS!\r\nFrom Soccer to Football and Tennis or Hockey.\r\nLets all participate in them here at The Sports Group 93', 'Jasmine1479804289.jpg'),
(476, 'The Food Group 91', 'We are the gourmet. The connoisseurs of good food.\r\nEnjoy your meal!\r\nEnjoy your meals soley at The Food Group 91', 'Elizabeth1479804301.jpg'),
(477, 'The Education Group  85', 'Lets all study together!\r\nFrom math to sciences, we help each other in The Education Group 85', 'Elizabeth1479804306.jpg'),
(478, 'The Coffee Group  84', 'Legend tells of a computer wiz who was fascinated by coffee.\r\nHere we''re gathered in order to follow in this man''s footsteps.\r\nCoffee is our blood. Oh lord Tyler thank you for this glorious tag that you have shined upon us.\r\nLet us drink to our hearts desire. Only at...\r\nThe Coffee Group 84', 'Elizabeth1479804311.jpg'),
(479, 'The Sports Group  94', 'SPORTS!\r\nFrom Soccer to Football and Tennis or Hockey.\r\nLets all participate in them here at The Sports Group 94', 'Elizabeth1479804316.jpg'),
(480, 'The Coffee Group  85', 'Legend tells of a computer wiz who was fascinated by coffee.\r\nHere we''re gathered in order to follow in this man''s footsteps.\r\nCoffee is our blood. Oh lord Tyler thank you for this glorious tag that you have shined upon us.\r\nLet us drink to our hearts desire. Only at...\r\nThe Coffee Group 85', 'Elizabeth1479804322.jpg'),
(481, 'The Movie Group 77', 'This is the movie goers best group!\r\nWe watch Pixar to Star Wars. All kinds of Movies!\r\nLets watch movies together here in The Movie Group 77', 'Hannah1479804334.jpg'),
(482, 'The Movie Group 78', 'This is the movie goers best group!\r\nWe watch Pixar to Star Wars. All kinds of Movies!\r\nLets watch movies together here in The Movie Group 78', 'Hannah1479804338.jpg'),
(483, 'The Movie Group 79', 'This is the movie goers best group!\r\nWe watch Pixar to Star Wars. All kinds of Movies!\r\nLets watch movies together here in The Movie Group 79', 'Hannah1479804343.jpg'),
(484, 'The Coffee Group  86', 'Legend tells of a computer wiz who was fascinated by coffee.\r\nHere we''re gathered in order to follow in this man''s footsteps.\r\nCoffee is our blood. Oh lord Tyler thank you for this glorious tag that you have shined upon us.\r\nLet us drink to our hearts desire. Only at...\r\nThe Coffee Group 86', 'Hannah1479804349.jpg'),
(485, 'The Movie Group 80', 'This is the movie goers best group!\r\nWe watch Pixar to Star Wars. All kinds of Movies!\r\nLets watch movies together here in The Movie Group 80', 'Hannah1479804353.jpg'),
(486, 'The Movie Group 81', 'This is the movie goers best group!\r\nWe watch Pixar to Star Wars. All kinds of Movies!\r\nLets watch movies together here in The Movie Group 81', 'Trevor1479804365.jpg'),
(487, 'The Food Group 92', 'We are the gourmet. The connoisseurs of good food.\r\nEnjoy your meal!\r\nEnjoy your meals soley at The Food Group 92', 'Trevor1479804371.jpg'),
(488, 'The Coffee Group  87', 'Legend tells of a computer wiz who was fascinated by coffee.\r\nHere we''re gathered in order to follow in this man''s footsteps.\r\nCoffee is our blood. Oh lord Tyler thank you for this glorious tag that you have shined upon us.\r\nLet us drink to our hearts desire. Only at...\r\nThe Coffee Group 87', 'Trevor1479804376.jpg'),
(489, 'The Food Group 93', 'We are the gourmet. The connoisseurs of good food.\r\nEnjoy your meal!\r\nEnjoy your meals soley at The Food Group 93', 'Trevor1479804381.jpg'),
(490, 'The Coffee Group  88', 'Legend tells of a computer wiz who was fascinated by coffee.\r\nHere we''re gathered in order to follow in this man''s footsteps.\r\nCoffee is our blood. Oh lord Tyler thank you for this glorious tag that you have shined upon us.\r\nLet us drink to our hearts desire. Only at...\r\nThe Coffee Cult 88', 'Trevor1479804387.jpg'),
(491, 'The Coffee Group  89', 'Legend tells of a computer wiz who was fascinated by coffee.\r\nHere we''re gathered in order to follow in this man''s footsteps.\r\nCoffee is our blood. Oh lord Tyler thank you for this glorious tag that you have shined upon us.\r\nLet us drink to our hearts desire. Only at...\r\nThe Coffee Group 89', 'Dominic1479804399.jpg'),
(492, 'The Coffee Group  90', 'Legend tells of a computer wiz who was fascinated by coffee.\r\nHere we''re gathered in order to follow in this man''s footsteps.\r\nCoffee is our blood. Oh lord Tyler thank you for this glorious tag that you have shined upon us.\r\nLet us drink to our hearts desire. Only at...\r\nThe Coffee Group 90', 'Dominic1479804405.jpg'),
(493, 'The Education Group  86', 'Lets all study together!\r\nFrom math to sciences, we help each other in The Education Group 86', 'Sebastian1479804418.jpg'),
(494, 'The Movie Group 82', 'This is the movie goers best group!\r\nWe watch Pixar to Star Wars. All kinds of Movies!\r\nLets watch movies together here in The Movie Group 82', 'Sebastian1479804423.jpg'),
(495, 'The Sports Group  95', 'SPORTS!\r\nFrom Soccer to Football and Tennis or Hockey.\r\nLets all participate in them here at The Sports Group 95', 'Sebastian1479804428.jpg'),
(496, 'The Food Group 94', 'We are the gourmet. The connoisseurs of good food.\r\nEnjoy your meal!\r\nEnjoy your meals soley at The Food Group 94', 'Sebastian1479804433.jpg'),
(497, 'The Sports Group  96', 'SPORTS!\r\nFrom Soccer to Football and Tennis or Hockey.\r\nLets all participate in them here at The Sports Group 96', 'Sebastian1479804438.jpg'),
(498, 'The Coffee Group  91', 'Legend tells of a computer wiz who was fascinated by coffee.\r\nHere we''re gathered in order to follow in this man''s footsteps.\r\nCoffee is our blood. Oh lord Tyler thank you for this glorious tag that you have shined upon us.\r\nLet us drink to our hearts desire. Only at...\r\nThe Coffee Group 91', 'Kylie1479804451.jpg'),
(499, 'The Movie Group 83', 'This is the movie goers best group!\r\nWe watch Pixar to Star Wars. All kinds of Movies!\r\nLets watch movies together here in The Movie Group 83', 'Kylie1479804456.jpg'),
(500, 'The Movie Group 84', 'This is the movie goers best group!\r\nWe watch Pixar to Star Wars. All kinds of Movies!\r\nLets watch movies together here in The Movie Group 84', 'Kylie1479804460.jpg'),
(501, 'The Sports Group  97', 'SPORTS!\r\nFrom Soccer to Football and Tennis or Hockey.\r\nLets all participate in them here at The Sports Group 97', 'James1479804472.jpg'),
(502, 'The Sports Group  98', 'SPORTS!\r\nFrom Soccer to Football and Tennis or Hockey.\r\nLets all participate in them here at The Sports Group 98', 'James1479804477.jpg'),
(503, 'The Sports Group  99', 'SPORTS!\r\nFrom Soccer to Football and Tennis or Hockey.\r\nLets all participate in them here at The Sports Group 99', 'Andrew1479804490.jpg'),
(504, 'The Coffee Group  92', 'Legend tells of a computer wiz who was fascinated by coffee.\r\nHere we''re gathered in order to follow in this man''s footsteps.\r\nCoffee is our blood. Oh lord Tyler thank you for this glorious tag that you have shined upon us.\r\nLet us drink to our hearts desire. Only at...\r\nThe Coffee Group 92', 'Andrew1479804495.jpg'),
(505, 'The Coffee Group  93', 'Legend tells of a computer wiz who was fascinated by coffee.\r\nHere we''re gathered in order to follow in this man''s footsteps.\r\nCoffee is our blood. Oh lord Tyler thank you for this glorious tag that you have shined upon us.\r\nLet us drink to our hearts desire. Only at...\r\nThe Coffee Group 93', 'Andrew1479804501.jpg'),
(506, 'The Sports Group  100', 'SPORTS!\r\nFrom Soccer to Football and Tennis or Hockey.\r\nLets all participate in them here at The Sports Group 100', 'Andrew1479804506.jpg'),
(507, 'The Movie Group 85', 'This is the movie goers best group!\r\nWe watch Pixar to Star Wars. All kinds of Movies!\r\nLets watch movies together here in The Movie Group 85', 'Andrew1479804511.jpg'),
(508, 'The Education Group  87', 'Lets all study together!\r\nFrom math to sciences, we help each other in The Education Group 87', 'Isaac1479804523.jpg'),
(509, 'The Education Group  88', 'Lets all study together!\r\nFrom math to sciences, we help each other in The Education Group 88', 'Isaac1479804528.jpg'),
(510, 'The Food Group 95', 'We are the gourmet. The connoisseurs of good food.\r\nEnjoy your meal!\r\nEnjoy your meals soley at The Food Group 95', 'Vanessa1479804540.jpg'),
(511, 'The Education Group  89', 'Lets all study together!\r\nFrom math to sciences, we help each other in The Education Group 89', 'Vanessa1479804545.jpg'),
(512, 'The Coffee Group  94', 'Legend tells of a computer wiz who was fascinated by coffee.\r\nHere we''re gathered in order to follow in this man''s footsteps.\r\nCoffee is our blood. Oh lord Tyler thank you for this glorious tag that you have shined upon us.\r\nLet us drink to our hearts desire. Only at...\r\nThe Coffee Group 94', 'Vanessa1479804550.jpg'),
(513, 'The Movie Group 86', 'This is the movie goers best group!\r\nWe watch Pixar to Star Wars. All kinds of Movies!\r\nLets watch movies together here in The Movie Group 86', 'Amy1479804562.jpg'),
(514, 'The Movie Group 87', 'This is the movie goers best group!\r\nWe watch Pixar to Star Wars. All kinds of Movies!\r\nLets watch movies together here in The Movie Group 87', 'Amy1479804567.jpg'),
(515, 'The Sports Group  101', 'SPORTS!\r\nFrom Soccer to Football and Tennis or Hockey.\r\nLets all participate in them here at The Sports Group 101', 'Amy1479804572.jpg'),
(516, 'The Food Group 96', 'We are the gourmet. The connoisseurs of good food.\r\nEnjoy your meal!\r\nEnjoy your meals soley at The Food Group 96', 'Amy1479804577.jpg'),
(517, 'The Movie Group 88', 'This is the movie goers best group!\r\nWe watch Pixar to Star Wars. All kinds of Movies!\r\nLets watch movies together here in The Movie Group 88', 'Amy1479804581.jpg'),
(518, 'The Sports Group  102', 'SPORTS!\r\nFrom Soccer to Football and Tennis or Hockey.\r\nLets all participate in them here at The Sports Group 102', 'Cameron1479804594.jpg'),
(519, 'The Education Group  90', 'Lets all study together!\r\nFrom math to sciences, we help each other in The Education Group 90', 'Max1479804606.jpg'),
(520, 'The Movie Group 89', 'This is the movie goers best group!\r\nWe watch Pixar to Star Wars. All kinds of Movies!\r\nLets watch movies together here in The Movie Group 89', 'Alan1479804617.jpg'),
(521, 'The Food Group 97', 'We are the gourmet. The connoisseurs of good food.\r\nEnjoy your meal!\r\nEnjoy your meals soley at The Food Group 97', 'Alan1479804623.jpg'),
(522, 'The Movie Group 90', 'This is the movie goers best group!\r\nWe watch Pixar to Star Wars. All kinds of Movies!\r\nLets watch movies together here in The Movie Group 90', 'Alan1479804627.jpg'),
(523, 'The Education Group  91', 'Lets all study together!\r\nFrom math to sciences, we help each other in The Education Group 91', 'Alan1479804632.jpg');
INSERT INTO `organization` (`org_id`, `org_title`, `org_description`, `org_picture`) VALUES
(524, 'The Coffee Group  95', 'Legend tells of a computer wiz who was fascinated by coffee.\r\nHere we''re gathered in order to follow in this man''s footsteps.\r\nCoffee is our blood. Oh lord Tyler thank you for this glorious tag that you have shined upon us.\r\nLet us drink to our hearts desire. Only at...\r\nThe Coffee Group 95', 'Nicola1479804645.jpg'),
(525, 'The Food Group 98', 'We are the gourmet. The connoisseurs of good food.\r\nEnjoy your meal!\r\nEnjoy your meals soley at The Food Group 98', 'Nicola1479804650.jpg'),
(526, 'The Education Group  92', 'Lets all study together!\r\nFrom math to sciences, we help each other in The Education Group 92', 'Colin1479804662.jpg'),
(527, 'The Sports Group  103', 'SPORTS!\r\nFrom Soccer to Football and Tennis or Hockey.\r\nLets all participate in them here at The Sports Group 103', 'Colin1479804667.jpg'),
(528, 'The Sports Group  104', 'SPORTS!\r\nFrom Soccer to Football and Tennis or Hockey.\r\nLets all participate in them here at The Sports Group 104', 'Colin1479804672.jpg'),
(529, 'The Education Group  93', 'Lets all study together!\r\nFrom math to sciences, we help each other in The Education Group 93', 'Colin1479804677.jpg'),
(530, 'The Food Group 99', 'We are the gourmet. The connoisseurs of good food.\r\nEnjoy your meal!\r\nEnjoy your meals soley at The Food Group 99', 'Colin1479804683.jpg'),
(531, 'The Food Group 100', 'We are the gourmet. The connoisseurs of good food.\r\nEnjoy your meal!\r\nEnjoy your meals soley at The Food Group 100', 'Brandon1479804695.jpg'),
(532, 'The Movie Group 91', 'This is the movie goers best group!\r\nWe watch Pixar to Star Wars. All kinds of Movies!\r\nLets watch movies together here in The Movie Group 91', 'Leonard1479804707.jpg'),
(533, 'The Food Group 101', 'We are the gourmet. The connoisseurs of good food.\r\nEnjoy your meal!\r\nEnjoy your meals soley at The Food Group 101', 'Leonard1479804712.jpg'),
(534, 'The Movie Group 92', 'This is the movie goers best group!\r\nWe watch Pixar to Star Wars. All kinds of Movies!\r\nLets watch movies together here in The Movie Group 92', 'Warren1479804725.jpg'),
(535, 'The Movie Group 93', 'This is the movie goers best group!\r\nWe watch Pixar to Star Wars. All kinds of Movies!\r\nLets watch movies together here in The Movie Group 93', 'Warren1479804729.jpg'),
(536, 'The Sports Group  105', 'SPORTS!\r\nFrom Soccer to Football and Tennis or Hockey.\r\nLets all participate in them here at The Sports Group 105', 'Warren1479804734.jpg'),
(537, 'The Education Group  94', 'Lets all study together!\r\nFrom math to sciences, we help each other in The Education Group 94', 'Warren1479804739.jpg'),
(538, 'The Sports Group  106', 'SPORTS!\r\nFrom Soccer to Football and Tennis or Hockey.\r\nLets all participate in them here at The Sports Group 106', 'Warren1479804745.jpg'),
(539, 'The Movie Group 94', 'This is the movie goers best group!\r\nWe watch Pixar to Star Wars. All kinds of Movies!\r\nLets watch movies together here in The Movie Group 94', 'Samantha1479804757.jpg'),
(540, 'The Sports Group  107', 'SPORTS!\r\nFrom Soccer to Football and Tennis or Hockey.\r\nLets all participate in them here at The Sports Group 107', 'Samantha1479804762.jpg'),
(541, 'The Coffee Group  96', 'Legend tells of a computer wiz who was fascinated by coffee.\r\nHere we''re gathered in order to follow in this man''s footsteps.\r\nCoffee is our blood. Oh lord Tyler thank you for this glorious tag that you have shined upon us.\r\nLet us drink to our hearts desire. Only at...\r\nThe Coffee Group 96', 'Samantha1479804768.jpg'),
(542, 'The Coffee Group  97', 'Legend tells of a computer wiz who was fascinated by coffee.\r\nHere we''re gathered in order to follow in this man''s footsteps.\r\nCoffee is our blood. Oh lord Tyler thank you for this glorious tag that you have shined upon us.\r\nLet us drink to our hearts desire. Only at...\r\nThe Coffee Group 97', 'Samantha1479804774.jpg'),
(543, 'The Coffee Group  98', 'Legend tells of a computer wiz who was fascinated by coffee.\r\nHere we''re gathered in order to follow in this man''s footsteps.\r\nCoffee is our blood. Oh lord Tyler thank you for this glorious tag that you have shined upon us.\r\nLet us drink to our hearts desire. Only at...\r\nThe Coffee Group 98', 'Sebastian1479804787.jpg'),
(544, 'The Coffee Group  99', 'Legend tells of a computer wiz who was fascinated by coffee.\r\nHere we''re gathered in order to follow in this man''s footsteps.\r\nCoffee is our blood. Oh lord Tyler thank you for this glorious tag that you have shined upon us.\r\nLet us drink to our hearts desire. Only at...\r\nThe Coffee Group 99', 'Sebastian1479804793.jpg'),
(545, 'The Coffee Group  100', 'Legend tells of a computer wiz who was fascinated by coffee.\r\nHere we''re gathered in order to follow in this man''s footsteps.\r\nCoffee is our blood. Oh lord Tyler thank you for this glorious tag that you have shined upon us.\r\nLet us drink to our hearts desire. Only at...\r\nThe Coffee Group 100', 'Sebastian1479804799.jpg'),
(546, 'The Education Group  95', 'Lets all study together!\r\nFrom math to sciences, we help each other in The Education Group 95', 'Felicity1479804811.jpg'),
(547, 'The Education Group  96', 'Lets all study together!\r\nFrom math to sciences, we help each other in The Education Group 96', 'Jason1479804824.jpg'),
(548, 'The Movie Group 95', 'This is the movie goers best group!\r\nWe watch Pixar to Star Wars. All kinds of Movies!\r\nLets watch movies together here in The Movie Group 95', 'Jason1479804828.jpg'),
(549, 'The Food Group 102', 'We are the gourmet. The connoisseurs of good food.\r\nEnjoy your meal!\r\nEnjoy your meals soley at The Food Group 102', 'Jason1479804834.jpg'),
(550, 'The Movie Group 96', 'This is the movie goers best group!\r\nWe watch Pixar to Star Wars. All kinds of Movies!\r\nLets watch movies together here in The Movie Group 96', 'Jason1479804839.jpg'),
(551, 'The Sports Group  108', 'SPORTS!\r\nFrom Soccer to Football and Tennis or Hockey.\r\nLets all participate in them here at The Sports Group 108', 'Jason1479804844.jpg'),
(552, 'The Movie Group 97', 'This is the movie goers best group!\r\nWe watch Pixar to Star Wars. All kinds of Movies!\r\nLets watch movies together here in The Movie Group 97', 'Ian1479804856.jpg'),
(553, 'The Sports Group  109', 'SPORTS!\r\nFrom Soccer to Football and Tennis or Hockey.\r\nLets all participate in them here at The Sports Group 109', 'Ian1479804862.jpg'),
(554, 'The Coffee Group  101', 'Legend tells of a computer wiz who was fascinated by coffee.\r\nHere we''re gathered in order to follow in this man''s footsteps.\r\nCoffee is our blood. Oh lord Tyler thank you for this glorious tag that you have shined upon us.\r\nLet us drink to our hearts desire. Only at...\r\nThe Coffee Cult 101', 'Ian1479804867.jpg'),
(555, 'The Sports Group  110', 'SPORTS!\r\nFrom Soccer to Football and Tennis or Hockey.\r\nLets all participate in them here at The Sports Group 110', 'Ian1479804873.jpg'),
(556, 'The Sports Group  111', 'SPORTS!\r\nFrom Soccer to Football and Tennis or Hockey.\r\nLets all participate in them here at The Sports Group 111', 'Lauren1479804885.jpg'),
(557, 'The Education Group  97', 'Lets all study together!\r\nFrom math to sciences, we help each other in The Education Group 97', 'Lauren1479804890.jpg'),
(558, 'The Sports Group  112', 'SPORTS!\r\nFrom Soccer to Football and Tennis or Hockey.\r\nLets all participate in them here at The Sports Group 112', 'Lauren1479804896.jpg'),
(559, 'The Sports Group  113', 'SPORTS!\r\nFrom Soccer to Football and Tennis or Hockey.\r\nLets all participate in them here at The Sports Group 113', 'Lauren1479804901.jpg'),
(560, 'The Food Group 103', 'We are the gourmet. The connoisseurs of good food.\r\nEnjoy your meal!\r\nEnjoy your meals soley at The Food Group 103', 'Lauren1479804906.jpg'),
(561, 'The Food Group 104', 'We are the gourmet. The connoisseurs of good food.\r\nEnjoy your meal!\r\nEnjoy your meals soley at The Food Group 104', 'Adrian1479804919.jpg'),
(562, 'The Education Group  98', 'Lets all study together!\r\nFrom math to sciences, we help each other in The Education Group 98', 'Adrian1479804924.jpg'),
(563, 'The Coffee Group  102', 'Legend tells of a computer wiz who was fascinated by coffee.\r\nHere we''re gathered in order to follow in this man''s footsteps.\r\nCoffee is our blood. Oh lord Tyler thank you for this glorious tag that you have shined upon us.\r\nLet us drink to our hearts desire. Only at...\r\nThe Coffee Cult 102', 'Adrian1479804930.jpg'),
(564, 'The Coffee Group  103', 'Legend tells of a computer wiz who was fascinated by coffee.\r\nHere we''re gathered in order to follow in this man''s footsteps.\r\nCoffee is our blood. Oh lord Tyler thank you for this glorious tag that you have shined upon us.\r\nLet us drink to our hearts desire. Only at...\r\nThe Coffee Cult 103', 'Adrian1479804936.jpg'),
(565, 'The Sports Group  114', 'SPORTS!\r\nFrom Soccer to Football and Tennis or Hockey.\r\nLets all participate in them here at The Sports Group 114', 'Lucas1479804949.jpg'),
(566, 'The Movie Group 98', 'This is the movie goers best group!\r\nWe watch Pixar to Star Wars. All kinds of Movies!\r\nLets watch movies together here in The Movie Group 98', 'Hannah1479804961.jpg'),
(567, 'The Sports Group  115', 'SPORTS!\r\nFrom Soccer to Football and Tennis or Hockey.\r\nLets all participate in them here at The Sports Group 115', 'Hannah1479804967.jpg'),
(568, 'The Coffee Group  104', 'Legend tells of a computer wiz who was fascinated by coffee.\r\nHere we''re gathered in order to follow in this man''s footsteps.\r\nCoffee is our blood. Oh lord Tyler thank you for this glorious tag that you have shined upon us.\r\nLet us drink to our hearts desire. Only at...\r\nThe Coffee Group 104', 'Hannah1479804973.jpg'),
(569, 'The Coffee Group  105', 'Legend tells of a computer wiz who was fascinated by coffee.\r\nHere we''re gathered in order to follow in this man''s footsteps.\r\nCoffee is our blood. Oh lord Tyler thank you for this glorious tag that you have shined upon us.\r\nLet us drink to our hearts desire. Only at...\r\nThe Coffee Group 105', 'Hannah1479804980.jpg'),
(570, 'The Sports Group  116', 'SPORTS!\r\nFrom Soccer to Football and Tennis or Hockey.\r\nLets all participate in them here at The Sports Group 116', 'Virginia1479804993.jpg'),
(571, 'The Sports Group  117', 'SPORTS!\r\nFrom Soccer to Football and Tennis or Hockey.\r\nLets all participate in them here at The Sports Group 117', 'Virginia1479804998.jpg'),
(572, 'The Sports Group  118', 'SPORTS!\r\nFrom Soccer to Football and Tennis or Hockey.\r\nLets all participate in them here at The Sports Group 118', 'Virginia1479805004.jpg'),
(573, 'The Coffee Group  106', 'Legend tells of a computer wiz who was fascinated by coffee.\r\nHere we''re gathered in order to follow in this man''s footsteps.\r\nCoffee is our blood. Oh lord Tyler thank you for this glorious tag that you have shined upon us.\r\nLet us drink to our hearts desire. Only at...\r\nThe Coffee Group 106', 'Virginia1479805010.jpg'),
(574, 'The Movie Group 99', 'This is the movie goers best group!\r\nWe watch Pixar to Star Wars. All kinds of Movies!\r\nLets watch movies together here in The Movie Group 99', 'Pippa1479805022.jpg'),
(575, 'The Coffee Group  107', 'Legend tells of a computer wiz who was fascinated by coffee.\r\nHere we''re gathered in order to follow in this man''s footsteps.\r\nCoffee is our blood. Oh lord Tyler thank you for this glorious tag that you have shined upon us.\r\nLet us drink to our hearts desire. Only at...\r\nThe Coffee Group 107', 'Pippa1479805028.jpg'),
(576, 'The Education Group  99', 'Lets all study together!\r\nFrom math to sciences, we help each other in The Education Group 99', 'Pippa1479805033.jpg'),
(577, 'The Food Group 105', 'We are the gourmet. The connoisseurs of good food.\r\nEnjoy your meal!\r\nEnjoy your meals soley at The Food Group 105', 'Nathan1479805046.jpg'),
(578, 'The Education Group  100', 'Lets all study together!\r\nFrom math to sciences, we help each other in The Education Group 100', 'Piers1479805059.jpg'),
(579, 'The Food Group 106', 'We are the gourmet. The connoisseurs of good food.\r\nEnjoy your meal!\r\nEnjoy your meals soley at The Food Group 106', 'Piers1479805064.jpg'),
(580, 'The Sports Group  119', 'SPORTS!\r\nFrom Soccer to Football and Tennis or Hockey.\r\nLets all participate in them here at The Sports Group 119', 'Ian1479805077.jpg'),
(581, 'The Sports Group  120', 'SPORTS!\r\nFrom Soccer to Football and Tennis or Hockey.\r\nLets all participate in them here at The Sports Group 120', 'Ian1479805082.jpg'),
(582, 'The Food Group 107', 'We are the gourmet. The connoisseurs of good food.\r\nEnjoy your meal!\r\nEnjoy your meals soley at The Food Group 107', 'Ian1479805088.jpg'),
(583, 'The Food Group 108', 'We are the gourmet. The connoisseurs of good food.\r\nEnjoy your meal!\r\nEnjoy your meals soley at The Food Group 108', 'Jonathan1479805101.jpg'),
(584, 'The Education Group  101', 'Lets all study together!\r\nFrom math to sciences, we help each other in The Education Group 101', 'Jonathan1479805106.jpg'),
(585, 'The Coffee Group  108', 'Legend tells of a computer wiz who was fascinated by coffee.\r\nHere we''re gathered in order to follow in this man''s footsteps.\r\nCoffee is our blood. Oh lord Tyler thank you for this glorious tag that you have shined upon us.\r\nLet us drink to our hearts desire. Only at...\r\nThe Coffee Group 108', 'Jonathan1479805111.jpg'),
(586, 'The Coffee Group  109', 'Legend tells of a computer wiz who was fascinated by coffee.\r\nHere we''re gathered in order to follow in this man''s footsteps.\r\nCoffee is our blood. Oh lord Tyler thank you for this glorious tag that you have shined upon us.\r\nLet us drink to our hearts desire. Only at...\r\nThe Coffee Group 109', 'Jonathan1479805117.jpg'),
(587, 'The Movie Group 100', 'This is the movie goers best group!\r\nWe watch Pixar to Star Wars. All kinds of Movies!\r\nLets watch movies together here in The Movie Group 100', 'Jonathan1479805122.jpg'),
(588, 'The Education Group  102', 'Lets all study together!\r\nFrom math to sciences, we help each other in The Education Group 102', 'Steven1479805134.jpg'),
(589, 'The Sports Group  121', 'SPORTS!\r\nFrom Soccer to Football and Tennis or Hockey.\r\nLets all participate in them here at The Sports Group 121', 'Liam1479805147.jpg'),
(590, 'The Sports Group  122', 'SPORTS!\r\nFrom Soccer to Football and Tennis or Hockey.\r\nLets all participate in them here at The Sports Group 122', 'Liam1479805152.jpg'),
(591, 'The Movie Group 101', 'This is the movie goers best group!\r\nWe watch Pixar to Star Wars. All kinds of Movies!\r\nLets watch movies together here in The Movie Group 101', 'Liam1479805157.jpg'),
(592, 'The Movie Group 102', 'This is the movie goers best group!\r\nWe watch Pixar to Star Wars. All kinds of Movies!\r\nLets watch movies together here in The Movie Group 102', 'Liam1479805162.jpg'),
(593, 'The Education Group  103', 'Lets all study together!\r\nFrom math to sciences, we help each other in The Education Group 103', 'Owen1479805174.jpg'),
(594, 'The Coffee Group  110', 'Legend tells of a computer wiz who was fascinated by coffee.\r\nHere we''re gathered in order to follow in this man''s footsteps.\r\nCoffee is our blood. Oh lord Tyler thank you for this glorious tag that you have shined upon us.\r\nLet us drink to our hearts desire. Only at...\r\nThe Coffee Cult 110', 'Owen1479805180.jpg'),
(595, 'The Coffee Group  111', 'Legend tells of a computer wiz who was fascinated by coffee.\r\nHere we''re gathered in order to follow in this man''s footsteps.\r\nCoffee is our blood. Oh lord Tyler thank you for this glorious tag that you have shined upon us.\r\nLet us drink to our hearts desire. Only at...\r\nThe Coffee Group 111', 'Owen1479805186.jpg'),
(596, 'The Education Group  104', 'Lets all study together!\r\nFrom math to sciences, we help each other in The Education Group 104', 'Owen1479805191.jpg'),
(597, 'The Coffee Group  112', 'Legend tells of a computer wiz who was fascinated by coffee.\r\nHere we''re gathered in order to follow in this man''s footsteps.\r\nCoffee is our blood. Oh lord Tyler thank you for this glorious tag that you have shined upon us.\r\nLet us drink to our hearts desire. Only at...\r\nThe Coffee Group 112', 'Owen1479805197.jpg'),
(598, 'The Food Group 109', 'We are the gourmet. The connoisseurs of good food.\r\nEnjoy your meal!\r\nEnjoy your meals soley at The Food Group 109', 'Yvonne1479805210.jpg'),
(599, 'The Coffee Group  113', 'Legend tells of a computer wiz who was fascinated by coffee.\r\nHere we''re gathered in order to follow in this man''s footsteps.\r\nCoffee is our blood. Oh lord Tyler thank you for this glorious tag that you have shined upon us.\r\nLet us drink to our hearts desire. Only at...\r\nThe Coffee Group 113', 'Benjamin1479805223.jpg'),
(600, 'The Sports Group  123', 'SPORTS!\r\nFrom Soccer to Football and Tennis or Hockey.\r\nLets all participate in them here at The Sports Group 123', 'Benjamin1479805228.jpg'),
(601, 'The Coffee Group  114', 'Legend tells of a computer wiz who was fascinated by coffee.\r\nHere we''re gathered in order to follow in this man''s footsteps.\r\nCoffee is our blood. Oh lord Tyler thank you for this glorious tag that you have shined upon us.\r\nLet us drink to our hearts desire. Only at...\r\nThe Coffee Group 114', 'Benjamin1479805234.jpg'),
(602, 'The Movie Group 103', 'This is the movie goers best group!\r\nWe watch Pixar to Star Wars. All kinds of Movies!\r\nLets watch movies together here in The Movie Group 103', 'Benjamin1479805239.jpg'),
(603, 'The Sports Group  124', 'SPORTS!\r\nFrom Soccer to Football and Tennis or Hockey.\r\nLets all participate in them here at The Sports Group 124', 'Adam1479805252.jpg'),
(604, 'The Movie Group 104', 'This is the movie goers best group!\r\nWe watch Pixar to Star Wars. All kinds of Movies!\r\nLets watch movies together here in The Movie Group 104', 'Adam1479805257.jpg'),
(605, 'The Education Group  105', 'Lets all study together!\r\nFrom math to sciences, we help each other in The Education Group 105', 'James1479805269.jpg'),
(606, 'The Education Group  106', 'Lets all study together!\r\nFrom math to sciences, we help each other in The Education Group 106', 'James1479805275.jpg'),
(607, 'The Sports Group  125', 'SPORTS!\r\nFrom Soccer to Football and Tennis or Hockey.\r\nLets all participate in them here at The Sports Group 125', 'Kevin1479805287.jpg'),
(608, 'The Coffee Group  115', 'Legend tells of a computer wiz who was fascinated by coffee.\r\nHere we''re gathered in order to follow in this man''s footsteps.\r\nCoffee is our blood. Oh lord Tyler thank you for this glorious tag that you have shined upon us.\r\nLet us drink to our hearts desire. Only at...\r\nThe Coffee Group 115', 'Kevin1479805293.jpg'),
(609, 'The Education Group  107', 'Lets all study together!\r\nFrom math to sciences, we help each other in The Education Group 107', 'Kevin1479805298.jpg'),
(610, 'The Movie Group 105', 'This is the movie goers best group!\r\nWe watch Pixar to Star Wars. All kinds of Movies!\r\nLets watch movies together here in The Movie Group 105', 'Kevin1479805303.jpg'),
(611, 'The Food Group 110', 'We are the gourmet. The connoisseurs of good food.\r\nEnjoy your meal!\r\nEnjoy your meals soley at The Food Group 110', 'Kevin1479805308.jpg'),
(612, 'The Sports Group  126', 'SPORTS!\r\nFrom Soccer to Football and Tennis or Hockey.\r\nLets all participate in them here at The Sports Group 126', 'Donna1479805321.jpg'),
(613, 'The Sports Group  127', 'SPORTS!\r\nFrom Soccer to Football and Tennis or Hockey.\r\nLets all participate in them here at The Sports Group 127', 'Donna1479805326.jpg'),
(614, 'The Sports Group  128', 'SPORTS!\r\nFrom Soccer to Football and Tennis or Hockey.\r\nLets all participate in them here at The Sports Group 128', 'Donna1479805331.jpg'),
(615, 'The Movie Group 106', 'This is the movie goers best group!\r\nWe watch Pixar to Star Wars. All kinds of Movies!\r\nLets watch movies together here in The Movie Group 106', 'Donna1479805336.jpg'),
(616, 'The Movie Group 107', 'This is the movie goers best group!\r\nWe watch Pixar to Star Wars. All kinds of Movies!\r\nLets watch movies together here in The Movie Group 107', 'Elizabeth1479805348.jpg'),
(617, 'The Movie Group 108', 'This is the movie goers best group!\r\nWe watch Pixar to Star Wars. All kinds of Movies!\r\nLets watch movies together here in The Movie Group 108', 'Elizabeth1479805353.jpg'),
(618, 'The Sports Group  129', 'SPORTS!\r\nFrom Soccer to Football and Tennis or Hockey.\r\nLets all participate in them here at The Sports Group 129', 'Wendy1479805366.jpg'),
(619, 'The Sports Group  130', 'SPORTS!\r\nFrom Soccer to Football and Tennis or Hockey.\r\nLets all participate in them here at The Sports Group 130', 'Wendy1479805371.jpg'),
(620, 'The Coffee Group  116', 'Legend tells of a computer wiz who was fascinated by coffee.\r\nHere we''re gathered in order to follow in this man''s footsteps.\r\nCoffee is our blood. Oh lord Tyler thank you for this glorious tag that you have shined upon us.\r\nLet us drink to our hearts desire. Only at...\r\nThe Coffee Group 116', 'Pippa1479805384.jpg'),
(621, 'The Coffee Group  117', 'Legend tells of a computer wiz who was fascinated by coffee.\r\nHere we''re gathered in order to follow in this man''s footsteps.\r\nCoffee is our blood. Oh lord Tyler thank you for this glorious tag that you have shined upon us.\r\nLet us drink to our hearts desire. Only at...\r\nThe Coffee Cult 117', 'Natalie1479805397.jpg'),
(622, 'The Sports Group  131', 'SPORTS!\r\nFrom Soccer to Football and Tennis or Hockey.\r\nLets all participate in them here at The Sports Group 131', 'Natalie1479805403.jpg'),
(623, 'The Movie Group 109', 'This is the movie goers best group!\r\nWe watch Pixar to Star Wars. All kinds of Movies!\r\nLets watch movies together here in The Movie Group 109', 'Jake1479805415.jpg'),
(624, 'The Food Group 111', 'We are the gourmet. The connoisseurs of good food.\r\nEnjoy your meal!\r\nEnjoy your meals soley at The Food Group 111', 'Jake1479805420.jpg'),
(625, 'The Sports Group  132', 'SPORTS!\r\nFrom Soccer to Football and Tennis or Hockey.\r\nLets all participate in them here at The Sports Group 132', 'David1479805433.jpg'),
(626, 'The Movie Group 110', 'This is the movie goers best group!\r\nWe watch Pixar to Star Wars. All kinds of Movies!\r\nLets watch movies together here in The Movie Group 110', 'David1479805438.jpg'),
(627, 'The Education Group  108', 'Lets all study together!\r\nFrom math to sciences, we help each other in The Education Group 108', 'David1479805443.jpg'),
(628, 'The Education Group  109', 'Lets all study together!\r\nFrom math to sciences, we help each other in The Education Group 109', 'David1479805448.jpg'),
(629, 'The Movie Group 111', 'This is the movie goers best group!\r\nWe watch Pixar to Star Wars. All kinds of Movies!\r\nLets watch movies together here in The Movie Group 111', 'David1479805453.jpg'),
(630, 'The Movie Group 112', 'This is the movie goers best group!\r\nWe watch Pixar to Star Wars. All kinds of Movies!\r\nLets watch movies together here in The Movie Group 112', 'Joan1479805465.jpg'),
(631, 'The Coffee Group  118', 'Legend tells of a computer wiz who was fascinated by coffee.\r\nHere we''re gathered in order to follow in this man''s footsteps.\r\nCoffee is our blood. Oh lord Tyler thank you for this glorious tag that you have shined upon us.\r\nLet us drink to our hearts desire. Only at...\r\nThe Coffee Group 118', 'Joan1479805471.jpg'),
(632, 'The Coffee Group  119', 'Legend tells of a computer wiz who was fascinated by coffee.\r\nHere we''re gathered in order to follow in this man''s footsteps.\r\nCoffee is our blood. Oh lord Tyler thank you for this glorious tag that you have shined upon us.\r\nLet us drink to our hearts desire. Only at...\r\nThe Coffee Group 119', 'Joan1479805477.jpg'),
(633, 'The Coffee Group  120', 'Legend tells of a computer wiz who was fascinated by coffee.\r\nHere we''re gathered in order to follow in this man''s footsteps.\r\nCoffee is our blood. Oh lord Tyler thank you for this glorious tag that you have shined upon us.\r\nLet us drink to our hearts desire. Only at...\r\nThe Coffee Cult 120', 'Brian1479805490.jpg'),
(634, 'The Movie Group 113', 'This is the movie goers best group!\r\nWe watch Pixar to Star Wars. All kinds of Movies!\r\nLets watch movies together here in The Movie Group 113', 'Piers1479805503.jpg'),
(635, 'The Coffee Group  121', 'Legend tells of a computer wiz who was fascinated by coffee.\r\nHere we''re gathered in order to follow in this man''s footsteps.\r\nCoffee is our blood. Oh lord Tyler thank you for this glorious tag that you have shined upon us.\r\nLet us drink to our hearts desire. Only at...\r\nThe Coffee Group 121', 'Piers1479805508.jpg'),
(636, 'The Education Group  110', 'Lets all study together!\r\nFrom math to sciences, we help each other in The Education Group 110', 'Piers1479805514.jpg'),
(637, 'The Education Group  111', 'Lets all study together!\r\nFrom math to sciences, we help each other in The Education Group 111', 'Phil1479805526.jpg'),
(638, 'The Food Group 112', 'We are the gourmet. The connoisseurs of good food.\r\nEnjoy your meal!\r\nEnjoy your meals soley at The Food Group 112', 'Phil1479805531.jpg'),
(639, 'The Sports Group  133', 'SPORTS!\r\nFrom Soccer to Football and Tennis or Hockey.\r\nLets all participate in them here at The Sports Group 133', 'Phil1479805537.jpg'),
(640, 'The Movie Group 114', 'This is the movie goers best group!\r\nWe watch Pixar to Star Wars. All kinds of Movies!\r\nLets watch movies together here in The Movie Group 114', 'Phil1479805542.jpg'),
(641, 'The Coffee Group  122', 'Legend tells of a computer wiz who was fascinated by coffee.\r\nHere we''re gathered in order to follow in this man''s footsteps.\r\nCoffee is our blood. Oh lord Tyler thank you for this glorious tag that you have shined upon us.\r\nLet us drink to our hearts desire. Only at...\r\nThe Coffee Group 122', 'Carl1479805555.jpg'),
(642, 'The Coffee Group  123', 'Legend tells of a computer wiz who was fascinated by coffee.\r\nHere we''re gathered in order to follow in this man''s footsteps.\r\nCoffee is our blood. Oh lord Tyler thank you for this glorious tag that you have shined upon us.\r\nLet us drink to our hearts desire. Only at...\r\nThe Coffee Group 123', 'Carl1479805561.jpg'),
(643, 'The Movie Group 115', 'This is the movie goers best group!\r\nWe watch Pixar to Star Wars. All kinds of Movies!\r\nLets watch movies together here in The Movie Group 115', 'Elizabeth1479805573.jpg'),
(644, 'The Education Group  112', 'Lets all study together!\r\nFrom math to sciences, we help each other in The Education Group 112', 'Elizabeth1479805579.jpg'),
(645, 'The Movie Group 116', 'This is the movie goers best group!\r\nWe watch Pixar to Star Wars. All kinds of Movies!\r\nLets watch movies together here in The Movie Group 116', 'Elizabeth1479805584.jpg'),
(646, 'The Education Group  113', 'Lets all study together!\r\nFrom math to sciences, we help each other in The Education Group 113', 'Elizabeth1479805589.jpg'),
(647, 'The Coffee Group  124', 'Legend tells of a computer wiz who was fascinated by coffee.\r\nHere we''re gathered in order to follow in this man''s footsteps.\r\nCoffee is our blood. Oh lord Tyler thank you for this glorious tag that you have shined upon us.\r\nLet us drink to our hearts desire. Only at...\r\nThe Coffee Group 124', 'Sean1479805602.jpg'),
(648, 'The Food Group 113', 'We are the gourmet. The connoisseurs of good food.\r\nEnjoy your meal!\r\nEnjoy your meals soley at The Food Group 113', 'Sean1479805608.jpg'),
(649, 'The Sports Group  134', 'SPORTS!\r\nFrom Soccer to Football and Tennis or Hockey.\r\nLets all participate in them here at The Sports Group 134', 'Sean1479805613.jpg'),
(650, 'The Coffee Group  125', 'Legend tells of a computer wiz who was fascinated by coffee.\r\nHere we''re gathered in order to follow in this man''s footsteps.\r\nCoffee is our blood. Oh lord Tyler thank you for this glorious tag that you have shined upon us.\r\nLet us drink to our hearts desire. Only at...\r\nThe Coffee Group 125', 'Jasmine1479805627.jpg'),
(651, 'The Sports Group  135', 'SPORTS!\r\nFrom Soccer to Football and Tennis or Hockey.\r\nLets all participate in them here at The Sports Group 135', 'Liam1479805639.jpg'),
(652, 'The Movie Group 117', 'This is the movie goers best group!\r\nWe watch Pixar to Star Wars. All kinds of Movies!\r\nLets watch movies together here in The Movie Group 117', 'Julia1479805652.jpg'),
(653, 'The Food Group 114', 'We are the gourmet. The connoisseurs of good food.\r\nEnjoy your meal!\r\nEnjoy your meals soley at The Food Group 114', 'Julia1479805657.jpg'),
(654, 'The Coffee Group  126', 'Legend tells of a computer wiz who was fascinated by coffee.\r\nHere we''re gathered in order to follow in this man''s footsteps.\r\nCoffee is our blood. Oh lord Tyler thank you for this glorious tag that you have shined upon us.\r\nLet us drink to our hearts desire. Only at...\r\nThe Coffee Group 126', 'Leonard1479805670.jpg'),
(655, 'The Education Group  114', 'Lets all study together!\r\nFrom math to sciences, we help each other in The Education Group 114', 'Leonard1479805675.jpg'),
(656, 'The Sports Group  136', 'SPORTS!\r\nFrom Soccer to Football and Tennis or Hockey.\r\nLets all participate in them here at The Sports Group 136', 'Leonard1479805681.jpg'),
(657, 'The Sports Group  137', 'SPORTS!\r\nFrom Soccer to Football and Tennis or Hockey.\r\nLets all participate in them here at The Sports Group 137', 'Cameron1479805693.jpg'),
(658, 'The Education Group  115', 'Lets all study together!\r\nFrom math to sciences, we help each other in The Education Group 115', 'Faith1479805706.jpg'),
(659, 'The Movie Group 118', 'This is the movie goers best group!\r\nWe watch Pixar to Star Wars. All kinds of Movies!\r\nLets watch movies together here in The Movie Group 118', 'Faith1479805711.jpg'),
(660, 'The Coffee Group  127', 'Legend tells of a computer wiz who was fascinated by coffee.\r\nHere we''re gathered in order to follow in this man''s footsteps.\r\nCoffee is our blood. Oh lord Tyler thank you for this glorious tag that you have shined upon us.\r\nLet us drink to our hearts desire. Only at...\r\nThe Coffee Group 127', 'Faith1479805716.jpg'),
(661, 'The Coffee Group  128', 'Legend tells of a computer wiz who was fascinated by coffee.\r\nHere we''re gathered in order to follow in this man''s footsteps.\r\nCoffee is our blood. Oh lord Tyler thank you for this glorious tag that you have shined upon us.\r\nLet us drink to our hearts desire. Only at...\r\nThe Coffee Group 128', 'Faith1479805722.jpg'),
(662, 'The Food Group 115', 'We are the gourmet. The connoisseurs of good food.\r\nEnjoy your meal!\r\nEnjoy your meals soley at The Food Group 115', 'Faith1479805728.jpg'),
(663, 'The Food Group 116', 'We are the gourmet. The connoisseurs of good food.\r\nEnjoy your meal!\r\nEnjoy your meals soley at The Food Group 116', 'Simon1479805741.jpg'),
(664, 'The Movie Group 119', 'This is the movie goers best group!\r\nWe watch Pixar to Star Wars. All kinds of Movies!\r\nLets watch movies together here in The Movie Group 119', 'Simon1479805746.jpg'),
(665, 'The Coffee Group  129', 'Legend tells of a computer wiz who was fascinated by coffee.\r\nHere we''re gathered in order to follow in this man''s footsteps.\r\nCoffee is our blood. Oh lord Tyler thank you for this glorious tag that you have shined upon us.\r\nLet us drink to our hearts desire. Only at...\r\nThe Coffee Cult 129', 'Simon1479805751.jpg'),
(666, 'The Food Group 117', 'We are the gourmet. The connoisseurs of good food.\r\nEnjoy your meal!\r\nEnjoy your meals soley at The Food Group 117', 'Simon1479805757.jpg'),
(667, 'The Movie Group 120', 'This is the movie goers best group!\r\nWe watch Pixar to Star Wars. All kinds of Movies!\r\nLets watch movies together here in The Movie Group 120', 'Rose1479805769.jpg'),
(668, 'The Movie Group 121', 'This is the movie goers best group!\r\nWe watch Pixar to Star Wars. All kinds of Movies!\r\nLets watch movies together here in The Movie Group 121', 'Rose1479805774.jpg'),
(669, 'The Food Group 118', 'We are the gourmet. The connoisseurs of good food.\r\nEnjoy your meal!\r\nEnjoy your meals soley at The Food Group 118', 'Dominic1479805787.jpg'),
(670, 'The Food Group 119', 'We are the gourmet. The connoisseurs of good food.\r\nEnjoy your meal!\r\nEnjoy your meals soley at The Food Group 119', 'Dominic1479805792.jpg'),
(671, 'The Movie Group 122', 'This is the movie goers best group!\r\nWe watch Pixar to Star Wars. All kinds of Movies!\r\nLets watch movies together here in The Movie Group 122', 'Dominic1479805797.jpg'),
(672, 'The Sports Group  138', 'SPORTS!\r\nFrom Soccer to Football and Tennis or Hockey.\r\nLets all participate in them here at The Sports Group 138', 'Dominic1479805802.jpg'),
(673, 'The Coffee Group  130', 'Legend tells of a computer wiz who was fascinated by coffee.\r\nHere we''re gathered in order to follow in this man''s footsteps.\r\nCoffee is our blood. Oh lord Tyler thank you for this glorious tag that you have shined upon us.\r\nLet us drink to our hearts desire. Only at...\r\nThe Coffee Group 130', 'Dominic1479805808.jpg'),
(674, 'The Education Group  116', 'Lets all study together!\r\nFrom math to sciences, we help each other in The Education Group 116', 'Audrey1479805821.jpg'),
(675, 'The Coffee Group  131', 'Legend tells of a computer wiz who was fascinated by coffee.\r\nHere we''re gathered in order to follow in this man''s footsteps.\r\nCoffee is our blood. Oh lord Tyler thank you for this glorious tag that you have shined upon us.\r\nLet us drink to our hearts desire. Only at...\r\nThe Coffee Group 131', 'Felicity1479805834.jpg'),
(676, 'The Movie Group 123', 'This is the movie goers best group!\r\nWe watch Pixar to Star Wars. All kinds of Movies!\r\nLets watch movies together here in The Movie Group 123', 'Oliver1479805846.jpg'),
(677, 'The Education Group  117', 'Lets all study together!\r\nFrom math to sciences, we help each other in The Education Group 117', 'Oliver1479805851.jpg'),
(678, 'The Education Group  118', 'Lets all study together!\r\nFrom math to sciences, we help each other in The Education Group 118', 'Oliver1479805856.jpg'),
(679, 'The Education Group  119', 'Lets all study together!\r\nFrom math to sciences, we help each other in The Education Group 119', 'Joshua1479805869.jpg'),
(680, 'The Movie Group 124', 'This is the movie goers best group!\r\nWe watch Pixar to Star Wars. All kinds of Movies!\r\nLets watch movies together here in The Movie Group 124', 'Joshua1479805874.jpg'),
(681, 'The Food Group 120', 'We are the gourmet. The connoisseurs of good food.\r\nEnjoy your meal!\r\nEnjoy your meals soley at The Food Group 120', 'Joshua1479805879.jpg'),
(682, 'The Food Group 121', 'We are the gourmet. The connoisseurs of good food.\r\nEnjoy your meal!\r\nEnjoy your meals soley at The Food Group 121', 'Joshua1479805885.jpg'),
(683, 'The Sports Group  139', 'SPORTS!\r\nFrom Soccer to Football and Tennis or Hockey.\r\nLets all participate in them here at The Sports Group 139', 'Joshua1479805890.jpg'),
(684, 'The Education Group  120', 'Lets all study together!\r\nFrom math to sciences, we help each other in The Education Group 120', 'Ruth1479805902.jpg'),
(685, 'The Food Group 122', 'We are the gourmet. The connoisseurs of good food.\r\nEnjoy your meal!\r\nEnjoy your meals soley at The Food Group 122', 'Ruth1479805908.jpg'),
(686, 'The Coffee Group  132', 'Legend tells of a computer wiz who was fascinated by coffee.\r\nHere we''re gathered in order to follow in this man''s footsteps.\r\nCoffee is our blood. Oh lord Tyler thank you for this glorious tag that you have shined upon us.\r\nLet us drink to our hearts desire. Only at...\r\nThe Coffee Group 132', 'David1479805921.jpg'),
(687, 'The Coffee Group  133', 'Legend tells of a computer wiz who was fascinated by coffee.\r\nHere we''re gathered in order to follow in this man''s footsteps.\r\nCoffee is our blood. Oh lord Tyler thank you for this glorious tag that you have shined upon us.\r\nLet us drink to our hearts desire. Only at...\r\nThe Coffee Group 133', 'Ava1479805934.jpg'),
(688, 'The Education Group  121', 'Lets all study together!\r\nFrom math to sciences, we help each other in The Education Group 121', 'Ava1479805939.jpg'),
(689, 'The Coffee Group  134', 'Legend tells of a computer wiz who was fascinated by coffee.\r\nHere we''re gathered in order to follow in this man''s footsteps.\r\nCoffee is our blood. Oh lord Tyler thank you for this glorious tag that you have shined upon us.\r\nLet us drink to our hearts desire. Only at...\r\nThe Coffee Group 134', 'Cameron1479805953.jpg'),
(690, 'The Education Group  122', 'Lets all study together!\r\nFrom math to sciences, we help each other in The Education Group 122', 'Cameron1479805958.jpg'),
(691, 'The Movie Group 125', 'This is the movie goers best group!\r\nWe watch Pixar to Star Wars. All kinds of Movies!\r\nLets watch movies together here in The Movie Group 125', 'Faith1479805970.jpg'),
(692, 'The Education Group  123', 'Lets all study together!\r\nFrom math to sciences, we help each other in The Education Group 123', 'Faith1479805975.jpg'),
(693, 'The Sports Group  140', 'SPORTS!\r\nFrom Soccer to Football and Tennis or Hockey.\r\nLets all participate in them here at The Sports Group 140', 'Faith1479805981.jpg'),
(694, 'The Movie Group 126', 'This is the movie goers best group!\r\nWe watch Pixar to Star Wars. All kinds of Movies!\r\nLets watch movies together here in The Movie Group 126', 'Faith1479805986.jpg'),
(695, 'The Education Group  124', 'Lets all study together!\r\nFrom math to sciences, we help each other in The Education Group 124', 'Ava1479805998.jpg'),
(696, 'The Sports Group  141', 'SPORTS!\r\nFrom Soccer to Football and Tennis or Hockey.\r\nLets all participate in them here at The Sports Group 141', 'Ava1479806003.jpg'),
(697, 'The Coffee Group  135', 'Legend tells of a computer wiz who was fascinated by coffee.\r\nHere we''re gathered in order to follow in this man''s footsteps.\r\nCoffee is our blood. Oh lord Tyler thank you for this glorious tag that you have shined upon us.\r\nLet us drink to our hearts desire. Only at...\r\nThe Coffee Group 135', 'Evan1479806017.jpg'),
(698, 'The Education Group  125', 'Lets all study together!\r\nFrom math to sciences, we help each other in The Education Group 125', 'Christian1479806029.jpg'),
(699, 'The Food Group 123', 'We are the gourmet. The connoisseurs of good food.\r\nEnjoy your meal!\r\nEnjoy your meals soley at The Food Group 123', 'Christian1479806034.jpg'),
(700, 'The Education Group  126', 'Lets all study together!\r\nFrom math to sciences, we help each other in The Education Group 126', 'Amelia1479806048.jpg'),
(701, 'The Sports Group  142', 'SPORTS!\r\nFrom Soccer to Football and Tennis or Hockey.\r\nLets all participate in them here at The Sports Group 142', 'Amelia1479806053.jpg'),
(702, 'The Sports Group  143', 'SPORTS!\r\nFrom Soccer to Football and Tennis or Hockey.\r\nLets all participate in them here at The Sports Group 143', 'Amelia1479806058.jpg'),
(703, 'The Sports Group  144', 'SPORTS!\r\nFrom Soccer to Football and Tennis or Hockey.\r\nLets all participate in them here at The Sports Group 144', 'Joshua1479806071.jpg'),
(704, 'The Education Group  127', 'Lets all study together!\r\nFrom math to sciences, we help each other in The Education Group 127', 'Joshua1479806076.jpg'),
(705, 'The Food Group 124', 'We are the gourmet. The connoisseurs of good food.\r\nEnjoy your meal!\r\nEnjoy your meals soley at The Food Group 124', 'Joshua1479806082.jpg'),
(706, 'The Sports Group  145', 'SPORTS!\r\nFrom Soccer to Football and Tennis or Hockey.\r\nLets all participate in them here at The Sports Group 145', 'Joshua1479806087.jpg'),
(707, 'The Movie Group 127', 'This is the movie goers best group!\r\nWe watch Pixar to Star Wars. All kinds of Movies!\r\nLets watch movies together here in The Movie Group 127', 'Joshua1479806092.jpg'),
(708, 'The Coffee Group  136', 'Legend tells of a computer wiz who was fascinated by coffee.\r\nHere we''re gathered in order to follow in this man''s footsteps.\r\nCoffee is our blood. Oh lord Tyler thank you for this glorious tag that you have shined upon us.\r\nLet us drink to our hearts desire. Only at...\r\nThe Coffee Group 136', 'Madeleine1479806105.jpg'),
(709, 'The Sports Group  146', 'SPORTS!\r\nFrom Soccer to Football and Tennis or Hockey.\r\nLets all participate in them here at The Sports Group 146', 'Madeleine1479806111.jpg'),
(710, 'The Movie Group 128', 'This is the movie goers best group!\r\nWe watch Pixar to Star Wars. All kinds of Movies!\r\nLets watch movies together here in The Movie Group 128', 'Madeleine1479806116.jpg'),
(711, 'The Coffee Group  137', 'Legend tells of a computer wiz who was fascinated by coffee.\r\nHere we''re gathered in order to follow in this man''s footsteps.\r\nCoffee is our blood. Oh lord Tyler thank you for this glorious tag that you have shined upon us.\r\nLet us drink to our hearts desire. Only at...\r\nThe Coffee Group 137', 'Bernadette1479806129.jpg'),
(712, 'The Education Group  128', 'Lets all study together!\r\nFrom math to sciences, we help each other in The Education Group 128', 'Bernadette1479806135.jpg'),
(713, 'The Sports Group  147', 'SPORTS!\r\nFrom Soccer to Football and Tennis or Hockey.\r\nLets all participate in them here at The Sports Group 147', 'Bernadette1479806140.jpg'),
(714, 'The Sports Group  148', 'SPORTS!\r\nFrom Soccer to Football and Tennis or Hockey.\r\nLets all participate in them here at The Sports Group 148', 'Bernadette1479806145.jpg'),
(715, 'The Movie Group 129', 'This is the movie goers best group!\r\nWe watch Pixar to Star Wars. All kinds of Movies!\r\nLets watch movies together here in The Movie Group 129', 'Dominic1479806158.jpg'),
(716, 'The Movie Group 130', 'This is the movie goers best group!\r\nWe watch Pixar to Star Wars. All kinds of Movies!\r\nLets watch movies together here in The Movie Group 130', 'Dominic1479806163.jpg'),
(717, 'The Coffee Group  138', 'Legend tells of a computer wiz who was fascinated by coffee.\r\nHere we''re gathered in order to follow in this man''s footsteps.\r\nCoffee is our blood. Oh lord Tyler thank you for this glorious tag that you have shined upon us.\r\nLet us drink to our hearts desire. Only at...\r\nThe Coffee Group 138', 'Dominic1479806169.jpg'),
(718, 'The Sports Group  149', 'SPORTS!\r\nFrom Soccer to Football and Tennis or Hockey.\r\nLets all participate in them here at The Sports Group 149', 'Ian1479806182.jpg'),
(719, 'The Food Group 125', 'We are the gourmet. The connoisseurs of good food.\r\nEnjoy your meal!\r\nEnjoy your meals soley at The Food Group 125', 'Ian1479806187.jpg'),
(720, 'The Sports Group  150', 'SPORTS!\r\nFrom Soccer to Football and Tennis or Hockey.\r\nLets all participate in them here at The Sports Group 150', 'Ian1479806193.jpg'),
(721, 'The Movie Group 131', 'This is the movie goers best group!\r\nWe watch Pixar to Star Wars. All kinds of Movies!\r\nLets watch movies together here in The Movie Group 131', 'Andrea1479806205.jpg'),
(722, 'The Education Group  129', 'Lets all study together!\r\nFrom math to sciences, we help each other in The Education Group 129', 'Andrea1479806210.jpg'),
(723, 'The Movie Group 132', 'This is the movie goers best group!\r\nWe watch Pixar to Star Wars. All kinds of Movies!\r\nLets watch movies together here in The Movie Group 132', 'Andrea1479806215.jpg'),
(724, 'The Coffee Group  139', 'Legend tells of a computer wiz who was fascinated by coffee.\r\nHere we''re gathered in order to follow in this man''s footsteps.\r\nCoffee is our blood. Oh lord Tyler thank you for this glorious tag that you have shined upon us.\r\nLet us drink to our hearts desire. Only at...\r\nThe Coffee Group 139', 'Andrea1479806220.jpg'),
(725, 'The Sports Group  151', 'SPORTS!\r\nFrom Soccer to Football and Tennis or Hockey.\r\nLets all participate in them here at The Sports Group 151', 'Sam1479806233.jpg'),
(726, 'The Movie Group 133', 'This is the movie goers best group!\r\nWe watch Pixar to Star Wars. All kinds of Movies!\r\nLets watch movies together here in The Movie Group 133', 'Sam1479806238.jpg'),
(727, 'The Sports Group  152', 'SPORTS!\r\nFrom Soccer to Football and Tennis or Hockey.\r\nLets all participate in them here at The Sports Group 152', 'Alexander1479806251.jpg'),
(728, 'The Sports Group  153', 'SPORTS!\r\nFrom Soccer to Football and Tennis or Hockey.\r\nLets all participate in them here at The Sports Group 153', 'John1479806264.jpg'),
(729, 'The Education Group  130', 'Lets all study together!\r\nFrom math to sciences, we help each other in The Education Group 130', 'John1479806269.jpg'),
(730, 'The Coffee Group  140', 'Legend tells of a computer wiz who was fascinated by coffee.\r\nHere we''re gathered in order to follow in this man''s footsteps.\r\nCoffee is our blood. Oh lord Tyler thank you for this glorious tag that you have shined upon us.\r\nLet us drink to our hearts desire. Only at...\r\nThe Coffee Group 140', 'John1479806275.jpg'),
(731, 'The Coffee Group  141', 'Legend tells of a computer wiz who was fascinated by coffee.\r\nHere we''re gathered in order to follow in this man''s footsteps.\r\nCoffee is our blood. Oh lord Tyler thank you for this glorious tag that you have shined upon us.\r\nLet us drink to our hearts desire. Only at...\r\nThe Coffee Group 141', 'John1479806280.jpg'),
(732, 'The Food Group 126', 'We are the gourmet. The connoisseurs of good food.\r\nEnjoy your meal!\r\nEnjoy your meals soley at The Food Group 126', 'John1479806286.jpg'),
(733, 'The Food Group 127', 'We are the gourmet. The connoisseurs of good food.\r\nEnjoy your meal!\r\nEnjoy your meals soley at The Food Group 127', 'Emily1479806299.jpg'),
(734, 'The Sports Group  154', 'SPORTS!\r\nFrom Soccer to Football and Tennis or Hockey.\r\nLets all participate in them here at The Sports Group 154', 'Emily1479806304.jpg'),
(735, 'The Movie Group 134', 'This is the movie goers best group!\r\nWe watch Pixar to Star Wars. All kinds of Movies!\r\nLets watch movies together here in The Movie Group 134', 'Emily1479806309.jpg'),
(736, 'The Movie Group 135', 'This is the movie goers best group!\r\nWe watch Pixar to Star Wars. All kinds of Movies!\r\nLets watch movies together here in The Movie Group 135', 'Emily1479806314.jpg'),
(737, 'The Education Group  131', 'Lets all study together!\r\nFrom math to sciences, we help each other in The Education Group 131', 'Emily1479806319.jpg'),
(738, 'The Movie Group 136', 'This is the movie goers best group!\r\nWe watch Pixar to Star Wars. All kinds of Movies!\r\nLets watch movies together here in The Movie Group 136', 'Jason1479806332.jpg'),
(739, 'The Food Group 128', 'We are the gourmet. The connoisseurs of good food.\r\nEnjoy your meal!\r\nEnjoy your meals soley at The Food Group 128', 'Jason1479806337.jpg'),
(740, 'The Coffee Group  142', 'Legend tells of a computer wiz who was fascinated by coffee.\r\nHere we''re gathered in order to follow in this man''s footsteps.\r\nCoffee is our blood. Oh lord Tyler thank you for this glorious tag that you have shined upon us.\r\nLet us drink to our hearts desire. Only at...\r\nThe Coffee Cult 142', 'Chloe1479806351.jpg'),
(741, 'The Coffee Group  143', 'Legend tells of a computer wiz who was fascinated by coffee.\r\nHere we''re gathered in order to follow in this man''s footsteps.\r\nCoffee is our blood. Oh lord Tyler thank you for this glorious tag that you have shined upon us.\r\nLet us drink to our hearts desire. Only at...\r\nThe Coffee Group 143', 'Chloe1479806356.jpg'),
(742, 'The Sports Group  155', 'SPORTS!\r\nFrom Soccer to Football and Tennis or Hockey.\r\nLets all participate in them here at The Sports Group 155', 'Chloe1479806362.jpg'),
(743, 'The Education Group  132', 'Lets all study together!\r\nFrom math to sciences, we help each other in The Education Group 132', 'Chloe1479806367.jpg'),
(744, 'The Movie Group 137', 'This is the movie goers best group!\r\nWe watch Pixar to Star Wars. All kinds of Movies!\r\nLets watch movies together here in The Movie Group 137', 'Chloe1479806372.jpg'),
(745, 'The Movie Group 138', 'This is the movie goers best group!\r\nWe watch Pixar to Star Wars. All kinds of Movies!\r\nLets watch movies together here in The Movie Group 138', 'Cameron1479806384.jpg'),
(746, 'The Sports Group  156', 'SPORTS!\r\nFrom Soccer to Football and Tennis or Hockey.\r\nLets all participate in them here at The Sports Group 156', 'Cameron1479806389.jpg'),
(747, 'The Sports Group  157', 'SPORTS!\r\nFrom Soccer to Football and Tennis or Hockey.\r\nLets all participate in them here at The Sports Group 157', 'Cameron1479806395.jpg'),
(748, 'The Movie Group 139', 'This is the movie goers best group!\r\nWe watch Pixar to Star Wars. All kinds of Movies!\r\nLets watch movies together here in The Movie Group 139', 'Paul1479806407.jpg'),
(749, 'The Education Group  133', 'Lets all study together!\r\nFrom math to sciences, we help each other in The Education Group 133', 'Paul1479806412.jpg'),
(750, 'The Education Group  134', 'Lets all study together!\r\nFrom math to sciences, we help each other in The Education Group 134', 'Paul1479806417.jpg'),
(751, 'The Coffee Group  144', 'Legend tells of a computer wiz who was fascinated by coffee.\r\nHere we''re gathered in order to follow in this man''s footsteps.\r\nCoffee is our blood. Oh lord Tyler thank you for this glorious tag that you have shined upon us.\r\nLet us drink to our hearts desire. Only at...\r\nThe Coffee Group 144', 'Paul1479806423.jpg'),
(752, 'The Coffee Group  145', 'Legend tells of a computer wiz who was fascinated by coffee.\r\nHere we''re gathered in order to follow in this man''s footsteps.\r\nCoffee is our blood. Oh lord Tyler thank you for this glorious tag that you have shined upon us.\r\nLet us drink to our hearts desire. Only at...\r\nThe Coffee Group 145', 'Amanda1479806436.jpg');
INSERT INTO `organization` (`org_id`, `org_title`, `org_description`, `org_picture`) VALUES
(753, 'The Education Group  135', 'Lets all study together!\r\nFrom math to sciences, we help each other in The Education Group 135', 'Amanda1479806441.jpg'),
(754, 'The Food Group 129', 'We are the gourmet. The connoisseurs of good food.\r\nEnjoy your meal!\r\nEnjoy your meals soley at The Food Group 129', 'Molly1479806454.jpg'),
(755, 'The Coffee Group  146', 'Legend tells of a computer wiz who was fascinated by coffee.\r\nHere we''re gathered in order to follow in this man''s footsteps.\r\nCoffee is our blood. Oh lord Tyler thank you for this glorious tag that you have shined upon us.\r\nLet us drink to our hearts desire. Only at...\r\nThe Coffee Group 146', 'David1479806467.jpg'),
(756, 'The Food Group 130', 'We are the gourmet. The connoisseurs of good food.\r\nEnjoy your meal!\r\nEnjoy your meals soley at The Food Group 130', 'David1479806473.jpg'),
(757, 'The Education Group  136', 'Lets all study together!\r\nFrom math to sciences, we help each other in The Education Group 136', 'David1479806478.jpg'),
(758, 'The Movie Group 140', 'This is the movie goers best group!\r\nWe watch Pixar to Star Wars. All kinds of Movies!\r\nLets watch movies together here in The Movie Group 140', 'David1479806483.jpg'),
(759, 'The Education Group  137', 'Lets all study together!\r\nFrom math to sciences, we help each other in The Education Group 137', 'David1479806488.jpg'),
(760, 'The Education Group  138', 'Lets all study together!\r\nFrom math to sciences, we help each other in The Education Group 138', 'Alexander1479806500.jpg'),
(761, 'The Coffee Group  147', 'Legend tells of a computer wiz who was fascinated by coffee.\r\nHere we''re gathered in order to follow in this man''s footsteps.\r\nCoffee is our blood. Oh lord Tyler thank you for this glorious tag that you have shined upon us.\r\nLet us drink to our hearts desire. Only at...\r\nThe Coffee Group 147', 'Alexander1479806506.jpg'),
(762, 'The Food Group 131', 'We are the gourmet. The connoisseurs of good food.\r\nEnjoy your meal!\r\nEnjoy your meals soley at The Food Group 131', 'Alexander1479806511.jpg'),
(763, 'The Education Group  139', 'Lets all study together!\r\nFrom math to sciences, we help each other in The Education Group 139', 'Alexander1479806516.jpg'),
(764, 'The Coffee Group  148', 'Legend tells of a computer wiz who was fascinated by coffee.\r\nHere we''re gathered in order to follow in this man''s footsteps.\r\nCoffee is our blood. Oh lord Tyler thank you for this glorious tag that you have shined upon us.\r\nLet us drink to our hearts desire. Only at...\r\nThe Coffee Group 148', 'Alexander1479806522.jpg'),
(765, 'The Coffee Group  149', 'Legend tells of a computer wiz who was fascinated by coffee.\r\nHere we''re gathered in order to follow in this man''s footsteps.\r\nCoffee is our blood. Oh lord Tyler thank you for this glorious tag that you have shined upon us.\r\nLet us drink to our hearts desire. Only at...\r\nThe Coffee Group 149', 'Stewart1479806535.jpg'),
(766, 'The Movie Group 141', 'This is the movie goers best group!\r\nWe watch Pixar to Star Wars. All kinds of Movies!\r\nLets watch movies together here in The Movie Group 141', 'Stewart1479806540.jpg'),
(767, 'The Sports Group  158', 'SPORTS!\r\nFrom Soccer to Football and Tennis or Hockey.\r\nLets all participate in them here at The Sports Group 158', 'Stewart1479806546.jpg'),
(768, 'The Education Group  140', 'Lets all study together!\r\nFrom math to sciences, we help each other in The Education Group 140', 'Stewart1479806551.jpg'),
(769, 'The Food Group 132', 'We are the gourmet. The connoisseurs of good food.\r\nEnjoy your meal!\r\nEnjoy your meals soley at The Food Group 132', 'Amy1479806563.jpg'),
(770, 'The Movie Group 142', 'This is the movie goers best group!\r\nWe watch Pixar to Star Wars. All kinds of Movies!\r\nLets watch movies together here in The Movie Group 142', 'Jason1479806575.jpg'),
(771, 'The Education Group  141', 'Lets all study together!\r\nFrom math to sciences, we help each other in The Education Group 141', 'Jason1479806580.jpg'),
(772, 'The Food Group 133', 'We are the gourmet. The connoisseurs of good food.\r\nEnjoy your meal!\r\nEnjoy your meals soley at The Food Group 133', 'Jason1479806585.jpg'),
(773, 'The Education Group  142', 'Lets all study together!\r\nFrom math to sciences, we help each other in The Education Group 142', 'Nicholas1479806598.jpg'),
(774, 'The Education Group  143', 'Lets all study together!\r\nFrom math to sciences, we help each other in The Education Group 143', 'Nicholas1479806603.jpg'),
(775, 'The Coffee Group  150', 'Legend tells of a computer wiz who was fascinated by coffee.\r\nHere we''re gathered in order to follow in this man''s footsteps.\r\nCoffee is our blood. Oh lord Tyler thank you for this glorious tag that you have shined upon us.\r\nLet us drink to our hearts desire. Only at...\r\nThe Coffee Cult 150', 'Pippa1479806616.jpg'),
(776, 'The Movie Group 143', 'This is the movie goers best group!\r\nWe watch Pixar to Star Wars. All kinds of Movies!\r\nLets watch movies together here in The Movie Group 143', 'Evan1479806629.jpg'),
(777, 'The Education Group  144', 'Lets all study together!\r\nFrom math to sciences, we help each other in The Education Group 144', 'Neil1479806641.jpg'),
(778, 'The Sports Group  159', 'SPORTS!\r\nFrom Soccer to Football and Tennis or Hockey.\r\nLets all participate in them here at The Sports Group 159', 'Neil1479806646.jpg'),
(779, 'The Education Group  145', 'Lets all study together!\r\nFrom math to sciences, we help each other in The Education Group 145', 'Andrew1479806659.jpg'),
(780, 'The Food Group 134', 'We are the gourmet. The connoisseurs of good food.\r\nEnjoy your meal!\r\nEnjoy your meals soley at The Food Group 134', 'Andrew1479806664.jpg'),
(781, 'The Movie Group 144', 'This is the movie goers best group!\r\nWe watch Pixar to Star Wars. All kinds of Movies!\r\nLets watch movies together here in The Movie Group 144', 'Joanne1479806678.jpg'),
(782, 'The Sports Group  160', 'SPORTS!\r\nFrom Soccer to Football and Tennis or Hockey.\r\nLets all participate in them here at The Sports Group 160', 'Joanne1479806684.jpg'),
(783, 'The Movie Group 145', 'This is the movie goers best group!\r\nWe watch Pixar to Star Wars. All kinds of Movies!\r\nLets watch movies together here in The Movie Group 145', 'Joanne1479806689.jpg'),
(784, 'The Movie Group 146', 'This is the movie goers best group!\r\nWe watch Pixar to Star Wars. All kinds of Movies!\r\nLets watch movies together here in The Movie Group 146', 'Joanne1479806694.jpg'),
(785, 'The Movie Group 147', 'This is the movie goers best group!\r\nWe watch Pixar to Star Wars. All kinds of Movies!\r\nLets watch movies together here in The Movie Group 147', 'Warren1479806707.jpg'),
(786, 'The Movie Group 148', 'This is the movie goers best group!\r\nWe watch Pixar to Star Wars. All kinds of Movies!\r\nLets watch movies together here in The Movie Group 148', 'Warren1479806712.jpg'),
(787, 'The Sports Group  161', 'SPORTS!\r\nFrom Soccer to Football and Tennis or Hockey.\r\nLets all participate in them here at The Sports Group 161', 'Warren1479806717.jpg'),
(788, 'The Food Group 135', 'We are the gourmet. The connoisseurs of good food.\r\nEnjoy your meal!\r\nEnjoy your meals soley at The Food Group 135', 'Simon1479806730.jpg'),
(789, 'The Food Group 136', 'We are the gourmet. The connoisseurs of good food.\r\nEnjoy your meal!\r\nEnjoy your meals soley at The Food Group 136', 'Simon1479806735.jpg'),
(790, 'The Movie Group 149', 'This is the movie goers best group!\r\nWe watch Pixar to Star Wars. All kinds of Movies!\r\nLets watch movies together here in The Movie Group 149', 'Simon1479806740.jpg'),
(791, 'The Movie Group 150', 'This is the movie goers best group!\r\nWe watch Pixar to Star Wars. All kinds of Movies!\r\nLets watch movies together here in The Movie Group 150', 'Simon1479806745.jpg'),
(792, 'The Education Group  146', 'Lets all study together!\r\nFrom math to sciences, we help each other in The Education Group 146', 'Simon1479806750.jpg'),
(793, 'The Coffee Group  151', 'Legend tells of a computer wiz who was fascinated by coffee.\r\nHere we''re gathered in order to follow in this man''s footsteps.\r\nCoffee is our blood. Oh lord Tyler thank you for this glorious tag that you have shined upon us.\r\nLet us drink to our hearts desire. Only at...\r\nThe Coffee Group 151', 'Grace1479806764.jpg'),
(794, 'The Food Group 137', 'We are the gourmet. The connoisseurs of good food.\r\nEnjoy your meal!\r\nEnjoy your meals soley at The Food Group 137', 'Grace1479806769.jpg'),
(795, 'The Movie Group 151', 'This is the movie goers best group!\r\nWe watch Pixar to Star Wars. All kinds of Movies!\r\nLets watch movies together here in The Movie Group 151', 'Grace1479806774.jpg'),
(796, 'The Movie Group 152', 'This is the movie goers best group!\r\nWe watch Pixar to Star Wars. All kinds of Movies!\r\nLets watch movies together here in The Movie Group 152', 'Grace1479806779.jpg'),
(797, 'The Sports Group  162', 'SPORTS!\r\nFrom Soccer to Football and Tennis or Hockey.\r\nLets all participate in them here at The Sports Group 162', 'Grace1479806785.jpg'),
(798, 'The Movie Group 153', 'This is the movie goers best group!\r\nWe watch Pixar to Star Wars. All kinds of Movies!\r\nLets watch movies together here in The Movie Group 153', 'Sam1479806797.jpg'),
(799, 'The Food Group 138', 'We are the gourmet. The connoisseurs of good food.\r\nEnjoy your meal!\r\nEnjoy your meals soley at The Food Group 138', 'Sam1479806802.jpg'),
(800, 'The Education Group  147', 'Lets all study together!\r\nFrom math to sciences, we help each other in The Education Group 147', 'Elizabeth1479806815.jpg'),
(801, 'The Coffee Group  152', 'Legend tells of a computer wiz who was fascinated by coffee.\r\nHere we''re gathered in order to follow in this man''s footsteps.\r\nCoffee is our blood. Oh lord Tyler thank you for this glorious tag that you have shined upon us.\r\nLet us drink to our hearts desire. Only at...\r\nThe Coffee Group 152', 'Stewart1479806828.jpg'),
(802, 'The Education Group  148', 'Lets all study together!\r\nFrom math to sciences, we help each other in The Education Group 148', 'Stewart1479806833.jpg'),
(803, 'The Coffee Group  153', 'Legend tells of a computer wiz who was fascinated by coffee.\r\nHere we''re gathered in order to follow in this man''s footsteps.\r\nCoffee is our blood. Oh lord Tyler thank you for this glorious tag that you have shined upon us.\r\nLet us drink to our hearts desire. Only at...\r\nThe Coffee Group 153', 'Stewart1479806839.jpg'),
(804, 'The Movie Group 154', 'This is the movie goers best group!\r\nWe watch Pixar to Star Wars. All kinds of Movies!\r\nLets watch movies together here in The Movie Group 154', 'Stewart1479806844.jpg'),
(805, 'The Coffee Group  154', 'Legend tells of a computer wiz who was fascinated by coffee.\r\nHere we''re gathered in order to follow in this man''s footsteps.\r\nCoffee is our blood. Oh lord Tyler thank you for this glorious tag that you have shined upon us.\r\nLet us drink to our hearts desire. Only at...\r\nThe Coffee Group 154', 'Stewart1479806850.jpg'),
(806, 'The Coffee Group  155', 'Legend tells of a computer wiz who was fascinated by coffee.\r\nHere we''re gathered in order to follow in this man''s footsteps.\r\nCoffee is our blood. Oh lord Tyler thank you for this glorious tag that you have shined upon us.\r\nLet us drink to our hearts desire. Only at...\r\nThe Coffee Group 155', 'Gabrielle1479806863.jpg'),
(807, 'The Food Group 139', 'We are the gourmet. The connoisseurs of good food.\r\nEnjoy your meal!\r\nEnjoy your meals soley at The Food Group 139', 'Gabrielle1479806868.jpg');

-- --------------------------------------------------------

--
-- Table structure for table `organization_bulletin`
--

CREATE TABLE `organization_bulletin` (
  `org_id` bigint(20) NOT NULL,
  `bulletin_id` bigint(20) NOT NULL
) ENGINE=InnoDB DEFAULT CHARSET=latin1;

-- --------------------------------------------------------

--
-- Table structure for table `organization_event`
--

CREATE TABLE `organization_event` (
  `org_id` bigint(20) NOT NULL,
  `event_id` bigint(20) NOT NULL
) ENGINE=InnoDB DEFAULT CHARSET=latin1;

--
-- Dumping data for table `organization_event`
--

INSERT INTO `organization_event` (`org_id`, `event_id`) VALUES
(55, 440),
(55, 441),
(64, 445),
(82, 447),
(92, 448),
(92, 449),
(92, 450),
(100, 452),
(109, 453),
(109, 454),
(118, 458),
(118, 459),
(118, 460),
(131, 465),
(131, 466),
(150, 474),
(150, 475),
(174, 482),
(174, 483),
(187, 488),
(194, 494),
(194, 495),
(204, 498),
(207, 499),
(227, 504),
(230, 505),
(230, 506),
(230, 507),
(238, 512),
(243, 514),
(243, 515),
(248, 516),
(248, 517),
(261, 527),
(261, 528),
(262, 529),
(270, 533),
(275, 534),
(294, 544),
(294, 545),
(294, 546),
(305, 547),
(305, 548),
(305, 549),
(315, 551),
(315, 552),
(326, 556),
(326, 557),
(326, 558),
(330, 559),
(330, 560),
(330, 561),
(344, 565),
(376, 571),
(376, 572),
(400, 579),
(400, 580),
(400, 581),
(414, 585),
(440, 595),
(440, 596),
(440, 597),
(446, 599),
(451, 600),
(451, 601),
(467, 610),
(476, 614),
(476, 615),
(476, 616),
(481, 617),
(486, 618),
(486, 619),
(513, 631),
(513, 632),
(513, 633),
(531, 641),
(532, 642),
(534, 643),
(534, 644),
(534, 645),
(539, 646),
(539, 647),
(552, 653),
(561, 657),
(561, 658),
(566, 660),
(574, 664),
(574, 665),
(574, 666),
(577, 667),
(577, 668),
(577, 669),
(583, 675),
(598, 678),
(598, 679),
(598, 680),
(616, 687),
(623, 697),
(623, 698),
(623, 699),
(634, 703),
(634, 704),
(643, 706),
(643, 707),
(663, 718),
(663, 719),
(669, 720),
(669, 721),
(669, 722),
(676, 726),
(676, 727),
(691, 733),
(715, 747),
(715, 748),
(715, 749),
(721, 751),
(721, 752),
(721, 753),
(733, 757),
(733, 758),
(738, 759),
(738, 760),
(745, 761),
(745, 762),
(745, 763),
(748, 764),
(748, 765),
(754, 767),
(769, 775),
(769, 776),
(776, 780),
(781, 786),
(781, 787),
(785, 788),
(798, 792),
(798, 793),
(798, 794);

-- --------------------------------------------------------

--
-- Table structure for table `organization_location`
--

CREATE TABLE `organization_location` (
  `org_id` bigint(20) NOT NULL,
  `location_id` bigint(20) NOT NULL
) ENGINE=InnoDB DEFAULT CHARSET=latin1;

--
-- Dumping data for table `organization_location`
--

INSERT INTO `organization_location` (`org_id`, `location_id`) VALUES
(50, 46),
(51, 47),
(52, 48),
(53, 49),
(54, 50),
(55, 51),
(56, 52),
(57, 53),
(58, 54),
(59, 55),
(60, 56),
(61, 57),
(62, 58),
(63, 59),
(64, 60),
(65, 61),
(66, 62),
(67, 63),
(68, 64),
(69, 65),
(70, 66),
(71, 67),
(72, 68),
(73, 69),
(74, 70),
(75, 60),
(76, 71),
(77, 72),
(78, 71),
(79, 73),
(80, 74),
(81, 75),
(82, 76),
(83, 77),
(84, 78),
(85, 79),
(86, 80),
(87, 81),
(88, 82),
(89, 83),
(90, 84),
(91, 85),
(92, 86),
(93, 87),
(94, 88),
(95, 89),
(96, 70),
(97, 68),
(98, 46),
(99, 90),
(100, 91),
(101, 92),
(102, 93),
(103, 94),
(104, 95),
(105, 58),
(106, 60),
(107, 96),
(108, 97),
(109, 98),
(110, 99),
(111, 100),
(112, 101),
(113, 102),
(114, 103),
(115, 104),
(116, 105),
(117, 106),
(118, 107),
(119, 68),
(120, 108),
(121, 109),
(122, 110),
(123, 111),
(124, 68),
(125, 112),
(126, 96),
(127, 63),
(128, 113),
(129, 84),
(130, 114),
(131, 115),
(132, 78),
(133, 116),
(134, 117),
(135, 118),
(136, 72),
(137, 58),
(138, 119),
(139, 72),
(140, 120),
(141, 121),
(142, 122),
(143, 117),
(144, 123),
(145, 124),
(146, 125),
(147, 126),
(148, 127),
(149, 128),
(150, 129),
(151, 98),
(152, 130),
(153, 131),
(154, 132),
(155, 133),
(156, 134),
(157, 125),
(158, 135),
(159, 136),
(160, 137),
(161, 72),
(162, 138),
(163, 58),
(164, 139),
(165, 140),
(166, 141),
(167, 82),
(168, 142),
(169, 143),
(170, 144),
(171, 136),
(172, 145),
(173, 146),
(174, 90),
(175, 133),
(176, 147),
(177, 148),
(178, 149),
(179, 150),
(180, 112),
(181, 116),
(182, 151),
(183, 152),
(184, 84),
(185, 153),
(186, 54),
(187, 154),
(188, 109),
(189, 155),
(190, 156),
(191, 157),
(192, 155),
(193, 158),
(194, 159),
(195, 160),
(196, 161),
(197, 162),
(198, 163),
(199, 164),
(200, 165),
(201, 154),
(202, 166),
(203, 125),
(204, 167),
(205, 168),
(206, 118),
(207, 169),
(208, 170),
(209, 167),
(210, 171),
(211, 114),
(212, 172),
(213, 125),
(214, 63),
(215, 173),
(216, 106),
(217, 87),
(218, 174),
(219, 63),
(220, 175),
(221, 176),
(222, 147),
(223, 63),
(224, 97),
(225, 177),
(226, 66),
(227, 96),
(228, 134),
(229, 164),
(230, 178),
(231, 179),
(232, 180),
(233, 179),
(234, 165),
(235, 167),
(236, 123),
(237, 117),
(238, 124),
(239, 181),
(240, 53),
(241, 182),
(242, 126),
(243, 96),
(244, 183),
(245, 170),
(246, 184),
(247, 71),
(248, 185),
(249, 186),
(250, 187),
(251, 116),
(252, 126),
(253, 77),
(254, 156),
(255, 60),
(256, 188),
(257, 189),
(258, 190),
(259, 191),
(260, 64),
(261, 192),
(262, 193),
(263, 194),
(264, 195),
(265, 196),
(266, 197),
(267, 198),
(268, 199),
(269, 46),
(270, 200),
(271, 167),
(272, 201),
(273, 195),
(274, 195),
(275, 101),
(276, 202),
(277, 47),
(278, 203),
(279, 101),
(280, 112),
(281, 201),
(282, 170),
(283, 55),
(284, 204),
(285, 205),
(286, 106),
(287, 58),
(288, 141),
(289, 206),
(290, 207),
(291, 50),
(292, 208),
(293, 51),
(294, 209),
(295, 210),
(296, 150),
(297, 211),
(298, 212),
(299, 213),
(300, 123),
(301, 214),
(302, 96),
(303, 215),
(304, 216),
(305, 217),
(306, 194),
(307, 218),
(308, 165),
(309, 111),
(310, 219),
(311, 126),
(312, 116),
(313, 220),
(314, 221),
(315, 222),
(316, 154),
(317, 223),
(318, 208),
(319, 136),
(320, 59),
(321, 140),
(322, 224),
(323, 225),
(324, 226),
(325, 200),
(326, 193),
(327, 143),
(328, 227),
(329, 228),
(330, 110),
(331, 55),
(332, 180),
(333, 229),
(334, 194),
(335, 52),
(336, 64),
(337, 68),
(338, 230),
(339, 59),
(340, 231),
(341, 232),
(342, 233),
(343, 86),
(344, 96),
(345, 221),
(346, 234),
(347, 49),
(348, 94),
(349, 235),
(350, 236),
(351, 237),
(352, 238),
(353, 239),
(354, 240),
(355, 75),
(356, 241),
(357, 55),
(358, 242),
(359, 195),
(360, 126),
(361, 147),
(362, 87),
(363, 103),
(364, 243),
(365, 96),
(366, 97),
(367, 86),
(368, 86),
(369, 171),
(370, 244),
(371, 245),
(372, 130),
(373, 88),
(374, 246),
(375, 185),
(376, 247),
(377, 73),
(378, 207),
(379, 125),
(380, 248),
(381, 249),
(382, 162),
(383, 137),
(384, 62),
(385, 250),
(386, 217),
(387, 251),
(388, 199),
(389, 144),
(390, 163),
(391, 231),
(392, 252),
(393, 253),
(394, 84),
(395, 254),
(396, 214),
(397, 191),
(398, 255),
(399, 105),
(400, 191),
(401, 256),
(402, 257),
(403, 258),
(404, 259),
(405, 260),
(406, 261),
(407, 156),
(408, 262),
(409, 263),
(410, 68),
(411, 264),
(412, 188),
(413, 265),
(414, 61),
(415, 174),
(416, 64),
(417, 266),
(418, 234),
(419, 78),
(420, 267),
(421, 268),
(422, 229),
(423, 269),
(424, 270),
(425, 74),
(426, 240),
(427, 195),
(428, 96),
(429, 271),
(430, 140),
(431, 272),
(432, 273),
(433, 274),
(434, 275),
(435, 215),
(436, 196),
(437, 150),
(438, 276),
(439, 82),
(440, 200),
(441, 215),
(442, 125),
(443, 82),
(444, 277),
(445, 102),
(446, 104),
(447, 211),
(448, 64),
(449, 148),
(450, 278),
(451, 263),
(452, 101),
(453, 279),
(454, 280),
(455, 281),
(456, 282),
(457, 142),
(458, 47),
(459, 191),
(460, 240),
(461, 283),
(462, 58),
(463, 84),
(464, 114),
(465, 284),
(466, 52),
(467, 93),
(468, 234),
(469, 188),
(470, 95),
(471, 200),
(472, 285),
(473, 217),
(474, 143),
(475, 286),
(476, 243),
(477, 255),
(478, 49),
(479, 287),
(480, 288),
(481, 55),
(482, 289),
(483, 82),
(484, 100),
(485, 290),
(486, 93),
(487, 291),
(488, 253),
(489, 83),
(490, 289),
(491, 249),
(492, 62),
(493, 292),
(494, 192),
(495, 195),
(496, 100),
(497, 63),
(498, 237),
(499, 293),
(500, 139),
(501, 177),
(502, 294),
(503, 52),
(504, 47),
(505, 295),
(506, 165),
(507, 296),
(508, 154),
(509, 273),
(510, 135),
(511, 220),
(512, 245),
(513, 94),
(514, 71),
(515, 227),
(516, 270),
(517, 132),
(518, 96),
(519, 64),
(520, 120),
(521, 82),
(522, 116),
(523, 58),
(524, 297),
(525, 159),
(526, 56),
(527, 295),
(528, 298),
(529, 299),
(530, 120),
(531, 300),
(532, 231),
(533, 301),
(534, 302),
(535, 73),
(536, 59),
(537, 303),
(538, 90),
(539, 212),
(540, 304),
(541, 305),
(542, 112),
(543, 212),
(544, 306),
(545, 307),
(546, 194),
(547, 308),
(548, 155),
(549, 91),
(550, 72),
(551, 309),
(552, 310),
(553, 225),
(554, 123),
(555, 302),
(556, 238),
(557, 204),
(558, 109),
(559, 306),
(560, 255),
(561, 311),
(562, 193),
(563, 312),
(564, 295),
(565, 64),
(566, 63),
(567, 271),
(568, 163),
(569, 165),
(570, 158),
(571, 300),
(572, 162),
(573, 313),
(574, 109),
(575, 160),
(576, 179),
(577, 101),
(578, 63),
(579, 231),
(580, 314),
(581, 315),
(582, 106),
(583, 316),
(584, 317),
(585, 318),
(586, 72),
(587, 319),
(588, 250),
(589, 97),
(590, 191),
(591, 320),
(592, 321),
(593, 82),
(594, 112),
(595, 52),
(596, 246),
(597, 236),
(598, 63),
(599, 214),
(600, 322),
(601, 323),
(602, 122),
(603, 82),
(604, 195),
(605, 96),
(606, 60),
(607, 219),
(608, 180),
(609, 212),
(610, 324),
(611, 293),
(612, 186),
(613, 171),
(614, 76),
(615, 101),
(616, 63),
(617, 164),
(618, 275),
(619, 325),
(620, 106),
(621, 326),
(622, 58),
(623, 313),
(624, 85),
(625, 327),
(626, 328),
(627, 52),
(628, 195),
(629, 82),
(630, 329),
(631, 193),
(632, 215),
(633, 330),
(634, 199),
(635, 331),
(636, 170),
(637, 332),
(638, 66),
(639, 327),
(640, 192),
(641, 52),
(642, 61),
(643, 333),
(644, 68),
(645, 115),
(646, 334),
(647, 194),
(648, 171),
(649, 219),
(650, 214),
(651, 335),
(652, 64),
(653, 256),
(654, 106),
(655, 195),
(656, 269),
(657, 285),
(658, 63),
(659, 84),
(660, 253),
(661, 110),
(662, 336),
(663, 83),
(664, 90),
(665, 48),
(666, 149),
(667, 54),
(668, 49),
(669, 113),
(670, 77),
(671, 141),
(672, 200),
(673, 84),
(674, 141),
(675, 337),
(676, 191),
(677, 273),
(678, 244),
(679, 98),
(680, 124),
(681, 308),
(682, 338),
(683, 133),
(684, 333),
(685, 47),
(686, 221),
(687, 104),
(688, 139),
(689, 131),
(690, 339),
(691, 340),
(692, 341),
(693, 255),
(694, 337),
(695, 117),
(696, 309),
(697, 98),
(698, 65),
(699, 186),
(700, 342),
(701, 112),
(702, 329),
(703, 137),
(704, 82),
(705, 294),
(706, 291),
(707, 224),
(708, 68),
(709, 250),
(710, 249),
(711, 68),
(712, 343),
(713, 52),
(714, 302),
(715, 344),
(716, 147),
(717, 94),
(718, 345),
(719, 346),
(720, 127),
(721, 96),
(722, 236),
(723, 206),
(724, 308),
(725, 247),
(726, 154),
(727, 269),
(728, 162),
(729, 166),
(730, 154),
(731, 347),
(732, 348),
(733, 80),
(734, 258),
(735, 284),
(736, 273),
(737, 243),
(738, 298),
(739, 224),
(740, 85),
(741, 349),
(742, 147),
(743, 134),
(744, 101),
(745, 242),
(746, 350),
(747, 52),
(748, 351),
(749, 334),
(750, 234),
(751, 235),
(752, 352),
(753, 148),
(754, 107),
(755, 142),
(756, 351),
(757, 82),
(758, 203),
(759, 353),
(760, 354),
(761, 320),
(762, 88),
(763, 106),
(764, 215),
(765, 190),
(766, 200),
(767, 178),
(768, 284),
(769, 309),
(770, 355),
(771, 173),
(772, 148),
(773, 356),
(774, 357),
(775, 72),
(776, 159),
(777, 296),
(778, 127),
(779, 358),
(780, 193),
(781, 359),
(782, 121),
(783, 360),
(784, 344),
(785, 190),
(786, 361),
(787, 131),
(788, 125),
(789, 362),
(790, 140),
(791, 363),
(792, 64),
(793, 221),
(794, 222),
(795, 364),
(796, 112),
(797, 64),
(798, 73),
(799, 218),
(800, 251),
(801, 344),
(802, 201),
(803, 140),
(804, 365),
(805, 101),
(806, 366),
(807, 367);

-- --------------------------------------------------------

--
-- Table structure for table `organization_tag`
--

CREATE TABLE `organization_tag` (
  `org_id` bigint(20) NOT NULL,
  `tag_id` bigint(20) NOT NULL
) ENGINE=InnoDB DEFAULT CHARSET=latin1;

--
-- Dumping data for table `organization_tag`
--

INSERT INTO `organization_tag` (`org_id`, `tag_id`) VALUES
(50, 5),
(51, 3),
(52, 5),
(53, 2),
(54, 1),
(55, 4),
(56, 3),
(57, 5),
(58, 4),
(59, 1),
(60, 4),
(61, 2),
(62, 2),
(63, 4),
(64, 1),
(65, 3),
(66, 1),
(67, 1),
(68, 4),
(69, 3),
(70, 3),
(71, 2),
(72, 4),
(73, 4),
(74, 4),
(75, 3),
(76, 3),
(77, 5),
(78, 2),
(79, 1),
(80, 3),
(81, 1),
(82, 4),
(83, 4),
(84, 3),
(85, 4),
(86, 4),
(87, 2),
(88, 5),
(89, 1),
(90, 3),
(91, 4),
(92, 1),
(93, 4),
(94, 5),
(95, 3),
(96, 3),
(97, 4),
(98, 2),
(99, 1),
(100, 4),
(101, 4),
(102, 5),
(103, 2),
(104, 2),
(105, 1),
(106, 4),
(107, 4),
(108, 4),
(109, 4),
(110, 3),
(111, 2),
(112, 4),
(113, 1),
(114, 3),
(115, 5),
(116, 1),
(117, 1),
(118, 4),
(119, 3),
(120, 5),
(121, 4),
(122, 3),
(123, 2),
(124, 4),
(125, 3),
(126, 2),
(127, 2),
(128, 4),
(129, 5),
(130, 1),
(131, 1),
(132, 5),
(133, 3),
(134, 4),
(135, 1),
(136, 1),
(137, 2),
(138, 2),
(139, 2),
(140, 3),
(141, 2),
(142, 4),
(143, 3),
(144, 1),
(145, 4),
(146, 3),
(147, 2),
(148, 1),
(149, 3),
(150, 4),
(151, 5),
(152, 5),
(153, 1),
(154, 5),
(155, 3),
(156, 3),
(157, 3),
(158, 1),
(159, 3),
(160, 3),
(161, 4),
(162, 3),
(163, 4),
(164, 2),
(165, 4),
(166, 4),
(167, 3),
(168, 4),
(169, 5),
(170, 2),
(171, 5),
(172, 5),
(173, 2),
(174, 4),
(175, 2),
(176, 2),
(177, 3),
(178, 5),
(179, 1),
(180, 5),
(181, 2),
(182, 4),
(183, 1),
(184, 5),
(185, 3),
(186, 2),
(187, 1),
(188, 1),
(189, 3),
(190, 3),
(191, 3),
(192, 5),
(193, 2),
(194, 1),
(195, 3),
(196, 2),
(197, 5),
(198, 5),
(199, 4),
(200, 4),
(201, 3),
(202, 2),
(203, 4),
(204, 1),
(205, 1),
(206, 2),
(207, 4),
(208, 3),
(209, 3),
(210, 2),
(211, 2),
(212, 5),
(213, 5),
(214, 2),
(215, 3),
(216, 5),
(217, 5),
(218, 1),
(219, 3),
(220, 2),
(221, 3),
(222, 1),
(223, 2),
(224, 1),
(225, 3),
(226, 3),
(227, 4),
(228, 3),
(229, 2),
(230, 1),
(231, 2),
(232, 5),
(233, 4),
(234, 5),
(235, 1),
(236, 2),
(237, 2),
(238, 4),
(239, 4),
(240, 5),
(241, 3),
(242, 3),
(243, 4),
(244, 3),
(245, 5),
(246, 3),
(247, 1),
(248, 4),
(249, 5),
(250, 2),
(251, 3),
(252, 3),
(253, 5),
(254, 4),
(255, 2),
(256, 2),
(257, 2),
(258, 2),
(259, 3),
(260, 5),
(261, 4),
(262, 1),
(263, 4),
(264, 5),
(265, 5),
(266, 5),
(267, 2),
(268, 3),
(269, 1),
(270, 1),
(271, 1),
(272, 2),
(273, 1),
(274, 3),
(275, 4),
(276, 4),
(277, 5),
(278, 5),
(279, 5),
(280, 5),
(281, 3),
(282, 4),
(283, 5),
(284, 2),
(285, 2),
(286, 2),
(287, 2),
(288, 5),
(289, 2),
(290, 4),
(291, 1),
(292, 3),
(293, 5),
(294, 4),
(295, 2),
(296, 5),
(297, 4),
(298, 4),
(299, 3),
(300, 5),
(301, 1),
(302, 5),
(303, 3),
(304, 1),
(305, 4),
(306, 2),
(307, 1),
(308, 5),
(309, 4),
(310, 2),
(311, 5),
(312, 4),
(313, 3),
(314, 5),
(315, 1),
(316, 3),
(317, 1),
(318, 2),
(319, 5),
(320, 2),
(321, 1),
(322, 1),
(323, 3),
(324, 1),
(325, 1),
(326, 1),
(327, 3),
(328, 5),
(329, 2),
(330, 1),
(331, 1),
(332, 3),
(333, 4),
(334, 1),
(335, 1),
(336, 5),
(337, 5),
(338, 1),
(339, 2),
(340, 2),
(341, 1),
(342, 4),
(343, 4),
(344, 4),
(345, 2),
(346, 4),
(347, 2),
(348, 4),
(349, 1),
(350, 3),
(351, 3),
(352, 5),
(353, 2),
(354, 2),
(355, 4),
(356, 3),
(357, 3),
(358, 1),
(359, 3),
(360, 2),
(361, 2),
(362, 4),
(363, 4),
(364, 2),
(365, 4),
(366, 5),
(367, 5),
(368, 1),
(369, 4),
(370, 4),
(371, 5),
(372, 3),
(373, 1),
(374, 3),
(375, 5),
(376, 1),
(377, 3),
(378, 3),
(379, 4),
(380, 4),
(381, 4),
(382, 3),
(383, 2),
(384, 4),
(385, 3),
(386, 5),
(387, 3),
(388, 3),
(389, 2),
(390, 5),
(391, 1),
(392, 4),
(393, 2),
(394, 5),
(395, 1),
(396, 3),
(397, 4),
(398, 3),
(399, 1),
(400, 4),
(401, 5),
(402, 2),
(403, 3),
(404, 2),
(405, 1),
(406, 2),
(407, 3),
(408, 3),
(409, 3),
(410, 4),
(411, 2),
(412, 2),
(413, 5),
(414, 1),
(415, 4),
(416, 4),
(417, 1),
(418, 1),
(419, 3),
(420, 4),
(421, 5),
(422, 2),
(423, 5),
(424, 5),
(425, 2),
(426, 5),
(427, 2),
(428, 5),
(429, 5),
(430, 3),
(431, 3),
(432, 1),
(433, 1),
(434, 5),
(435, 5),
(436, 2),
(437, 4),
(438, 1),
(439, 5),
(440, 1),
(441, 1),
(442, 3),
(443, 4),
(444, 5),
(445, 3),
(446, 4),
(447, 4),
(448, 2),
(449, 2),
(450, 1),
(451, 4),
(452, 3),
(453, 5),
(454, 3),
(455, 2),
(456, 5),
(457, 5),
(458, 3),
(459, 5),
(460, 4),
(461, 3),
(462, 2),
(463, 2),
(464, 2),
(465, 5),
(466, 5),
(467, 1),
(468, 4),
(469, 3),
(470, 5),
(471, 3),
(472, 5),
(473, 2),
(474, 5),
(475, 3),
(476, 4),
(477, 2),
(478, 5),
(479, 3),
(480, 5),
(481, 1),
(482, 1),
(483, 1),
(484, 5),
(485, 1),
(486, 1),
(487, 4),
(488, 5),
(489, 4),
(490, 5),
(491, 5),
(492, 5),
(493, 2),
(494, 1),
(495, 3),
(496, 4),
(497, 3),
(498, 5),
(499, 1),
(500, 1),
(501, 3),
(502, 3),
(503, 3),
(504, 5),
(505, 5),
(506, 3),
(507, 1),
(508, 2),
(509, 2),
(510, 4),
(511, 2),
(512, 5),
(513, 1),
(514, 1),
(515, 3),
(516, 4),
(517, 1),
(518, 3),
(519, 2),
(520, 1),
(521, 4),
(522, 1),
(523, 2),
(524, 5),
(525, 4),
(526, 2),
(527, 3),
(528, 3),
(529, 2),
(530, 4),
(531, 4),
(532, 1),
(533, 4),
(534, 1),
(535, 1),
(536, 3),
(537, 2),
(538, 3),
(539, 1),
(540, 3),
(541, 5),
(542, 5),
(543, 5),
(544, 5),
(545, 5),
(546, 2),
(547, 2),
(548, 1),
(549, 4),
(550, 1),
(551, 3),
(552, 1),
(553, 3),
(554, 5),
(555, 3),
(556, 3),
(557, 2),
(558, 3),
(559, 3),
(560, 4),
(561, 4),
(562, 2),
(563, 5),
(564, 5),
(565, 3),
(566, 1),
(567, 3),
(568, 5),
(569, 5),
(570, 3),
(571, 3),
(572, 3),
(573, 5),
(574, 1),
(575, 5),
(576, 2),
(577, 4),
(578, 2),
(579, 4),
(580, 3),
(581, 3),
(582, 4),
(583, 4),
(584, 2),
(585, 5),
(586, 5),
(587, 1),
(588, 2),
(589, 3),
(590, 3),
(591, 1),
(592, 1),
(593, 2),
(594, 5),
(595, 5),
(596, 2),
(597, 5),
(598, 4),
(599, 5),
(600, 3),
(601, 5),
(602, 1),
(603, 3),
(604, 1),
(605, 2),
(606, 2),
(607, 3),
(608, 5),
(609, 2),
(610, 1),
(611, 4),
(612, 3),
(613, 3),
(614, 3),
(615, 1),
(616, 1),
(617, 1),
(618, 3),
(619, 3),
(620, 5),
(621, 5),
(622, 3),
(623, 1),
(624, 4),
(625, 3),
(626, 1),
(627, 2),
(628, 2),
(629, 1),
(630, 1),
(631, 5),
(632, 5),
(633, 5),
(634, 1),
(635, 5),
(636, 2),
(637, 2),
(638, 4),
(639, 3),
(640, 1),
(641, 5),
(642, 5),
(643, 1),
(644, 2),
(645, 1),
(646, 2),
(647, 5),
(648, 4),
(649, 3),
(650, 5),
(651, 3),
(652, 1),
(653, 4),
(654, 5),
(655, 2),
(656, 3),
(657, 3),
(658, 2),
(659, 1),
(660, 5),
(661, 5),
(662, 4),
(663, 4),
(664, 1),
(665, 5),
(666, 4),
(667, 1),
(668, 1),
(669, 4),
(670, 4),
(671, 1),
(672, 3),
(673, 5),
(674, 2),
(675, 5),
(676, 1),
(677, 2),
(678, 2),
(679, 2),
(680, 1),
(681, 4),
(682, 4),
(683, 3),
(684, 2),
(685, 4),
(686, 5),
(687, 5),
(688, 2),
(689, 5),
(690, 2),
(691, 1),
(692, 2),
(693, 3),
(694, 1),
(695, 2),
(696, 3),
(697, 5),
(698, 2),
(699, 4),
(700, 2),
(701, 3),
(702, 3),
(703, 3),
(704, 2),
(705, 4),
(706, 3),
(707, 1),
(708, 5),
(709, 3),
(710, 1),
(711, 5),
(712, 2),
(713, 3),
(714, 3),
(715, 1),
(716, 1),
(717, 5),
(718, 3),
(719, 4),
(720, 3),
(721, 1),
(722, 2),
(723, 1),
(724, 5),
(725, 3),
(726, 1),
(727, 3),
(728, 3),
(729, 2),
(730, 5),
(731, 5),
(732, 4),
(733, 4),
(734, 3),
(735, 1),
(736, 1),
(737, 2),
(738, 1),
(739, 4),
(740, 5),
(741, 5),
(742, 3),
(743, 2),
(744, 1),
(745, 1),
(746, 3),
(747, 3),
(748, 1),
(749, 2),
(750, 2),
(751, 5),
(752, 5),
(753, 2),
(754, 4),
(755, 5),
(756, 4),
(757, 2),
(758, 1),
(759, 2),
(760, 2),
(761, 5),
(762, 4),
(763, 2),
(764, 5),
(765, 5),
(766, 1),
(767, 3),
(768, 2),
(769, 4),
(770, 1),
(771, 2),
(772, 4),
(773, 2),
(774, 2),
(775, 5),
(776, 1),
(777, 2),
(778, 3),
(779, 2),
(780, 4),
(781, 1),
(782, 3),
(783, 1),
(784, 1),
(785, 1),
(786, 1),
(787, 3),
(788, 4),
(789, 4),
(790, 1),
(791, 1),
(792, 2),
(793, 5),
(794, 4),
(795, 1),
(796, 1),
(797, 3),
(798, 1),
(799, 4),
(800, 2),
(801, 5),
(802, 2),
(803, 5),
(804, 1),
(805, 5),
(806, 5),
(807, 4);

-- --------------------------------------------------------

--
-- Table structure for table `owner`
--

CREATE TABLE `owner` (
  `owner_id` bigint(20) NOT NULL,
  `user_id` bigint(20) NOT NULL,
  `org_id` bigint(20) NOT NULL
) ENGINE=InnoDB DEFAULT CHARSET=latin1;

--
-- Dumping data for table `owner`
--

INSERT INTO `owner` (`owner_id`, `user_id`, `org_id`) VALUES
(1, 1, 1),
(2, 1, 2),
(3, 1, 3),
(4, 1, 4),
(5, 1, 5),
(6, 2, 6),
(7, 2, 7),
(8, 2, 8),
(9, 2, 9),
(10, 3, 10),
(11, 3, 11),
(12, 3, 12),
(13, 3, 13),
(14, 4, 14),
(15, 4, 15),
(16, 5, 16),
(17, 6, 17),
(18, 6, 18),
(19, 6, 19),
(20, 7, 20),
(21, 7, 21),
(22, 8, 22),
(23, 8, 23),
(24, 8, 24),
(25, 8, 25),
(26, 9, 26),
(27, 9, 27),
(28, 9, 28),
(29, 9, 29),
(30, 9, 30),
(31, 10, 31),
(32, 10, 32),
(33, 10, 33),
(34, 11, 34),
(35, 11, 35),
(36, 11, 36),
(37, 12, 37),
(38, 13, 38),
(39, 13, 39),
(40, 13, 40),
(41, 14, 41),
(42, 14, 42),
(43, 15, 43),
(44, 15, 44),
(45, 15, 45),
(46, 15, 46),
(47, 16, 47),
(48, 16, 48),
(49, 16, 49),
(50, 1, 50),
(51, 2, 51),
(52, 2, 52),
(53, 2, 53),
(54, 2, 54),
(55, 3, 55),
(56, 4, 56),
(57, 5, 57),
(58, 5, 58),
(59, 5, 59),
(60, 5, 60),
(61, 5, 61),
(62, 6, 62),
(63, 6, 63),
(64, 7, 64),
(65, 8, 65),
(66, 8, 66),
(67, 8, 67),
(68, 8, 68),
(69, 8, 69),
(70, 9, 70),
(71, 9, 71),
(72, 9, 72),
(73, 9, 73),
(74, 9, 74),
(75, 10, 75),
(76, 10, 76),
(77, 10, 77),
(78, 10, 78),
(79, 11, 79),
(80, 11, 80),
(81, 11, 81),
(82, 12, 82),
(83, 12, 83),
(84, 13, 84),
(85, 13, 85),
(86, 13, 86),
(87, 13, 87),
(88, 13, 88),
(89, 14, 89),
(90, 14, 90),
(91, 14, 91),
(92, 15, 92),
(93, 15, 93),
(94, 16, 94),
(95, 16, 95),
(96, 16, 96),
(97, 16, 97),
(98, 16, 98),
(99, 17, 99),
(100, 18, 100),
(101, 18, 101),
(102, 18, 102),
(103, 18, 103),
(104, 19, 104),
(105, 20, 105),
(106, 20, 106),
(107, 20, 107),
(108, 20, 108),
(109, 21, 109),
(110, 22, 110),
(111, 22, 111),
(112, 22, 112),
(113, 22, 113),
(114, 22, 114),
(115, 23, 115),
(116, 23, 116),
(117, 23, 117),
(118, 24, 118),
(119, 24, 119),
(120, 24, 120),
(121, 24, 121),
(122, 25, 122),
(123, 25, 123),
(124, 25, 124),
(125, 25, 125),
(126, 25, 126),
(127, 26, 127),
(128, 26, 128),
(129, 26, 129),
(130, 26, 130),
(131, 27, 131),
(132, 27, 132),
(133, 28, 133),
(134, 28, 134),
(135, 28, 135),
(136, 28, 136),
(137, 29, 137),
(138, 29, 138),
(139, 29, 139),
(140, 30, 140),
(141, 30, 141),
(142, 31, 142),
(143, 31, 143),
(144, 31, 144),
(145, 31, 145),
(146, 31, 146),
(147, 32, 147),
(148, 32, 148),
(149, 32, 149),
(150, 33, 150),
(151, 33, 151),
(152, 34, 152),
(153, 34, 153),
(154, 34, 154),
(155, 35, 155),
(156, 35, 156),
(157, 35, 157),
(158, 36, 158),
(159, 37, 159),
(160, 37, 160),
(161, 37, 161),
(162, 37, 162),
(163, 37, 163),
(164, 38, 164),
(165, 39, 165),
(166, 39, 166),
(167, 39, 167),
(168, 40, 168),
(169, 41, 169),
(170, 41, 170),
(171, 42, 171),
(172, 42, 172),
(173, 42, 173),
(174, 43, 174),
(175, 43, 175),
(176, 43, 176),
(177, 44, 177),
(178, 44, 178),
(179, 44, 179),
(180, 44, 180),
(181, 45, 181),
(182, 45, 182),
(183, 45, 183),
(184, 45, 184),
(185, 46, 185),
(186, 46, 186),
(187, 47, 187),
(188, 47, 188),
(189, 47, 189),
(190, 48, 190),
(191, 48, 191),
(192, 48, 192),
(193, 49, 193),
(194, 50, 194),
(195, 50, 195),
(196, 50, 196),
(197, 51, 197),
(198, 51, 198),
(199, 51, 199),
(200, 52, 200),
(201, 52, 201),
(202, 52, 202),
(203, 52, 203),
(204, 53, 204),
(205, 53, 205),
(206, 53, 206),
(207, 54, 207),
(208, 54, 208),
(209, 54, 209),
(210, 55, 210),
(211, 55, 211),
(212, 56, 212),
(213, 56, 213),
(214, 56, 214),
(215, 56, 215),
(216, 57, 216),
(217, 57, 217),
(218, 57, 218),
(219, 57, 219),
(220, 57, 220),
(221, 58, 221),
(222, 58, 222),
(223, 59, 223),
(224, 59, 224),
(225, 59, 225),
(226, 59, 226),
(227, 60, 227),
(228, 60, 228),
(229, 60, 229),
(230, 61, 230),
(231, 61, 231),
(232, 62, 232),
(233, 62, 233),
(234, 63, 234),
(235, 63, 235),
(236, 63, 236),
(237, 64, 237),
(238, 65, 238),
(239, 65, 239),
(240, 65, 240),
(241, 66, 241),
(242, 67, 242),
(243, 68, 243),
(244, 68, 244),
(245, 68, 245),
(246, 68, 246),
(247, 68, 247),
(248, 69, 248),
(249, 69, 249),
(250, 69, 250),
(251, 69, 251),
(252, 70, 252),
(253, 71, 253),
(254, 71, 254),
(255, 72, 255),
(256, 72, 256),
(257, 72, 257),
(258, 72, 258),
(259, 73, 259),
(260, 73, 260),
(261, 74, 261),
(262, 75, 262),
(263, 75, 263),
(264, 75, 264),
(265, 76, 265),
(266, 76, 266),
(267, 77, 267),
(268, 78, 268),
(269, 78, 269),
(270, 79, 270),
(271, 79, 271),
(272, 79, 272),
(273, 79, 273),
(274, 79, 274),
(275, 80, 275),
(276, 80, 276),
(277, 81, 277),
(278, 82, 278),
(279, 82, 279),
(280, 82, 280),
(281, 83, 281),
(282, 83, 282),
(283, 83, 283),
(284, 84, 284),
(285, 85, 285),
(286, 85, 286),
(287, 85, 287),
(288, 86, 288),
(289, 86, 289),
(290, 86, 290),
(291, 86, 291),
(292, 87, 292),
(293, 87, 293),
(294, 88, 294),
(295, 89, 295),
(296, 89, 296),
(297, 89, 297),
(298, 89, 298),
(299, 89, 299),
(300, 90, 300),
(301, 90, 301),
(302, 90, 302),
(303, 90, 303),
(304, 90, 304),
(305, 91, 305),
(306, 91, 306),
(307, 91, 307),
(308, 91, 308),
(309, 91, 309),
(310, 92, 310),
(311, 92, 311),
(312, 92, 312),
(313, 93, 313),
(314, 93, 314),
(315, 94, 315),
(316, 94, 316),
(317, 94, 317),
(318, 94, 318),
(319, 95, 319),
(320, 96, 320),
(321, 96, 321),
(322, 96, 322),
(323, 96, 323),
(324, 97, 324),
(325, 97, 325),
(326, 98, 326),
(327, 99, 327),
(328, 99, 328),
(329, 99, 329),
(330, 100, 330),
(331, 100, 331),
(332, 100, 332),
(333, 100, 333),
(334, 100, 334),
(335, 101, 335),
(336, 101, 336),
(337, 101, 337),
(338, 101, 338),
(339, 101, 339),
(340, 102, 340),
(341, 102, 341),
(342, 102, 342),
(343, 103, 343),
(344, 104, 344),
(345, 104, 345),
(346, 104, 346),
(347, 104, 347),
(348, 104, 348),
(349, 105, 349),
(350, 105, 350),
(351, 105, 351),
(352, 105, 352),
(353, 106, 353),
(354, 106, 354),
(355, 106, 355),
(356, 106, 356),
(357, 106, 357),
(358, 107, 358),
(359, 107, 359),
(360, 107, 360),
(361, 107, 361),
(362, 108, 362),
(363, 108, 363),
(364, 108, 364),
(365, 108, 365),
(366, 109, 366),
(367, 110, 367),
(368, 110, 368),
(369, 110, 369),
(370, 110, 370),
(371, 111, 371),
(372, 111, 372),
(373, 111, 373),
(374, 111, 374),
(375, 111, 375),
(376, 112, 376),
(377, 112, 377),
(378, 112, 378),
(379, 112, 379),
(380, 112, 380),
(381, 113, 381),
(382, 113, 382),
(383, 114, 383),
(384, 114, 384),
(385, 115, 385),
(386, 115, 386),
(387, 115, 387),
(388, 116, 388),
(389, 116, 389),
(390, 116, 390),
(391, 116, 391),
(392, 116, 392),
(393, 117, 393),
(394, 117, 394),
(395, 117, 395),
(396, 117, 396),
(397, 118, 397),
(398, 118, 398),
(399, 118, 399),
(400, 119, 400),
(401, 119, 401),
(402, 119, 402),
(403, 119, 403),
(404, 120, 404),
(405, 120, 405),
(406, 120, 406),
(407, 120, 407),
(408, 120, 408),
(409, 121, 409),
(410, 121, 410),
(411, 121, 411),
(412, 121, 412),
(413, 121, 413),
(414, 122, 414),
(415, 122, 415),
(416, 122, 416),
(417, 122, 417),
(418, 122, 418),
(419, 123, 419),
(420, 123, 420),
(421, 123, 421),
(422, 123, 422),
(423, 124, 423),
(424, 124, 424),
(425, 125, 425),
(426, 125, 426),
(427, 125, 427),
(428, 125, 428),
(429, 126, 429),
(430, 126, 430),
(431, 126, 431),
(432, 126, 432),
(433, 126, 433),
(434, 127, 434),
(435, 128, 435),
(436, 128, 436),
(437, 128, 437),
(438, 128, 438),
(439, 128, 439),
(440, 129, 440),
(441, 129, 441),
(442, 129, 442),
(443, 129, 443),
(444, 130, 444),
(445, 130, 445),
(446, 131, 446),
(447, 131, 447),
(448, 131, 448),
(449, 131, 449),
(450, 131, 450),
(451, 132, 451),
(452, 133, 452),
(453, 133, 453),
(454, 133, 454),
(455, 133, 455),
(456, 133, 456),
(457, 134, 457),
(458, 134, 458),
(459, 134, 459),
(460, 134, 460),
(461, 135, 461),
(462, 135, 462),
(463, 135, 463),
(464, 135, 464),
(465, 136, 465),
(466, 136, 466),
(467, 137, 467),
(468, 137, 468),
(469, 137, 469),
(470, 137, 470),
(471, 137, 471),
(472, 138, 472),
(473, 138, 473),
(474, 138, 474),
(475, 138, 475),
(476, 139, 476),
(477, 139, 477),
(478, 139, 478),
(479, 139, 479),
(480, 139, 480),
(481, 140, 481),
(482, 140, 482),
(483, 140, 483),
(484, 140, 484),
(485, 140, 485),
(486, 141, 486),
(487, 141, 487),
(488, 141, 488),
(489, 141, 489),
(490, 141, 490),
(491, 142, 491),
(492, 142, 492),
(493, 143, 493),
(494, 143, 494),
(495, 143, 495),
(496, 143, 496),
(497, 143, 497),
(498, 144, 498),
(499, 144, 499),
(500, 144, 500),
(501, 145, 501),
(502, 145, 502),
(503, 146, 503),
(504, 146, 504),
(505, 146, 505),
(506, 146, 506),
(507, 146, 507),
(508, 147, 508),
(509, 147, 509),
(510, 148, 510),
(511, 148, 511),
(512, 148, 512),
(513, 149, 513),
(514, 149, 514),
(515, 149, 515),
(516, 149, 516),
(517, 149, 517),
(518, 150, 518),
(519, 151, 519),
(520, 152, 520),
(521, 152, 521),
(522, 152, 522),
(523, 152, 523),
(524, 153, 524),
(525, 153, 525),
(526, 154, 526),
(527, 154, 527),
(528, 154, 528),
(529, 154, 529),
(530, 154, 530),
(531, 155, 531),
(532, 156, 532),
(533, 156, 533),
(534, 157, 534),
(535, 157, 535),
(536, 157, 536),
(537, 157, 537),
(538, 157, 538),
(539, 158, 539),
(540, 158, 540),
(541, 158, 541),
(542, 158, 542),
(543, 159, 543),
(544, 159, 544),
(545, 159, 545),
(546, 160, 546),
(547, 161, 547),
(548, 161, 548),
(549, 161, 549),
(550, 161, 550),
(551, 161, 551),
(552, 162, 552),
(553, 162, 553),
(554, 162, 554),
(555, 162, 555),
(556, 163, 556),
(557, 163, 557),
(558, 163, 558),
(559, 163, 559),
(560, 163, 560),
(561, 164, 561),
(562, 164, 562),
(563, 164, 563),
(564, 164, 564),
(565, 165, 565),
(566, 166, 566),
(567, 166, 567),
(568, 166, 568),
(569, 166, 569),
(570, 167, 570),
(571, 167, 571),
(572, 167, 572),
(573, 167, 573),
(574, 168, 574),
(575, 168, 575),
(576, 168, 576),
(577, 169, 577),
(578, 170, 578),
(579, 170, 579),
(580, 171, 580),
(581, 171, 581),
(582, 171, 582),
(583, 172, 583),
(584, 172, 584),
(585, 172, 585),
(586, 172, 586),
(587, 172, 587),
(588, 173, 588),
(589, 174, 589),
(590, 174, 590),
(591, 174, 591),
(592, 174, 592),
(593, 175, 593),
(594, 175, 594),
(595, 175, 595),
(596, 175, 596),
(597, 175, 597),
(598, 176, 598),
(599, 177, 599),
(600, 177, 600),
(601, 177, 601),
(602, 177, 602),
(603, 178, 603),
(604, 178, 604),
(605, 179, 605),
(606, 179, 606),
(607, 180, 607),
(608, 180, 608),
(609, 180, 609),
(610, 180, 610),
(611, 180, 611),
(612, 181, 612),
(613, 181, 613),
(614, 181, 614),
(615, 181, 615),
(616, 182, 616),
(617, 182, 617),
(618, 183, 618),
(619, 183, 619),
(620, 184, 620),
(621, 185, 621),
(622, 185, 622),
(623, 186, 623),
(624, 186, 624),
(625, 187, 625),
(626, 187, 626),
(627, 187, 627),
(628, 187, 628),
(629, 187, 629),
(630, 188, 630),
(631, 188, 631),
(632, 188, 632),
(633, 189, 633),
(634, 190, 634),
(635, 190, 635),
(636, 190, 636),
(637, 191, 637),
(638, 191, 638),
(639, 191, 639),
(640, 191, 640),
(641, 192, 641),
(642, 192, 642),
(643, 193, 643),
(644, 193, 644),
(645, 193, 645),
(646, 193, 646),
(647, 194, 647),
(648, 194, 648),
(649, 194, 649),
(650, 195, 650),
(651, 196, 651),
(652, 197, 652),
(653, 197, 653),
(654, 198, 654),
(655, 198, 655),
(656, 198, 656),
(657, 199, 657),
(658, 200, 658),
(659, 200, 659),
(660, 200, 660),
(661, 200, 661),
(662, 200, 662),
(663, 201, 663),
(664, 201, 664),
(665, 201, 665),
(666, 201, 666),
(667, 202, 667),
(668, 202, 668),
(669, 203, 669),
(670, 203, 670),
(671, 203, 671),
(672, 203, 672),
(673, 203, 673),
(674, 204, 674),
(675, 205, 675),
(676, 206, 676),
(677, 206, 677),
(678, 206, 678),
(679, 207, 679),
(680, 207, 680),
(681, 207, 681),
(682, 207, 682),
(683, 207, 683),
(684, 208, 684),
(685, 208, 685),
(686, 209, 686),
(687, 210, 687),
(688, 210, 688),
(689, 211, 689),
(690, 211, 690),
(691, 212, 691),
(692, 212, 692),
(693, 212, 693),
(694, 212, 694),
(695, 213, 695),
(696, 213, 696),
(697, 214, 697),
(698, 215, 698),
(699, 215, 699),
(700, 216, 700),
(701, 216, 701),
(702, 216, 702),
(703, 217, 703),
(704, 217, 704),
(705, 217, 705),
(706, 217, 706),
(707, 217, 707),
(708, 218, 708),
(709, 218, 709),
(710, 218, 710),
(711, 219, 711),
(712, 219, 712),
(713, 219, 713),
(714, 219, 714),
(715, 220, 715),
(716, 220, 716),
(717, 220, 717),
(718, 221, 718),
(719, 221, 719),
(720, 221, 720),
(721, 222, 721),
(722, 222, 722),
(723, 222, 723),
(724, 222, 724),
(725, 223, 725),
(726, 223, 726),
(727, 224, 727),
(728, 225, 728),
(729, 225, 729),
(730, 225, 730),
(731, 225, 731),
(732, 225, 732),
(733, 226, 733),
(734, 226, 734),
(735, 226, 735),
(736, 226, 736),
(737, 226, 737),
(738, 227, 738),
(739, 227, 739),
(740, 228, 740),
(741, 228, 741),
(742, 228, 742),
(743, 228, 743),
(744, 228, 744),
(745, 229, 745),
(746, 229, 746),
(747, 229, 747),
(748, 230, 748),
(749, 230, 749),
(750, 230, 750),
(751, 230, 751),
(752, 231, 752),
(753, 231, 753),
(754, 232, 754),
(755, 233, 755),
(756, 233, 756),
(757, 233, 757),
(758, 233, 758),
(759, 233, 759),
(760, 234, 760),
(761, 234, 761),
(762, 234, 762),
(763, 234, 763),
(764, 234, 764),
(765, 235, 765),
(766, 235, 766),
(767, 235, 767),
(768, 235, 768),
(769, 236, 769),
(770, 237, 770),
(771, 237, 771),
(772, 237, 772),
(773, 238, 773),
(774, 238, 774),
(775, 239, 775),
(776, 240, 776),
(777, 241, 777),
(778, 241, 778),
(779, 242, 779),
(780, 242, 780),
(781, 243, 781),
(782, 243, 782),
(783, 243, 783),
(784, 243, 784),
(785, 244, 785),
(786, 244, 786),
(787, 244, 787),
(788, 245, 788),
(789, 245, 789),
(790, 245, 790),
(791, 245, 791),
(792, 245, 792),
(793, 246, 793),
(794, 246, 794),
(795, 246, 795),
(796, 246, 796),
(797, 246, 797),
(798, 247, 798),
(799, 247, 799),
(800, 248, 800),
(801, 249, 801),
(802, 249, 802),
(803, 249, 803),
(804, 249, 804),
(805, 249, 805),
(806, 250, 806),
(807, 250, 807);

-- --------------------------------------------------------

--
-- Table structure for table `tag`
--

CREATE TABLE `tag` (
  `tag_id` bigint(20) NOT NULL,
  `tag_title` varchar(255) NOT NULL
) ENGINE=InnoDB DEFAULT CHARSET=latin1;

--
-- Dumping data for table `tag`
--

INSERT INTO `tag` (`tag_id`, `tag_title`) VALUES
(1, 'Movies'),
(2, 'Education'),
(3, 'Sports'),
(4, 'Food'),
(5, 'Coffee');

-- --------------------------------------------------------

--
-- Table structure for table `user`
--

CREATE TABLE `user` (
  `user_id` bigint(20) NOT NULL,
  `user_fname` varchar(255) NOT NULL,
  `user_lname` varchar(255) NOT NULL,
  `user_email` varchar(255) NOT NULL,
  `user_password` varchar(255) NOT NULL,
  `user_eNotifications` tinyint(1) NOT NULL
) ENGINE=InnoDB DEFAULT CHARSET=latin1;

--
-- Dumping data for table `user`
--

INSERT INTO `user` (`user_id`, `user_fname`, `user_lname`, `user_email`, `user_password`, `user_eNotifications`) VALUES
(1, 'Claire', 'Murray', 'Murray.C2089918476@gmail.com', 'ec90db84e097dd32b291935d539115e3', 0),
(2, 'Amelia', 'Hughes', 'Amelia.Hughes1702344363@yahoo.com', '2a4cad25cd233a215d3ae45c215c1199', 0),
(3, 'Emma', 'Sanderson', 'Sanderson.Emma408413363@yahoo.com', '33fa2abb494c3e281b10acf0863c7667', 0),
(4, 'Jonathan', 'Kerr', 'Kerr.J1716103786@aol.net', '972376039580cf7c8d6805d094627e17', 0),
(5, 'Anna', 'Paterson', 'Paterson.Anna81043992@hotmail.com', '9273f5a874d2900dd27e0936ba0e6783', 0),
(6, 'Maria', 'Paterson', 'Paterson.M1509769563@hotmail.com', 'e402816ca6db71807cda35c3c4e5abf0', 0),
(7, 'Joe', 'Bower', 'Bower.J50047267@yahoo.com', '1c83850e62d76ab2c170b8fad55d8999', 0),
(8, 'Carl', 'Knox', 'Knox.Carl1884841473@yahoo.com', '498e397fbb4d963bab511d180a62d6e1', 0),
(9, 'Lucas', 'Mitchell', 'Mitchell.L325080748@aol.net', 'eeb9aacc12fea1b75d7d302e6734b661', 0),
(10, 'Sue', 'McGrath', 'McGrath.S1675102579@yahoo.com', 'bcd1bc1bd53babf5b514de8f411e8a17', 0),
(11, 'Gordon', 'Robertson', 'Robertson.Gordon704070015@yahoo.com', '051c135b3fd9d4c336e811764e325b4d', 0),
(12, 'Wanda', 'Rees', 'Wanda.Rees172865529@yahoo.com', '32f6f0b3852b8a82b7df86d43e0f1a3e', 0),
(13, 'Lillian', 'Paige', 'Lillian.P2131019063@outlook.com', '11e7486badc2648fc39b199b950910b6', 0),
(14, 'Oliver', 'Martin', 'Oliver.Martin89399755@aol.net', '47b0a81c8acf52390075928f1cefdf9d', 0),
(15, 'Jake', 'Buckland', 'BucklandJake1006467305@outlook.com', '91aade6dcb20fec0fb64b895e6f72573', 0),
(16, 'Oliver', 'Poole', 'Poole.O1005149634@outlook.com', 'cdc6b208b6abb7e79d429e3284be4954', 0),
(17, 'Thomas', 'Langdon', 'Thomas.Langdon1678876314@gmail.com', 'e87bf914761baef58416105cbdb1ddcc', 0),
(18, 'Dorothy', 'Hodges', 'Dorothy.H1378673000@hotmail.com', '042025b2266c70e522078835fd9624f0', 0),
(19, 'Gordon', 'Vance', 'Vance.G853091532@aol.net', 'd1640fb3d8759e10f1c48ec3060c2550', 0),
(20, 'Caroline', 'Quinn', 'QuinnCaroline898669122@aol.net', 'fc212760e61cf13c09401f68cb95612e', 0),
(21, 'Jennifer', 'Grant', 'Grant.J1656931225@outlook.com', '7a683f1d892b85ca7c6ce57ba28ca50c', 0),
(22, 'Zoe', 'Piper', 'Piper.Z2109539940@outlook.com', '8627b21a0db55b7aa5717b9603895aab', 0),
(23, 'Hannah', 'Davies', 'Davies.H414574604@yahoo.com', '596c1eb63c510e4973feac6bfcd13342', 0),
(24, 'Christian', 'MacLeod', 'MacLeod.Christian812143759@aol.net', 'b5665b7343104b3c42c5e894dbdbf473', 0),
(25, 'Sophie', 'Short', 'Sophie.Short1655192064@aol.net', '6808f17fd179225cac7c207103e0c6b8', 0),
(26, 'Angela', 'Wright', 'Wright.A748001594@hotmail.com', '979fc55d39e9bae79e93327a06157842', 0),
(27, 'Warren', 'Skinner', 'Skinner.Warren408489532@hotmail.com', '5d777c8c436e2bd307236c90c6473f5e', 0),
(28, 'Evan', 'Mackenzie', 'Mackenzie.E774217978@yahoo.com', '1fe8532d1d1435b58dd61a6efd99b302', 0),
(29, 'Sophie', 'Arnold', 'Arnold.S1561205710@gmail.com', 'c7e844130d81a5f8b8f950c66b0ae814', 0),
(30, 'Dan', 'Kerr', 'Kerr.D1584043277@aol.net', 'ea89cb700eae7bd757b4b757fdc76646', 0),
(31, 'Luke', 'Randall', 'RandallLuke1525847340@yahoo.com', '5223e24d1283ca1618843de75e288dd2', 0),
(32, 'Matt', 'Paige', 'Paige.M299818959@gmail.com', '1617663a93bf1a9a85f9c97e246fe44d', 0),
(33, 'Ryan', 'Hill', 'Ryan.H1495686501@aol.net', 'a4d9c5deef17451b64be6a0194d8840b', 0),
(34, 'John', 'Martin', 'John.Martin365542115@gmail.com', '0e8053d280eb2340505ab26328d3ccd2', 0),
(35, 'Amanda', 'Bower', 'Bower.Amanda2035821163@hotmail.com', 'ad21fd32655be5109d8049357d69d33f', 0),
(36, 'Peter', 'Kelly', 'Kelly.Peter326369118@gmail.com', 'ffb8375870d1373a56fde78895fc5d31', 0),
(37, 'Jack', 'Churchill', 'Jack.C1940446273@hotmail.com', 'bcf61adf8f7c4f13024e2f6f6e8c5b37', 0),
(38, 'Isaac', 'Metcalfe', 'Metcalfe.Isaac95460087@gmail.com', '257315762e56699a6358c4439cac01c7', 0),
(39, 'Hannah', 'Sutherland', 'Sutherland.Hannah1097198601@yahoo.com', '4b68c0193604dad022cab1e5f0bfcb9c', 0),
(40, 'Audrey', 'Wilkins', 'Wilkins.A1428973348@gmail.com', '3f56e320c5686ed5dcabea86d07cd823', 0),
(41, 'Kevin', 'Hardacre', 'Hardacre.K1012292576@aol.net', 'edf016543a52ab63471b47470ae8efb4', 0),
(42, 'Joanne', 'Manning', 'Manning.J1312949029@hotmail.com', '9934dce78fc68882e153aa3729f8f531', 0),
(43, 'Adam', 'Peake', 'Peake.Adam146600788@yahoo.com', '0087e5ffe64d92a6f433c2ecff089564', 0),
(44, 'Kylie', 'Oliver', 'Oliver.K1940741626@outlook.com', '30c34dde31040b187fd11982e5539010', 0),
(45, 'Sally', 'Gibson', 'Gibson.S928995144@hotmail.com', 'caa4122c8e436f11e8cd483911cb7675', 0),
(46, 'Vanessa', 'Carr', 'Carr.Vanessa563467749@hotmail.com', '903ef9831ee48a1c10efe70e926a274e', 0),
(47, 'Diana', 'Stewart', 'Stewart.D2009687052@yahoo.com', '22d9d5028ddf9796bb815a115090d82f', 0),
(48, 'Austin', 'Russell', 'RussellAustin834041745@gmail.com', '97ffc2ee580f582318815d6df9a37e6c', 0),
(49, 'Leonard', 'Bell', 'Bell.Leonard1327685711@aol.net', 'b588033e7b6aa54c9d3e735d36c9cd03', 0),
(50, 'Isaac', 'Harris', 'Isaac.H953821580@hotmail.com', 'd0c27c15ed5da17cedce71f5bc20ebb0', 0),
(51, 'Joan', 'Murray', 'Murray.J1929306639@gmail.com', 'e37ef0aa820bdb6ee917f8d96c888d17', 0),
(52, 'Wendy', 'Mitchell', 'Mitchell.Wendy1154026629@outlook.com', '7d6ef14d06db9b50fd57f6ccbe6705cc', 0),
(53, 'Claire', 'Short', 'Short.C1877939005@aol.net', '8ee6264ffe4df0d3745bbe2bd4412e2f', 0),
(54, 'Grace', 'Roberts', 'Roberts.G470001194@yahoo.com', '5f9c1f61e06242649fc65b6819901315', 0),
(55, 'Megan', 'Pullman', 'Pullman.Megan1072795233@hotmail.com', '470b848f4af2338c50b03a7dc79a9e24', 0),
(56, 'Zoe', 'Lawrence', 'Lawrence.Zoe853862094@aol.net', 'ef9b68f5f7524b2ecd84978dd141c1cf', 0),
(57, 'Matt', 'Lee', 'Lee.M585842159@gmail.com', '23370255a20f4d8cf7822e5661e410f7', 0),
(58, 'Heather', 'Rampling', 'Rampling.H1976055841@aol.net', 'e03ae3fd486e95d32ca53bdf3f370b07', 0),
(59, 'Natalie', 'Gill', 'Gill.N1841110151@hotmail.com', '6348c4951e83246c934b90121f1c7ff5', 0),
(60, 'William', 'Jones', 'Jones.W1454211961@hotmail.com', '9b0f9564b4d6d57615241ca8e5da8c74', 0),
(61, 'Sam', 'Miller', 'Miller.Sam1318563315@aol.net', '6e2dfbd718a40f7274d5f8c6f3ba4ebb', 0),
(62, 'Stephen', 'Gibson', 'Stephen.G1439204544@hotmail.com', 'f0d53b94596ec65cf6466a90f599b531', 0),
(63, 'Katherine', 'Parsons', 'Parsons.K740885149@outlook.com', '9fdf9617dbcc4173761f2bb289f6243d', 0),
(64, 'Nicholas', 'Sutherland', 'Sutherland.N1647935086@gmail.com', 'f0ba3a847202399964ccbe891e6f48cc', 0),
(65, 'Deirdre', 'Metcalfe', 'MetcalfeDeirdre214293677@outlook.com', 'dc7ce28b897b82f6293d19c24b74cc2c', 0),
(66, 'Wanda', 'Kerr', 'Wanda.K723972430@aol.net', '9841642f9076f18178d8cb05b087ba68', 0),
(67, 'Amy', 'Avery', 'Amy.A1813069927@hotmail.com', '5d32c2dc9b875408af6bec07694ae810', 0),
(68, 'Ruth', 'Metcalfe', 'Metcalfe.R2111926559@gmail.com', '58a81701b7f9603a6388b7dd12dfe318', 0),
(69, 'Heather', 'Chapman', 'Chapman.H781896013@aol.net', 'd46f2905d4b30eeb95a31c7cbeaf288c', 0),
(70, 'Melanie', 'Baker', 'Melanie.B2012211087@gmail.com', '021791301f48e7ad63cb344b6136135c', 0),
(71, 'Madeleine', 'Nash', 'Nash.M489657660@hotmail.com', '675cc1e83d91c1c3fef55a38219fb784', 0),
(72, 'Anna', 'Tucker', 'Tucker.Anna1337714886@yahoo.com', '9c6fc185551d6ae079c3f1a166928dcf', 0),
(73, 'Bella', 'Vaughan', 'Vaughan.B139511291@outlook.com', 'e5c2257f7f8a0524fe54df4590c9cea1', 0),
(74, 'Hannah', 'Langdon', 'Langdon.H300548059@yahoo.com', '8788a8fce1fb6499639cc650f12305ae', 0),
(75, 'Keith', 'Pullman', 'Keith.P1367436268@outlook.com', 'cd8b055d5191015ebf2fdc01ea9042b6', 0),
(76, 'Donna', 'Gibson', 'Gibson.D948158040@hotmail.com', 'ee383e93613e569004e6291151245619', 0),
(77, 'Lucas', 'Jones', 'Lucas.J579443152@aol.net', '859c18faab77ce3427b2b2bebb48e39b', 0),
(78, 'Joseph', 'Payne', 'Payne.J827646080@aol.net', 'c8f864f5d2a666d7c3a8737630ebce83', 0),
(79, 'Benjamin', 'Parsons', 'Parsons.Benjamin1253528771@outlook.com', '79baecb6a539e6ac0504c69245727450', 0),
(80, 'Jake', 'Walsh', 'Walsh.Jake1333357188@outlook.com', '6d75539921e0d7e76a3d0975ded34f8b', 0),
(81, 'Vanessa', 'Cornish', 'Vanessa.Cornish1987516803@aol.net', 'bf4ff12f0ea95094dbbc2d4412c55d71', 0),
(82, 'Gavin', 'Robertson', 'Robertson.Gavin1325578940@outlook.com', '140ac4c2aff7046a034f6cc6c2096271', 0),
(83, 'Ian', 'Campbell', 'Campbell.Ian359457693@aol.net', '86bc64d5645543d0e140f37df63dfad4', 0),
(84, 'Jennifer', 'White', 'Jennifer.White976357128@aol.net', '8fae12c7e6426136874ff981d11999ad', 0),
(85, 'Paul', 'Cornish', 'Cornish.Paul2052780212@hotmail.com', '399564ee703e6a2d6129ccf730838c48', 0),
(86, 'Edward', 'Jackson', 'Jackson.E2042857557@yahoo.com', '2dad781e3925aaf288d4ebc6eab32cf6', 0),
(87, 'Wendy', 'Oliver', 'Oliver.Wendy243142235@gmail.com', 'f4b0ca6d9897dd9ad38e120019bbc9b3', 0),
(88, 'William', 'Kelly', 'Kelly.William1901417630@gmail.com', '90365b36ff89251b154e3fd69580cd40', 0),
(89, 'Irene', 'McDonald', 'McDonald.I634839384@yahoo.com', '6469186fd589932cb98fa4a2a4745df5', 0),
(90, 'Ella', 'Powell', 'Powell.E1294481379@yahoo.com', '8ce1a169f23f3dc2d827f49a36d1a169', 0),
(91, 'Faith', 'Lyman', 'Lyman.F562184574@hotmail.com', 'abb7dd9322a105f24c4794e14fc47dd4', 0),
(92, 'Chloe', 'Underwood', 'Underwood.Chloe1036995220@outlook.com', '4ec204f217c9ed7af9571c10512a807b', 0),
(93, 'Amelia', 'Lyman', 'Lyman.Amelia1140115203@aol.net', '7d5a8567da41af583db083693dd2a305', 0),
(94, 'Jason', 'Marshall', 'Marshall.J1183450674@outlook.com', '76b4ffa3c0b0df32a104644cf1b48a17', 0),
(95, 'Oliver', 'Mills', 'Mills.O892529944@gmail.com', '7d1b27d03d8e03c584fb005531727b7e', 0),
(96, 'James', 'Gill', 'Gill.J629425493@hotmail.com', '46afeceac9feaf092639f085d9f9c10e', 0),
(97, 'Bernadette', 'Hudson', 'Hudson.Bernadette337710167@aol.net', 'b3d098c59453e452e0c11092fe1898cd', 0),
(98, 'Alan', 'Mathis', 'Mathis.A408980476@hotmail.com', '14c470b3f584c8129a4b754466611305', 0),
(99, 'Frank', 'White', 'WhiteFrank1235589469@gmail.com', '4afa42a827ba1031cd681190ec3d4446', 0),
(100, 'Jennifer', 'Morgan', 'Morgan.Jennifer1008292512@hotmail.com', '74a64c62968b9ea85d437c4fd800956d', 0),
(101, 'Ella', 'Forsyth', 'Forsyth.E206917489@outlook.com', '2b17ab3f5617b7ac780dc3102219656b', 0),
(102, 'Joshua', 'Black', 'Black.J312106486@outlook.com', 'a8333e751ca666c03de1347eeb5b0dbc', 0),
(103, 'Matt', 'Davies', 'Matt.D1198508950@hotmail.com', '65cb7fa16bf4efb94c7b951f2e01385f', 0),
(104, 'Jessica', 'Knox', 'Knox.Jessica716024165@hotmail.com', '88dd97fb7bedf54b52188ea101be12f2', 0),
(105, 'Amanda', 'Mackenzie', 'Mackenzie.A1642498001@hotmail.com', 'f5a56435af301598edb61e76b9b59220', 0),
(106, 'Charles', 'Smith', 'Smith.C1009591143@outlook.com', 'c8990bb68426567d216fea52427ecc75', 0),
(107, 'William', 'Duncan', 'Duncan.W1401230435@outlook.com', '387b478f6d3cedade744bff9a6de062f', 0),
(108, 'Vanessa', 'Hamilton', 'Vanessa.H1733363747@yahoo.com', '65a05de66b1f5b36a53fa072b4924285', 0),
(109, 'Dorothy', 'Powell', 'Powell.Dorothy896300825@aol.net', 'e1701f81b1dc6d87e63b5b0cce299aaf', 0),
(110, 'Lily', 'Clark', 'ClarkLily958927085@gmail.com', 'f0558e209976d5e2893e88526385b5ee', 0),
(111, 'Joan', 'Ince', 'Ince.J89759165@hotmail.com', 'cf94804d0e7bb85c46b5fcc19b620b6a', 0),
(112, 'Cameron', 'Jackson', 'Jackson.C519035519@hotmail.com', 'f2341d06236de3d2509353232bb1736a', 0),
(113, 'Matt', 'Vance', 'VanceMatt1899348301@yahoo.com', 'e31b6236256ddfd7e41d13c25c9f6fa6', 0),
(114, 'Neil', 'Clarkson', 'Clarkson.N435146170@hotmail.com', '57b8ed2339547653cc71648bd40daea3', 0),
(115, 'Amanda', 'Short', 'Short.A1398200388@aol.net', 'ce9000c1bb638193b68a67915d4aa91e', 0),
(116, 'Joanne', 'Metcalfe', 'Joanne.M574338533@hotmail.com', '9be0d27f52951bc7df9a23826a72d991', 0),
(117, 'Ella', 'Watson', 'Watson.E513372205@aol.net', 'fa2553710502f0c3a1a449c6c091215f', 0),
(118, 'Stephanie', 'McLean', 'McLean.S610742080@aol.net', '0d660fe2ea9715c8b14fa0d971c6c761', 0),
(119, 'Samantha', 'Simpson', 'Samantha.Simpson393000174@hotmail.com', '76e79e336ea70d09c4d071bfecdfada2', 0),
(120, 'Lauren', 'Murray', 'Murray.L1804019909@outlook.com', 'f76f2e9256c0e657465b9455243c4a8d', 0),
(121, 'Stephanie', 'Clark', 'Stephanie.C982774430@gmail.com', '51f931f7fde463155e0e8f7011100cdd', 0),
(122, 'Harry', 'Ince', 'Ince.H367587055@hotmail.com', '82cfabe2045062f53696e9606ca0ed42', 0),
(123, 'Robert', 'Simpson', 'Simpson.R30177070@gmail.com', '6bb55d27e7c41895abc6cc8ffdf4e3f7', 0),
(124, 'Rose', 'Payne', 'Payne.R1133761692@aol.net', 'cef3d298c03a028c43616d09dbb0f937', 0),
(125, 'Nathan', 'Harris', 'Harris.N590619867@yahoo.com', '186ec7b987e0b2c5b978224aacb22f5f', 0),
(126, 'Andrea', 'Dickens', 'Dickens.A1123953521@yahoo.com', '8d4d4702b4871c6644f693e634338048', 0),
(127, 'Michael', 'Harris', 'HarrisMichael1972597073@gmail.com', '9c66f11269a4fa542661889b8de2e603', 0),
(128, 'Claire', 'Bower', 'Bower.C1722936937@yahoo.com', 'cc6a58a3231e5d046c6f687b0cf78444', 0),
(129, 'Faith', 'Skinner', 'Faith.S1623236685@outlook.com', '68ed4248d1828b036d6e5430eb1e5bad', 0),
(130, 'Emily', 'Hart', 'Emily.H931315286@gmail.com', 'e7e0f56a186e4ffc66c3b3495a64a17a', 0),
(131, 'Sean', 'Ferguson', 'Ferguson.S1385236961@gmail.com', '18292838da5da76792e540692f9e3882', 0),
(132, 'Kevin', 'Dyer', 'Dyer.Kevin1098960791@outlook.com', 'a29f9c1e829760ffef6d2d5214473d09', 0),
(133, 'Dylan', 'Blake', 'Blake.Dylan1081792910@aol.net', 'd6caf5fb9b0b0ee68c61b66a7f5ab77f', 0),
(134, 'Andrea', 'Murray', 'Murray.A1388363939@outlook.com', 'd3323fcc3e2b9c92b41300aa1e86f358', 0),
(135, 'Thomas', 'Kelly', 'Kelly.T672296626@hotmail.com', '74dc04da46604d1d67fc59517c19ae64', 0),
(136, 'Leah', 'Skinner', 'Leah.S235277048@gmail.com', 'd7142b84ad23c6ec3a11e6e4484a6f7f', 0),
(137, 'Wendy', 'Churchill', 'Churchill.W1936127152@yahoo.com', '0019ad54eb807eb094bc06e99a83c1c2', 0),
(138, 'Jasmine', 'Clarkson', 'Jasmine.Clarkson1586174273@hotmail.com', '803462933bb9d58fe50750e9f46a3be6', 0),
(139, 'Elizabeth', 'Mackay', 'Mackay.E527764689@yahoo.com', '08e3c271282e04d66bb6a6dfd4fc5b66', 0),
(140, 'Hannah', 'Mackay', 'Mackay.Hannah695220357@hotmail.com', '831294f2d64f582cfa3b26fab541d8aa', 0),
(141, 'Trevor', 'Rees', 'Rees.Trevor770301219@hotmail.com', 'dd319efcb03d3d3b2c20fcfe4d844f64', 0),
(142, 'Dominic', 'Manning', 'Manning.Dominic1251789186@gmail.com', '567061b703df624cf6088e08f579708d', 0),
(143, 'Sebastian', 'Sutherland', 'Sutherland.S1125072520@gmail.com', '58e01b01c1e0c2a93301bb1b365294a5', 0),
(144, 'Kylie', 'Hudson', 'HudsonKylie1152912517@yahoo.com', '8c010386d8ab99f74ccd5ba2808b641b', 0),
(145, 'James', 'Hughes', 'James.H1309550243@outlook.com', 'c18270d5310006e50c56eddc79247115', 0),
(146, 'Andrew', 'Wilson', 'Wilson.Andrew1876295080@aol.net', '884c0e8839d472ee8fc6b072cb5cd61a', 0),
(147, 'Isaac', 'Anderson', 'Anderson.Isaac1598545059@hotmail.com', '9eee881526d930c62a86afbabfe42a7d', 0),
(148, 'Vanessa', 'Campbell', 'Campbell.V933760691@yahoo.com', '78bf0597959b1566d27a0364252abf8d', 0),
(149, 'Amy', 'Pullman', 'Pullman.A70654444@gmail.com', 'd8b7a94eba67bfa43d66a2cff9627647', 0),
(150, 'Cameron', 'Ellison', 'Ellison.C1734480583@gmail.com', '9acbeb497a3d69004add9ba3a6c631a6', 0),
(151, 'Max', 'Bower', 'Bower.M613756654@yahoo.com', '256027bb15bab33ed158e5a62cf74979', 0),
(152, 'Alan', 'Forsyth', 'Forsyth.A1222220437@hotmail.com', 'b84c18ac6ac7f4240b601c8b930510cc', 0),
(153, 'Nicola', 'Hudson', 'Hudson.Nicola535128296@outlook.com', 'd860da5cdd79ad8689b893616b1c598a', 0),
(154, 'Colin', 'Edmunds', 'Colin.Edmunds682672420@aol.net', 'dbd4efc2b70d0f05ae04b3b9e1fc9851', 0),
(155, 'Brandon', 'Ogden', 'Ogden.B664248097@yahoo.com', 'fd63459db8c4405f5b10097e3edec9fb', 0),
(156, 'Leonard', 'Lee', 'Lee.Leonard1115548368@yahoo.com', '26548cfbe0f166e2b9717bbcfcc29e4b', 0),
(157, 'Warren', 'Peters', 'Peters.W1218836488@hotmail.com', '07d8126c5a75e9b41c2b94d903352ba7', 0),
(158, 'Samantha', 'Ferguson', 'Samantha.Ferguson755475921@aol.net', 'ed77f6f94c8e10edc8030e616c296bed', 0),
(159, 'Sebastian', 'Rampling', 'Sebastian.R375274394@hotmail.com', 'de3f0553da65499fb1bcddac7321cacb', 0),
(160, 'Felicity', 'Martin', 'Felicity.Martin2078469773@gmail.com', '9a09f3cead752b9a095c583e3b35f6da', 0),
(161, 'Jason', 'Berry', 'Berry.J1590725285@hotmail.com', '9e43d27d502d016c90c755ed8f240d29', 0),
(162, 'Ian', 'Glover', 'GloverIan2012859427@hotmail.com', '873f2f47eec26d6fe6f913edd1493f8a', 0),
(163, 'Lauren', 'Dickens', 'Dickens.L1331676296@outlook.com', 'd416521335693880cf39031b4ff1b985', 0),
(164, 'Adrian', 'Churchill', 'Adrian.C521273083@hotmail.com', '89f17b9025d798b8cf5096ccec864168', 0),
(165, 'Lucas', 'Duncan', 'Duncan.L2115784386@hotmail.com', '76f3e75539d9bdbb5cb02fc2d05e9a87', 0),
(166, 'Hannah', 'Oliver', 'Oliver.Hannah920656787@outlook.com', '38ae9e8dfc2879cee3c75746e5ff8906', 0),
(167, 'Virginia', 'Coleman', 'Coleman.Virginia2024044759@hotmail.com', '5c4f98d2a4e5ee0330507ba6a0c5cd3f', 0),
(168, 'Pippa', 'Glover', 'Glover.Pippa389823745@yahoo.com', '087bdbb4278c8d7b815d2fced6d9f836', 0),
(169, 'Nathan', 'Welch', 'Nathan.W614024650@aol.net', '2d094e09a120cd24bd32732f767ed612', 0),
(170, 'Piers', 'Taylor', 'Taylor.Piers1757518770@outlook.com', '97b40c2a22ceeb1637d6bdcfc9c4967f', 0),
(171, 'Ian', 'Walker', 'Walker.I678004711@gmail.com', '6c9d7c9d74feb57cbe296038add37b2b', 0),
(172, 'Jonathan', 'McLean', 'McLean.J16304744@gmail.com', 'e3243557604dd90d997c2c798ce1e921', 0),
(173, 'Steven', 'Butler', 'Steven.B1504280681@hotmail.com', '77730c2893b67935d7386826cdb61810', 0),
(174, 'Liam', 'Quinn', 'Quinn.L1237893313@aol.net', 'b7d6317fc8e9e2674d4faf833dee6b5b', 0),
(175, 'Owen', 'Walker', 'Walker.O1611043408@outlook.com', 'af2604fdb1d8a56eda4aba0903936254', 0),
(176, 'Yvonne', 'Bower', 'Bower.Y1383749975@yahoo.com', '1ba5105419b1ada9f21108cc89dfec95', 0),
(177, 'Benjamin', 'Ogden', 'Benjamin.Ogden1492361127@hotmail.com', '66e19b21ed8977edb65a0f804059bc3d', 0),
(178, 'Adam', 'Parr', 'Adam.Parr1497123027@outlook.com', '1650129a5d29024db055a67fae2eea76', 0),
(179, 'James', 'Black', 'Black.James1028991738@hotmail.com', '3c6711c8f9301c33851e1f326236736f', 0),
(180, 'Kevin', 'Howard', 'HowardKevin2101051306@gmail.com', '07a8bd5baf0a986c746819e70f2f8799', 0),
(181, 'Donna', 'Buckland', 'BucklandDonna513784753@outlook.com', '8f0717d5d261f200e34c78ccee4e97b2', 0),
(182, 'Elizabeth', 'Hughes', 'Hughes.E759851942@hotmail.com', 'b201b41b9c02699737869c500541a78d', 0),
(183, 'Wendy', 'Glover', 'GloverWendy1739146507@aol.net', '2eb88df1704da48debc17145524fae6c', 0),
(184, 'Pippa', 'McLean', 'McLean.P729910209@gmail.com', 'b81b3ff0786c512ad04d845697af1bb0', 0),
(185, 'Natalie', 'Gray', 'Gray.N2119287601@aol.net', 'c9e75f76b9445065ea26b5fc1d46ada3', 0),
(186, 'Jake', 'Paterson', 'Paterson.J1285003037@hotmail.com', '4f78c53a4dee97c93192e64a926f1b4b', 0),
(187, 'David', 'Glover', 'Glover.David1412712134@outlook.com', '81ef0509e09ce9596c4217e42d94edb6', 0),
(188, 'Joan', 'Wright', 'Wright.Joan902205070@outlook.com', '1582d36c171af5148313ac972fb1335f', 0),
(189, 'Brian', 'Dickens', 'Dickens.B692789199@outlook.com', '262fb2df1542581540829f7a24dc3bc2', 0),
(190, 'Piers', 'Newman', 'Piers.N47934193@hotmail.com', 'a644d01d0c1df067fa55d7a276ab783d', 0),
(191, 'Phil', 'Parr', 'Parr.Phil777799175@yahoo.com', '5c1552e979b6e79eb5d74fcc0c62ebb1', 0),
(192, 'Carl', 'Short', 'Short.Carl852506458@outlook.com', 'bfc7eb1940a35c299f445ec30fd1820e', 0),
(193, 'Elizabeth', 'Chapman', 'Chapman.Elizabeth347821831@aol.net', 'df3e8be5dfe6094d74dd945dac2f57bd', 0),
(194, 'Sean', 'Skinner', 'Skinner.Sean1180822194@gmail.com', 'ff71554ec1ee555aff025aba75352abd', 0),
(195, 'Jasmine', 'Cornish', 'Cornish.J706835302@yahoo.com', '952dc6f9de7d7b230a49786562cf927c', 0),
(196, 'Liam', 'Butler', 'Butler.Liam1338955111@gmail.com', 'deb899225d84138014dc25909122e700', 0),
(197, 'Julia', 'Ferguson', 'Ferguson.J1444620781@outlook.com', 'f452760734c56bf0eb5917c1cc141e5a', 0),
(198, 'Leonard', 'Churchill', 'Churchill.Leonard635629678@hotmail.com', '37ea35aefcd12f1d610bcd10335e2e9b', 0),
(199, 'Cameron', 'Gibson', 'Gibson.C194615100@aol.net', '04186643923f8feaf03915cdff1e816e', 0),
(200, 'Faith', 'Allan', 'Allan.F831541270@hotmail.com', 'e0f1a8923ff4caf81036fd4b2ce230ef', 0),
(201, 'Simon', 'Arnold', 'Arnold.S1890698038@aol.net', 'a6100b029b4bf17857303fcda7c441c9', 0),
(202, 'Rose', 'Knox', 'Rose.Knox1909425338@yahoo.com', '0ee191a263ee997fb0dcabdfca44f181', 0),
(203, 'Dominic', 'Smith', 'Smith.D866021717@yahoo.com', '07ea386f00a358e3669d6420c628730c', 0),
(204, 'Audrey', 'Dowd', 'Dowd.A133177044@gmail.com', '9a409a564ecaa91478527425ac45c51f', 0),
(205, 'Felicity', 'Jackson', 'Jackson.F250026001@hotmail.com', 'e136d4b86c9541ccfca91d96a55e58e6', 0),
(206, 'Oliver', 'Ross', 'RossOliver224940547@gmail.com', '1d050f5695f9fdd37cbb2bb7a35b8040', 0),
(207, 'Joshua', 'Kelly', 'Kelly.Joshua1942246518@hotmail.com', '86e977aed7cb32d2bfceed6ed7c76cb2', 0),
(208, 'Ruth', 'Reid', 'Reid.R236625883@hotmail.com', '3a9475748891711a168383c6e59defe0', 0),
(209, 'David', 'Short', 'Short.D1520015329@aol.net', '03c590e5326ddcc7abb8c3d195bd5b16', 0),
(210, 'Ava', 'Poole', 'Poole.A912367981@gmail.com', '18e5853600688ddadf1d818d75c70ef6', 0),
(211, 'Cameron', 'Hardacre', 'Hardacre.C748814402@aol.net', '2205345af4f4f0b1d5d228ed7a18b501', 0),
(212, 'Faith', 'Young', 'Young.Faith2054881022@aol.net', '74e3f6d7c41ccfd9fd08c602277553e5', 0),
(213, 'Ava', 'Paterson', 'Ava.P1921517300@aol.net', '168976dcea85a9a19118b583720f0755', 0),
(214, 'Evan', 'Wilkins', 'Wilkins.E844578631@aol.net', '847038b395051f7f18fcfbcbe8aab68d', 0),
(215, 'Christian', 'Ferguson', 'Ferguson.C1967722766@gmail.com', 'a74fd625275b9182460afaf784d284b8', 0),
(216, 'Amelia', 'Rees', 'Rees.A1420125732@gmail.com', 'ef9dc918b7b18d315e683ff40cc636aa', 0),
(217, 'Joshua', 'Arnold', 'Arnold.J1987187651@yahoo.com', '392f1e496c08c97be10a293beaa633ab', 0),
(218, 'Madeleine', 'Ferguson', 'Ferguson.Madeleine882037969@aol.net', '370606e78f72fefbdad2f40978f3cc93', 0),
(219, 'Bernadette', 'Black', 'Black.B867723123@gmail.com', 'b50a9473547d7a46cbc9830082249e91', 0),
(220, 'Dominic', 'Walsh', 'Walsh.Dominic105770297@yahoo.com', '8131939d8d7f4df35c5cf34a4525cc91', 0),
(221, 'Ian', 'Jones', 'Ian.Jones1774316281@yahoo.com', 'd3fdbc00ee13b041c4d9f15f22212bc1', 0),
(222, 'Andrea', 'Hardacre', 'Hardacre.A286313264@aol.net', '8244a0cb78d59a89844b331d38b23d3a', 0),
(223, 'Sam', 'Watson', 'WatsonSam1623271598@gmail.com', '70622488a33632d13be5b8dc381943bf', 0),
(224, 'Alexander', 'Cornish', 'Cornish.A160638805@gmail.com', '60cbae73f7eadc8dfd0abb7b73ee6e15', 0),
(225, 'John', 'Davidson', 'Davidson.J1819138501@hotmail.com', '795afa3ea2659073a569d179a299721f', 0),
(226, 'Emily', 'Lyman', 'Lyman.Emily1956149752@aol.net', 'fe35a06c0e3525ceeac7308381c68dc2', 0),
(227, 'Jason', 'Martin', 'Martin.Jason2117973112@aol.net', 'bd4d66fd8ee69672b00086203e1fc7ac', 0),
(228, 'Chloe', 'Simpson', 'Simpson.Chloe1167866690@gmail.com', 'd315a0d4a37d58bb2f0b552119792a09', 0),
(229, 'Cameron', 'Reid', 'Reid.C606921320@hotmail.com', '6a6f250f344908b5999636dea4bf2da8', 0),
(230, 'Paul', 'Blake', 'Blake.P1815155940@gmail.com', '777c43d2e0d1a6e4121c754d9fefd4d3', 0),
(231, 'Amanda', 'May', 'May.A1483253747@outlook.com', '25512fc5cb23ddf40a762ddd6c140289', 0),
(232, 'Molly', 'Edmunds', 'Edmunds.M249962405@outlook.com', '6a32d0775217e0f12f7dfd351e906a7f', 0),
(233, 'David', 'Kerr', 'Kerr.D1002252850@yahoo.com', '3363ce405039c027472ddcc1429335ca', 0),
(234, 'Alexander', 'Hill', 'Hill.A1397274991@yahoo.com', 'fb678bf12caa3250ff92986d067ab79e', 0),
(235, 'Stewart', 'Morgan', 'Morgan.Stewart2128852951@outlook.com', '8e12b8d558bf59f89aa0c2467d724c9f', 0),
(236, 'Amy', 'Clark', 'Clark.Amy512068970@gmail.com', '444b9434e0c990e3f36e8f39920420d0', 0),
(237, 'Jason', 'Dowd', 'Dowd.Jason1554883194@hotmail.com', 'd797898be470ab1294168a876050f02a', 0),
(238, 'Nicholas', 'Nash', 'Nash.N1338551412@hotmail.com', '7c76a13dc740e33d8c6c3db128d3a731', 0),
(239, 'Pippa', 'Duncan', 'Duncan.P407715679@gmail.com', '0b8a1c8119bb24598cc3ce7f54f6862b', 0),
(240, 'Evan', 'Morrison', 'Morrison.E1441997120@outlook.com', '38b739c343a2604178ca413fbf98919b', 0),
(241, 'Neil', 'Young', 'Neil.Young399712671@hotmail.com', 'ed3aa5e179560b041a42d2607903efc5', 0),
(242, 'Andrew', 'Mills', 'Andrew.M683466043@gmail.com', '59683e89c40a44d872d9f14a0c592bcc', 0),
(243, 'Joanne', 'Burgess', 'Burgess.Joanne883055353@aol.net', 'b409c5417377265ed719f21a1543ae45', 0),
(244, 'Warren', 'Powell', 'Powell.Warren1000398405@outlook.com', 'd03a943e6b53ca4f8bd1470384a204c6', 0),
(245, 'Simon', 'Ball', 'Ball.Simon105194173@gmail.com', 'e3c450b21e23a2601639d669c6c5081c', 0),
(246, 'Grace', 'Wilkins', 'Grace.W2057163597@hotmail.com', '8422ad98279a58c0c6e9900c5a11ebb2', 0),
(247, 'Sam', 'Scott', 'Scott.S1107434939@outlook.com', '47685378d579555e08bbd9ed11fd3b0c', 0),
(248, 'Elizabeth', 'Bell', 'Bell.Elizabeth1887057472@hotmail.com', '0981ed00255ed6f9f873474991bc719d', 0),
(249, 'Stewart', 'Ogden', 'Ogden.S1502756628@hotmail.com', 'e440d0ec1e1a1715e22145731197596b', 0),
(250, 'Gabrielle', 'Hill', 'Hill.G1781176810@aol.net', '9650a72b02a8e0e4e3a52e7f48ff7512', 0),
(251, 'Jorge', 'Aguiniga', 'jorge.aguiniga94@gmail.com', '5f4dcc3b5aa765d61d8327deb882cf99', 0);

-- --------------------------------------------------------

--
-- Table structure for table `user_location`
--

CREATE TABLE `user_location` (
  `user_id` bigint(20) NOT NULL,
  `location_id` bigint(20) NOT NULL
) ENGINE=InnoDB DEFAULT CHARSET=latin1;

--
-- Indexes for dumped tables
--

--
-- Indexes for table `attendee`
--
ALTER TABLE `attendee`
  ADD PRIMARY KEY (`attendee_id`);

--
-- Indexes for table `bulletin`
--
ALTER TABLE `bulletin`
  ADD PRIMARY KEY (`bulletin_id`);

--
-- Indexes for table `event`
--
ALTER TABLE `event`
  ADD PRIMARY KEY (`event_id`);

--
-- Indexes for table `location`
--
ALTER TABLE `location`
  ADD PRIMARY KEY (`location_id`);

--
-- Indexes for table `member`
--
ALTER TABLE `member`
  ADD PRIMARY KEY (`member_id`);

--
-- Indexes for table `organization`
--
ALTER TABLE `organization`
  ADD PRIMARY KEY (`org_id`);

--
-- Indexes for table `owner`
--
ALTER TABLE `owner`
  ADD PRIMARY KEY (`owner_id`);

--
-- Indexes for table `tag`
--
ALTER TABLE `tag`
  ADD PRIMARY KEY (`tag_id`);

--
-- Indexes for table `user`
--
ALTER TABLE `user`
  ADD PRIMARY KEY (`user_id`);

--
-- AUTO_INCREMENT for dumped tables
--

--
-- AUTO_INCREMENT for table `attendee`
--
ALTER TABLE `attendee`
  MODIFY `attendee_id` bigint(20) NOT NULL AUTO_INCREMENT, AUTO_INCREMENT=803;
--
-- AUTO_INCREMENT for table `bulletin`
--
ALTER TABLE `bulletin`
  MODIFY `bulletin_id` bigint(20) NOT NULL AUTO_INCREMENT;
--
-- AUTO_INCREMENT for table `event`
--
ALTER TABLE `event`
  MODIFY `event_id` bigint(20) NOT NULL AUTO_INCREMENT, AUTO_INCREMENT=801;
--
-- AUTO_INCREMENT for table `location`
--
ALTER TABLE `location`
  MODIFY `location_id` bigint(20) NOT NULL AUTO_INCREMENT, AUTO_INCREMENT=1022;
--
-- AUTO_INCREMENT for table `member`
--
ALTER TABLE `member`
  MODIFY `member_id` bigint(20) NOT NULL AUTO_INCREMENT, AUTO_INCREMENT=809;
--
-- AUTO_INCREMENT for table `organization`
--
ALTER TABLE `organization`
  MODIFY `org_id` bigint(20) NOT NULL AUTO_INCREMENT, AUTO_INCREMENT=808;
--
-- AUTO_INCREMENT for table `owner`
--
ALTER TABLE `owner`
  MODIFY `owner_id` bigint(20) NOT NULL AUTO_INCREMENT, AUTO_INCREMENT=808;
--
-- AUTO_INCREMENT for table `tag`
--
ALTER TABLE `tag`
  MODIFY `tag_id` bigint(20) NOT NULL AUTO_INCREMENT, AUTO_INCREMENT=6;
--
-- AUTO_INCREMENT for table `user`
--
ALTER TABLE `user`
  MODIFY `user_id` bigint(20) NOT NULL AUTO_INCREMENT, AUTO_INCREMENT=252;
/*!40101 SET CHARACTER_SET_CLIENT=@OLD_CHARACTER_SET_CLIENT */;
/*!40101 SET CHARACTER_SET_RESULTS=@OLD_CHARACTER_SET_RESULTS */;
/*!40101 SET COLLATION_CONNECTION=@OLD_COLLATION_CONNECTION */;
