--
-- Database: `campfire`
--

-- --------------------------------------------------------

--
-- Table structure for table `attendee`
--

CREATE TABLE `attendee` (
  `attendee_id` bigint(20) NOT NULL,
  `user_id` bigint(20) NOT NULL,
  `event_id` bigint(20) NOT NULL
) ENGINE=InnoDB DEFAULT CHARSET=latin1;

-- --------------------------------------------------------

--
-- Table structure for table `event`
--

CREATE TABLE `event` (
  `event_id` bigint(20) NOT NULL,
  `event_description` text NOT NULL,
  `event_begin_datetime` datetime NOT NULL,
  `event_end_datetime` datetime NOT NULL,
  `event_picture` text NOT NULL
) ENGINE=InnoDB DEFAULT CHARSET=latin1;

-- --------------------------------------------------------

--
-- Table structure for table `event_location`
--

CREATE TABLE `event_location` (
  `event_id` bigint(20) NOT NULL,
  `location_id` bigint(20) NOT NULL
) ENGINE=InnoDB DEFAULT CHARSET=latin1;

-- --------------------------------------------------------

--
-- Table structure for table `location`
--

CREATE TABLE `location` (
  `location_id` bigint(20) NOT NULL,
  `address_one` varchar(255) NOT NULL,
  `address_two` varchar(255) NOT NULL,
  `city` varchar(255) NOT NULL,
  `state` varchar(255) NOT NULL,
  `zipcode` varchar(10) NOT NULL,
  `geolat` varchar(255) NOT NULL,
  `geolng` varchar(255) NOT NULL
) ENGINE=InnoDB DEFAULT CHARSET=latin1;

--
-- Dumping data for table `location`
--

INSERT INTO `location` (`location_id`, `address_one`, `address_two`, `city`, `state`, `zipcode`, `geolat`, `geolng`) VALUES
(1, '', '', 'San Jose', 'California', '95126', '37.3290122', '-121.9160211'),
(2, '', '', '', '', '9512695126', '', '');

-- --------------------------------------------------------

--
-- Table structure for table `member`
--

CREATE TABLE `member` (
  `member_id` bigint(20) NOT NULL,
  `user_id` bigint(20) NOT NULL,
  `org_id` bigint(20) NOT NULL
) ENGINE=InnoDB DEFAULT CHARSET=latin1;

--
-- Dumping data for table `member`
--

INSERT INTO `member` (`member_id`, `user_id`, `org_id`) VALUES
(1, 2, 1),
(2, 2, 2),
(3, 2, 3),
(4, 2, 4),
(5, 2, 5),
(6, 2, 6),
(7, 2, 7),
(8, 2, 8),
(9, 2, 9),
(10, 2, 10),
(11, 2, 11),
(12, 2, 12),
(13, 2, 13),
(14, 2, 14),
(15, 2, 15),
(16, 2, 16),
(17, 2, 17),
(18, 2, 18),
(19, 2, 19),
(20, 2, 20),
(21, 2, 21),
(22, 2, 22),
(23, 2, 23),
(24, 2, 24),
(25, 2, 25),
(26, 2, 26),
(27, 2, 27),
(28, 2, 28),
(29, 2, 29),
(30, 2, 30),
(31, 2, 31),
(32, 2, 32),
(33, 2, 33),
(34, 2, 34),
(35, 2, 35),
(36, 2, 36),
(37, 2, 37),
(38, 2, 38),
(39, 2, 39),
(40, 2, 40),
(41, 2, 41),
(42, 2, 42),
(43, 2, 43),
(44, 2, 44),
(45, 2, 45),
(46, 2, 46),
(47, 2, 47),
(48, 2, 48),
(49, 2, 49),
(50, 2, 50),
(51, 2, 51),
(52, 2, 52),
(53, 2, 53),
(54, 2, 54),
(55, 2, 55),
(56, 2, 56),
(57, 2, 57),
(58, 2, 58),
(59, 2, 59),
(60, 2, 60),
(61, 2, 61),
(62, 2, 62),
(63, 2, 63),
(64, 2, 64),
(65, 2, 65),
(66, 2, 66),
(67, 2, 67),
(68, 2, 68),
(69, 2, 69),
(70, 2, 70),
(71, 2, 71),
(72, 2, 72),
(73, 2, 73),
(74, 2, 74),
(75, 2, 75),
(76, 2, 76),
(77, 2, 77),
(78, 2, 78),
(79, 2, 79),
(80, 2, 80),
(81, 2, 81),
(82, 2, 82),
(83, 2, 83),
(84, 2, 84),
(85, 2, 85),
(86, 2, 86),
(87, 2, 87),
(88, 2, 89),
(89, 2, 90),
(90, 2, 91),
(91, 2, 92),
(92, 2, 93),
(93, 2, 94),
(94, 2, 95),
(95, 2, 96),
(96, 2, 97),
(97, 2, 98),
(98, 2, 99),
(99, 2, 100),
(100, 2, 101),
(101, 2, 102),
(102, 2, 103),
(103, 2, 104),
(104, 2, 105),
(105, 2, 106),
(106, 2, 107),
(107, 2, 108),
(108, 2, 109),
(109, 2, 110),
(110, 2, 111),
(111, 2, 112),
(112, 2, 113),
(113, 2, 114),
(114, 2, 115),
(115, 2, 116),
(116, 2, 117),
(117, 2, 118),
(118, 2, 119),
(119, 2, 120),
(120, 2, 121),
(121, 2, 122),
(122, 2, 123),
(123, 2, 124),
(124, 2, 125),
(125, 2, 126),
(126, 2, 127),
(127, 2, 128),
(128, 2, 129),
(129, 2, 130),
(130, 2, 131),
(131, 2, 132),
(132, 2, 133),
(133, 2, 134),
(134, 2, 135),
(135, 2, 136),
(136, 2, 137),
(137, 2, 138),
(138, 2, 139),
(139, 2, 140),
(140, 2, 141),
(141, 2, 142),
(142, 2, 143),
(143, 2, 144),
(144, 2, 145),
(145, 2, 146),
(146, 2, 147),
(147, 2, 148),
(148, 2, 149),
(149, 2, 150),
(150, 2, 151),
(151, 2, 152),
(152, 2, 153),
(153, 2, 155),
(154, 2, 156),
(155, 2, 157),
(156, 2, 159),
(157, 2, 160),
(158, 2, 161),
(159, 2, 162),
(160, 2, 163),
(161, 2, 164),
(162, 2, 165),
(163, 2, 166),
(164, 2, 167),
(165, 2, 168),
(166, 2, 169),
(167, 2, 170),
(168, 2, 171),
(169, 2, 172),
(170, 2, 173),
(171, 2, 174),
(172, 2, 175),
(173, 2, 176),
(174, 2, 177),
(175, 2, 178),
(176, 2, 179),
(177, 2, 180),
(178, 2, 181),
(179, 2, 182),
(180, 2, 183),
(181, 2, 184),
(182, 2, 185),
(183, 2, 186),
(184, 2, 187),
(185, 2, 188),
(186, 2, 189),
(187, 2, 190),
(188, 2, 191),
(189, 2, 192),
(190, 2, 193),
(191, 2, 194),
(192, 2, 195),
(193, 2, 196),
(194, 2, 198),
(195, 2, 199),
(196, 2, 200),
(197, 2, 201),
(198, 2, 202),
(199, 2, 203),
(200, 2, 204),
(201, 2, 205),
(202, 2, 206),
(203, 2, 207),
(204, 2, 208),
(205, 2, 209),
(206, 2, 210),
(207, 2, 211),
(208, 2, 212),
(209, 2, 213),
(210, 2, 214),
(211, 2, 215),
(212, 2, 216),
(213, 2, 217),
(214, 2, 218),
(215, 2, 219),
(216, 2, 220),
(217, 2, 221),
(218, 2, 222),
(219, 2, 223),
(220, 2, 224),
(221, 2, 225),
(222, 2, 226),
(223, 2, 227),
(224, 2, 228),
(225, 2, 229),
(226, 2, 230),
(227, 2, 231),
(228, 2, 232),
(229, 2, 233),
(230, 2, 234),
(231, 2, 235),
(232, 2, 236),
(233, 2, 237),
(234, 2, 238),
(235, 2, 239),
(236, 2, 240),
(237, 2, 241),
(238, 2, 242),
(239, 2, 243),
(240, 2, 244),
(241, 2, 245),
(242, 2, 246),
(243, 2, 247),
(244, 2, 248),
(245, 2, 249),
(246, 2, 250),
(247, 2, 251),
(248, 2, 252),
(249, 2, 253),
(250, 2, 254);

-- --------------------------------------------------------

--
-- Table structure for table `organization`
--

CREATE TABLE `organization` (
  `org_id` bigint(20) NOT NULL,
  `org_title` varchar(255) NOT NULL,
  `org_description` text NOT NULL,
  `org_picture` varchar(255) NOT NULL
) ENGINE=InnoDB DEFAULT CHARSET=latin1;

--
-- Dumping data for table `organization`
--

INSERT INTO `organization` (`org_id`, `org_title`, `org_description`, `org_picture`) VALUES
(1, 'The Trump 001', 'Trump Supporters for San Jose!\r\nTRUMP 2016!!!', 'Troy1478047324.jpg'),
(2, 'The Trump 002', 'Trump Supporters for San Jose!\r\nTRUMP 2016!!!', 'Troy1478047328.jpg'),
(3, 'The Trump 003', 'Trump Supporters for San Jose!\r\nTRUMP 2016!!!', 'Troy1478047332.jpg'),
(4, 'The Trump 004', 'Trump Supporters for San Jose!\r\nTRUMP 2016!!!', 'Troy1478047336.jpg'),
(5, 'The Trump 005', 'Trump Supporters for San Jose!\r\nTRUMP 2016!!!', 'Troy1478047340.jpg'),
(6, 'The Trump 006', 'Trump Supporters for San Jose!\r\nTRUMP 2016!!!', 'Troy1478047344.jpg'),
(7, 'The Trump 007', 'Trump Supporters for San Jose!\r\nTRUMP 2016!!!', 'Troy1478047348.jpg'),
(8, 'The Trump 008', 'Trump Supporters for San Jose!\r\nTRUMP 2016!!!', 'Troy1478047352.jpg'),
(9, 'The Trump 009', 'Trump Supporters for San Jose!\r\nTRUMP 2016!!!', 'Troy1478047356.jpg'),
(10, 'The Trump 010', 'Trump Supporters for San Jose!\r\nTRUMP 2016!!!', 'Troy1478047360.jpg'),
(11, 'The Trump 011', 'Trump Supporters for San Jose!\r\nTRUMP 2016!!!', 'Troy1478047364.jpg'),
(12, 'The Trump 012', 'Trump Supporters for San Jose!\r\nTRUMP 2016!!!', 'Troy1478047368.jpg'),
(13, 'The Trump 013', 'Trump Supporters for San Jose!\r\nTRUMP 2016!!!', 'Troy1478047372.jpg'),
(14, 'The Trump 014', 'Trump Supporters for San Jose!\r\nTRUMP 2016!!!', 'Troy1478047376.jpg'),
(15, 'The Trump 015', 'Trump Supporters for San Jose!\r\nTRUMP 2016!!!', 'Troy1478047380.jpg'),
(16, 'The Trump 016', 'Trump Supporters for San Jose!\r\nTRUMP 2016!!!', 'Troy1478047384.jpg'),
(17, 'The Trump 017', 'Trump Supporters for San Jose!\r\nTRUMP 2016!!!', 'Troy1478047388.jpg'),
(18, 'The Trump 018', 'Trump Supporters for San Jose!\r\nTRUMP 2016!!!', 'Troy1478047392.jpg'),
(19, 'The Trump 019', 'Trump Supporters for San Jose!\r\nTRUMP 2016!!!', 'Troy1478047396.jpg'),
(20, 'The Trump 020', 'Trump Supporters for San Jose!\r\nTRUMP 2016!!!', 'Troy1478047400.jpg'),
(21, 'The Trump 021', 'Trump Supporters for San Jose!\r\nTRUMP 2016!!!', 'Troy1478047404.jpg'),
(22, 'The Trump 022', 'Trump Supporters for San Jose!\r\nTRUMP 2016!!!', 'Troy1478047408.jpg'),
(23, 'The Trump 023', 'Trump Supporters for San Jose!\r\nTRUMP 2016!!!', 'Troy1478047412.jpg'),
(24, 'The Trump 024', 'Trump Supporters for San Jose!\r\nTRUMP 2016!!!', 'Troy1478047415.jpg'),
(25, 'The Trump 025', 'Trump Supporters for San Jose!\r\nTRUMP 2016!!!', 'Troy1478047419.jpg'),
(26, 'The Trump 026', 'Trump Supporters for San Jose!\r\nTRUMP 2016!!!', 'Troy1478047423.jpg'),
(27, 'The Trump 027', 'Trump Supporters for San Jose!\r\nTRUMP 2016!!!', 'Troy1478047427.jpg'),
(28, 'The Trump 028', 'Trump Supporters for San Jose!\r\nTRUMP 2016!!!', 'Troy1478047431.jpg'),
(29, 'The Trump 029', 'Trump Supporters for San Jose!\r\nTRUMP 2016!!!', 'Troy1478047435.jpg'),
(30, 'The Trump 030', 'Trump Supporters for San Jose!\r\nTRUMP 2016!!!', 'Troy1478047439.jpg'),
(31, 'The Trump 031', 'Trump Supporters for San Jose!\r\nTRUMP 2016!!!', 'Troy1478047443.jpg'),
(32, 'The Trump 032', 'Trump Supporters for San Jose!\r\nTRUMP 2016!!!', 'Troy1478047447.jpg'),
(33, 'The Trump 033', 'Trump Supporters for San Jose!\r\nTRUMP 2016!!!', 'Troy1478047451.jpg'),
(34, 'The Trump 034', 'Trump Supporters for San Jose!\r\nTRUMP 2016!!!', 'Troy1478047454.jpg'),
(35, 'The Trump 035', 'Trump Supporters for San Jose!\r\nTRUMP 2016!!!', 'Troy1478047458.jpg'),
(36, 'The Trump 036', 'Trump Supporters for San Jose!\r\nTRUMP 2016!!!', 'Troy1478047462.jpg'),
(37, 'The Trump 037', 'Trump Supporters for San Jose!\r\nTRUMP 2016!!!', 'Troy1478047466.jpg'),
(38, 'The Trump 038', 'Trump Supporters for San Jose!\r\nTRUMP 2016!!!', 'Troy1478047470.jpg'),
(39, 'The Trump 039', 'Trump Supporters for San Jose!\r\nTRUMP 2016!!!', 'Troy1478047473.jpg'),
(40, 'The Trump 040', 'Trump Supporters for San Jose!\r\nTRUMP 2016!!!', 'Troy1478047477.jpg'),
(41, 'The Trump 041', 'Trump Supporters for San Jose!\r\nTRUMP 2016!!!', 'Troy1478047482.jpg'),
(42, 'The Trump 042', 'Trump Supporters for San Jose!\r\nTRUMP 2016!!!', 'Troy1478047485.jpg'),
(43, 'The Trump 043', 'Trump Supporters for San Jose!\r\nTRUMP 2016!!!', 'Troy1478047489.jpg'),
(44, 'The Trump 044', 'Trump Supporters for San Jose!\r\nTRUMP 2016!!!', 'Troy1478047493.jpg'),
(45, 'The Trump 045', 'Trump Supporters for San Jose!\r\nTRUMP 2016!!!', 'Troy1478047497.jpg'),
(46, 'The Trump 046', 'Trump Supporters for San Jose!\r\nTRUMP 2016!!!', 'Troy1478047501.jpg'),
(47, 'The Trump 047', 'Trump Supporters for San Jose!\r\nTRUMP 2016!!!', 'Troy1478047504.jpg'),
(48, 'The Trump 048', 'Trump Supporters for San Jose!\r\nTRUMP 2016!!!', 'Troy1478047508.jpg'),
(49, 'The Trump 049', 'Trump Supporters for San Jose!\r\nTRUMP 2016!!!', 'Troy1478047512.jpg'),
(50, 'The Trump 050', 'Trump Supporters for San Jose!\r\nTRUMP 2016!!!', 'Troy1478047516.jpg'),
(51, 'The Trump 051', 'Trump Supporters for San Jose!\r\nTRUMP 2016!!!', 'Troy1478047520.jpg'),
(52, 'The Trump 052', 'Trump Supporters for San Jose!\r\nTRUMP 2016!!!', 'Troy1478047523.jpg'),
(53, 'The Trump 053', 'Trump Supporters for San Jose!\r\nTRUMP 2016!!!', 'Troy1478047527.jpg'),
(54, 'The Trump 054', 'Trump Supporters for San Jose!\r\nTRUMP 2016!!!', 'Troy1478047531.jpg'),
(55, 'The Trump 055', 'Trump Supporters for San Jose!\r\nTRUMP 2016!!!', 'Troy1478047535.jpg'),
(56, 'The Trump 056', 'Trump Supporters for San Jose!\r\nTRUMP 2016!!!', 'Troy1478047539.jpg'),
(57, 'The Trump 057', 'Trump Supporters for San Jose!\r\nTRUMP 2016!!!', 'Troy1478047542.jpg'),
(58, 'The Trump 058', 'Trump Supporters for San Jose!\r\nTRUMP 2016!!!', 'Troy1478047546.jpg'),
(59, 'The Trump 059', 'Trump Supporters for San Jose!\r\nTRUMP 2016!!!', 'Troy1478047550.jpg'),
(60, 'The Trump 060', 'Trump Supporters for San Jose!\r\nTRUMP 2016!!!', 'Troy1478047554.jpg'),
(61, 'The Trump 061', 'Trump Supporters for San Jose!\r\nTRUMP 2016!!!', 'Troy1478047558.jpg'),
(62, 'The Trump 062', 'Trump Supporters for San Jose!\r\nTRUMP 2016!!!', 'Troy1478047562.jpg'),
(63, 'The Trump 063', 'Trump Supporters for San Jose!\r\nTRUMP 2016!!!', 'Troy1478047566.jpg'),
(64, 'The Trump 064', 'Trump Supporters for San Jose!\r\nTRUMP 2016!!!', 'Troy1478047569.jpg'),
(65, 'The Trump 065', 'Trump Supporters for San Jose!\r\nTRUMP 2016!!!', 'Troy1478047573.jpg'),
(66, 'The Trump 066', 'Trump Supporters for San Jose!\r\nTRUMP 2016!!!', 'Troy1478047577.jpg'),
(67, 'The Trump 067', 'Trump Supporters for San Jose!\r\nTRUMP 2016!!!', 'Troy1478047581.jpg'),
(68, 'The Trump 068', 'Trump Supporters for San Jose!\r\nTRUMP 2016!!!', 'Troy1478047585.jpg'),
(69, 'The Trump 069', 'Trump Supporters for San Jose!\r\nTRUMP 2016!!!', 'Troy1478047588.jpg'),
(70, 'The Trump 070', 'Trump Supporters for San Jose!\r\nTRUMP 2016!!!', 'Troy1478047592.jpg'),
(71, 'The Trump 071', 'Trump Supporters for San Jose!\r\nTRUMP 2016!!!', 'Troy1478047596.jpg'),
(72, 'The Trump 072', 'Trump Supporters for San Jose!\r\nTRUMP 2016!!!', 'Troy1478047599.jpg'),
(73, 'The Trump 073', 'Trump Supporters for San Jose!\r\nTRUMP 2016!!!', 'Troy1478047603.jpg'),
(74, 'The Trump 074', 'Trump Supporters for San Jose!\r\nTRUMP 2016!!!', 'Troy1478047607.jpg'),
(75, 'The Trump 075', 'Trump Supporters for San Jose!\r\nTRUMP 2016!!!', 'Troy1478047610.jpg'),
(76, 'The Trump 076', 'Trump Supporters for San Jose!\r\nTRUMP 2016!!!', 'Troy1478047614.jpg'),
(77, 'The Trump 077', 'Trump Supporters for San Jose!\r\nTRUMP 2016!!!', 'Troy1478047630.jpg'),
(78, 'The Trump 078', 'Trump Supporters for San Jose!\r\nTRUMP 2016!!!', 'Troy1478047634.jpg'),
(79, 'The Trump 079', 'Trump Supporters for San Jose!\r\nTRUMP 2016!!!', 'Troy1478047638.jpg'),
(80, 'The Trump 080', 'Trump Supporters for San Jose!\r\nTRUMP 2016!!!', 'Troy1478047642.jpg'),
(81, 'The Trump 081', 'Trump Supporters for San Jose!\r\nTRUMP 2016!!!', 'Troy1478047646.jpg'),
(82, 'The Trump 082', 'Trump Supporters for San Jose!\r\nTRUMP 2016!!!', 'Troy1478047650.jpg'),
(83, 'The Trump 083', 'Trump Supporters for San Jose!\r\nTRUMP 2016!!!', 'Troy1478047654.jpg'),
(84, 'The Trump 084', 'Trump Supporters for San Jose!\r\nTRUMP 2016!!!', 'Troy1478047658.jpg'),
(85, 'The Trump 085', 'Trump Supporters for San Jose!\r\nTRUMP 2016!!!', 'Troy1478047662.jpg'),
(86, 'The Trump 086', 'Trump Supporters for San Jose!\r\nTRUMP 2016!!!', 'Troy1478047666.jpg'),
(87, 'The Trump 087', 'Trump Supporters for San Jose!\r\nTRUMP 2016!!!', 'Troy1478047670.jpg'),
(88, 'The Trump 088The Trump 089', 'Trump Supporters for San Jose!\r\nTRUMP 2016!!!', 'Troy1478047678.jpg'),
(89, 'The Trump 088', 'Trump Supporters for San Jose!\r\nTRUMP 2016!!!', 'Troy1478047793.jpg'),
(90, 'The Trump 089', 'Trump Supporters for San Jose!\r\nTRUMP 2016!!!', 'Troy1478047797.jpg'),
(91, 'The Trump 090', 'Trump Supporters for San Jose!\r\nTRUMP 2016!!!', 'Troy1478047801.jpg'),
(92, 'The Trump 091', 'Trump Supporters for San Jose!\r\nTRUMP 2016!!!', 'Troy1478047805.jpg'),
(93, 'The Trump 092', 'Trump Supporters for San Jose!\r\nTRUMP 2016!!!', 'Troy1478047808.jpg'),
(94, 'The Trump 093', 'Trump Supporters for San Jose!\r\nTRUMP 2016!!!', 'Troy1478047813.jpg'),
(95, 'The Trump 094', 'Trump Supporters for San Jose!\r\nTRUMP 2016!!!', 'Troy1478047817.jpg'),
(96, 'The Trump 095', 'Trump Supporters for San Jose!\r\nTRUMP 2016!!!', 'Troy1478047821.jpg'),
(97, 'The Trump 096', 'Trump Supporters for San Jose!\r\nTRUMP 2016!!!', 'Troy1478047825.jpg'),
(98, 'The Trump 097', 'Trump Supporters for San Jose!\r\nTRUMP 2016!!!', 'Troy1478047828.jpg'),
(99, 'The Trump 098', 'Trump Supporters for San Jose!\r\nTRUMP 2016!!!', 'Troy1478047832.jpg'),
(100, 'The Trump 099', 'Trump Supporters for San Jose!\r\nTRUMP 2016!!!', 'Troy1478047836.jpg'),
(101, 'The Trump 100', 'Trump Supporters for San Jose!\r\nTRUMP 2016!!!', 'Troy1478047840.jpg'),
(102, 'The Trump 101', 'Trump Supporters for San Jose!\r\nTRUMP 2016!!!', 'Troy1478047844.jpg'),
(103, 'The Trump 102', 'Trump Supporters for San Jose!\r\nTRUMP 2016!!!', 'Troy1478047848.jpg'),
(104, 'The Trump 103', 'Trump Supporters for San Jose!\r\nTRUMP 2016!!!', 'Troy1478047851.jpg'),
(105, 'The Trump 104', 'Trump Supporters for San Jose!\r\nTRUMP 2016!!!', 'Troy1478047855.jpg'),
(106, 'The Trump 105', 'Trump Supporters for San Jose!\r\nTRUMP 2016!!!', 'Troy1478047859.jpg'),
(107, 'The Trump 106', 'Trump Supporters for San Jose!\r\nTRUMP 2016!!!', 'Troy1478047863.jpg'),
(108, 'The Trump 107', 'Trump Supporters for San Jose!\r\nTRUMP 2016!!!', 'Troy1478047866.jpg'),
(109, 'The Trump 108', 'Trump Supporters for San Jose!\r\nTRUMP 2016!!!', 'Troy1478047870.jpg'),
(110, 'The Trump 109', 'Trump Supporters for San Jose!\r\nTRUMP 2016!!!', 'Troy1478047874.jpg'),
(111, 'The Trump 110', 'Trump Supporters for San Jose!\r\nTRUMP 2016!!!', 'Troy1478047878.jpg'),
(112, 'The Trump 111', 'Trump Supporters for San Jose!\r\nTRUMP 2016!!!', 'Troy1478047881.jpg'),
(113, 'The Trump 112', 'Trump Supporters for San Jose!\r\nTRUMP 2016!!!', 'Troy1478047885.jpg'),
(114, 'The Trump 113', 'Trump Supporters for San Jose!\r\nTRUMP 2016!!!', 'Troy1478047889.jpg'),
(115, 'The Trump 114', 'Trump Supporters for San Jose!\r\nTRUMP 2016!!!', 'Troy1478047893.jpg'),
(116, 'The Trump 115', 'Trump Supporters for San Jose!\r\nTRUMP 2016!!!', 'Troy1478047897.jpg'),
(117, 'The Trump 116', 'Trump Supporters for San Jose!\r\nTRUMP 2016!!!', 'Troy1478047900.jpg'),
(118, 'The Trump 117', 'Trump Supporters for San Jose!\r\nTRUMP 2016!!!', 'Troy1478047904.jpg'),
(119, 'The Trump 118', 'Trump Supporters for San Jose!\r\nTRUMP 2016!!!', 'Troy1478047908.jpg'),
(120, 'The Trump 119', 'Trump Supporters for San Jose!\r\nTRUMP 2016!!!', 'Troy1478047911.jpg'),
(121, 'The Trump 120', 'Trump Supporters for San Jose!\r\nTRUMP 2016!!!', 'Troy1478047915.jpg'),
(122, 'The Trump 121', 'Trump Supporters for San Jose!\r\nTRUMP 2016!!!', 'Troy1478047919.jpg'),
(123, 'The Trump 122', 'Trump Supporters for San Jose!\r\nTRUMP 2016!!!', 'Troy1478047923.jpg'),
(124, 'The Trump 123', 'Trump Supporters for San Jose!\r\nTRUMP 2016!!!', 'Troy1478047927.jpg'),
(125, 'The Trump 124', 'Trump Supporters for San Jose!\r\nTRUMP 2016!!!', 'Troy1478047931.jpg'),
(126, 'The Trump 125', 'Trump Supporters for San Jose!\r\nTRUMP 2016!!!', 'Troy1478047935.jpg'),
(127, 'The Trump 126', 'Trump Supporters for San Jose!\r\nTRUMP 2016!!!', 'Troy1478047939.jpg'),
(128, 'The Trump 127', 'Trump Supporters for San Jose!\r\nTRUMP 2016!!!', 'Troy1478047942.jpg'),
(129, 'The Trump 128', 'Trump Supporters for San Jose!\r\nTRUMP 2016!!!', 'Troy1478047946.jpg'),
(130, 'The Trump 129', 'Trump Supporters for San Jose!\r\nTRUMP 2016!!!', 'Troy1478047950.jpg'),
(131, 'The Trump 130', 'Trump Supporters for San Jose!\r\nTRUMP 2016!!!', 'Troy1478047954.jpg'),
(132, 'The Trump 131', 'Trump Supporters for San Jose!\r\nTRUMP 2016!!!', 'Troy1478047958.jpg'),
(133, 'The Trump 132', 'Trump Supporters for San Jose!\r\nTRUMP 2016!!!', 'Troy1478047962.jpg'),
(134, 'The Trump 133', 'Trump Supporters for San Jose!\r\nTRUMP 2016!!!', 'Troy1478047966.jpg'),
(135, 'The Trump 134', 'Trump Supporters for San Jose!\r\nTRUMP 2016!!!', 'Troy1478047970.jpg'),
(136, 'The Trump 135', 'Trump Supporters for San Jose!\r\nTRUMP 2016!!!', 'Troy1478047973.jpg'),
(137, 'The Trump 136', 'Trump Supporters for San Jose!\r\nTRUMP 2016!!!', 'Troy1478047976.jpg'),
(138, 'The Trump 137', 'Trump Supporters for San Jose!\r\nTRUMP 2016!!!', 'Troy1478047980.jpg'),
(139, 'The Trump 138', 'Trump Supporters for San Jose!\r\nTRUMP 2016!!!', 'Troy1478047984.jpg'),
(140, 'The Trump 139', 'Trump Supporters for San Jose!\r\nTRUMP 2016!!!', 'Troy1478047988.jpg'),
(141, 'The Trump 140', 'Trump Supporters for San Jose!\r\nTRUMP 2016!!!', 'Troy1478047992.jpg'),
(142, 'The Trump 141', 'Trump Supporters for San Jose!\r\nTRUMP 2016!!!', 'Troy1478047995.jpg'),
(143, 'The Trump 142', 'Trump Supporters for San Jose!\r\nTRUMP 2016!!!', 'Troy1478047999.jpg'),
(144, 'The Trump 143', 'Trump Supporters for San Jose!\r\nTRUMP 2016!!!', 'Troy1478048003.jpg'),
(145, 'The Trump 144', 'Trump Supporters for San Jose!\r\nTRUMP 2016!!!', 'Troy1478048006.jpg'),
(146, 'The Trump 145', 'Trump Supporters for San Jose!\r\nTRUMP 2016!!!', 'Troy1478048010.jpg'),
(147, 'The Trump 146', 'Trump Supporters for San Jose!\r\nTRUMP 2016!!!', 'Troy1478048014.jpg'),
(148, 'The Trump 147', 'Trump Supporters for San Jose!\r\nTRUMP 2016!!!', 'Troy1478048018.jpg'),
(149, 'The Trump 148', 'Trump Supporters for San Jose!\r\nTRUMP 2016!!!', 'Troy1478048022.jpg'),
(150, 'The Trump 149', 'Trump Supporters for San Jose!\r\nTRUMP 2016!!!', 'Troy1478048025.jpg'),
(151, 'The Trump 150', 'Trump Supporters for San Jose!\r\nTRUMP 2016!!!', 'Troy1478048029.jpg'),
(152, 'The Trump 151', 'Trump Supporters for San Jose!\r\nTRUMP 2016!!!', 'Troy1478048034.jpg'),
(153, 'The Trump 152', 'Trump Supporters for San Jose!\r\nTRUMP 2016!!!', 'Troy1478048038.jpg'),
(154, 'The Trump 153The Trump 154', 'Trump Supporters for San Jose!\r\nTRUMP 2016!!!', 'Troy1478048045.jpg'),
(155, 'The Trump 153', 'Trump Supporters for San Jose!\r\nTRUMP 2016!!!', 'Troy1478048102.jpg'),
(156, 'The Trump 154', 'Trump Supporters for San Jose!\r\nTRUMP 2016!!!', 'Troy1478048106.jpg'),
(157, 'The Trump 155', 'Trump Supporters for San Jose!\r\nTRUMP 2016!!!', 'Troy1478048110.jpg'),
(158, 'The Trump 156The Trump 157', 'Trump Supporters for San Jose!\r\nTRUMP 2016!!!', 'Troy1478048118.jpg'),
(159, 'The Trump 156', 'Trump Supporters for San Jose!\r\nTRUMP 2016!!!', 'Troy1478048275.jpg'),
(160, 'The Trump 157', 'Trump Supporters for San Jose!\r\nTRUMP 2016!!!', 'Troy1478048279.jpg'),
(161, 'The Trump 158', 'Trump Supporters for San Jose!\r\nTRUMP 2016!!!', 'Troy1478048283.jpg'),
(162, 'The Trump 159', 'Trump Supporters for San Jose!\r\nTRUMP 2016!!!', 'Troy1478048288.jpg'),
(163, 'The Trump 160', 'Trump Supporters for San Jose!\r\nTRUMP 2016!!!', 'Troy1478048292.jpg'),
(164, 'The Trump 161', 'Trump Supporters for San Jose!\r\nTRUMP 2016!!!', 'Troy1478048296.jpg'),
(165, 'The Trump 162', 'Trump Supporters for San Jose!\r\nTRUMP 2016!!!', 'Troy1478048300.jpg'),
(166, 'The Trump 163', 'Trump Supporters for San Jose!\r\nTRUMP 2016!!!', 'Troy1478048304.jpg'),
(167, 'The Trump 164', 'Trump Supporters for San Jose!\r\nTRUMP 2016!!!', 'Troy1478048309.jpg'),
(168, 'The Trump 165', 'Trump Supporters for San Jose!\r\nTRUMP 2016!!!', 'Troy1478048313.jpg'),
(169, 'The Trump 166', 'Trump Supporters for San Jose!\r\nTRUMP 2016!!!', 'Troy1478048317.jpg'),
(170, 'The Trump 167', 'Trump Supporters for San Jose!\r\nTRUMP 2016!!!', 'Troy1478048321.jpg'),
(171, 'The Trump 168', 'Trump Supporters for San Jose!\r\nTRUMP 2016!!!', 'Troy1478048325.jpg'),
(172, 'The Trump 169', 'Trump Supporters for San Jose!\r\nTRUMP 2016!!!', 'Troy1478048328.jpg'),
(173, 'The Trump 170', 'Trump Supporters for San Jose!\r\nTRUMP 2016!!!', 'Troy1478048332.jpg'),
(174, 'The Trump 171', 'Trump Supporters for San Jose!\r\nTRUMP 2016!!!', 'Troy1478048336.jpg'),
(175, 'The Trump 172', 'Trump Supporters for San Jose!\r\nTRUMP 2016!!!', 'Troy1478048340.jpg'),
(176, 'The Trump 173', 'Trump Supporters for San Jose!\r\nTRUMP 2016!!!', 'Troy1478048343.jpg'),
(177, 'The Trump 174', 'Trump Supporters for San Jose!\r\nTRUMP 2016!!!', 'Troy1478048347.jpg'),
(178, 'The Trump 175', 'Trump Supporters for San Jose!\r\nTRUMP 2016!!!', 'Troy1478048351.jpg'),
(179, 'The Trump 176', 'Trump Supporters for San Jose!\r\nTRUMP 2016!!!', 'Troy1478048355.jpg'),
(180, 'The Trump 177', 'Trump Supporters for San Jose!\r\nTRUMP 2016!!!', 'Troy1478048358.jpg'),
(181, 'The Trump 178', 'Trump Supporters for San Jose!\r\nTRUMP 2016!!!', 'Troy1478048363.jpg'),
(182, 'The Trump 179', 'Trump Supporters for San Jose!\r\nTRUMP 2016!!!', 'Troy1478048367.jpg'),
(183, 'The Trump 180', 'Trump Supporters for San Jose!\r\nTRUMP 2016!!!', 'Troy1478048370.jpg'),
(184, 'The Trump 181', 'Trump Supporters for San Jose!\r\nTRUMP 2016!!!', 'Troy1478048374.jpg'),
(185, 'The Trump 182', 'Trump Supporters for San Jose!\r\nTRUMP 2016!!!', 'Troy1478048378.jpg'),
(186, 'The Trump 183', 'Trump Supporters for San Jose!\r\nTRUMP 2016!!!', 'Troy1478048382.jpg'),
(187, 'The Trump 184', 'Trump Supporters for San Jose!\r\nTRUMP 2016!!!', 'Troy1478048386.jpg'),
(188, 'The Trump 185', 'Trump Supporters for San Jose!\r\nTRUMP 2016!!!', 'Troy1478048390.jpg'),
(189, 'The Trump 186', 'Trump Supporters for San Jose!\r\nTRUMP 2016!!!', 'Troy1478048394.jpg'),
(190, 'The Trump 187', 'Trump Supporters for San Jose!\r\nTRUMP 2016!!!', 'Troy1478048397.jpg'),
(191, 'The Trump 188', 'Trump Supporters for San Jose!\r\nTRUMP 2016!!!', 'Troy1478048401.jpg'),
(192, 'The Trump 189', 'Trump Supporters for San Jose!\r\nTRUMP 2016!!!', 'Troy1478048405.jpg'),
(193, 'The Trump 190', 'Trump Supporters for San Jose!\r\nTRUMP 2016!!!', 'Troy1478048409.jpg'),
(194, 'The Trump 191', 'Trump Supporters for San Jose!\r\nTRUMP 2016!!!', 'Troy1478048413.jpg'),
(195, 'The Trump 192', 'Trump Supporters for San Jose!\r\nTRUMP 2016!!!', 'Troy1478048416.jpg'),
(196, 'The Trump 193', 'Trump Supporters for San Jose!\r\nTRUMP 2016!!!', 'Troy1478048420.jpg'),
(197, 'The Trump 194The Trump 195', 'Trump Supporters for San Jose!\r\nTRUMP 2016!!!', 'Troy1478048427.jpg'),
(198, 'The Trump 194', 'Trump Supporters for San Jose!\r\nTRUMP 2016!!!', 'Troy1478048486.jpg'),
(199, 'The Trump 195', 'Trump Supporters for San Jose!\r\nTRUMP 2016!!!', 'Troy1478048490.jpg'),
(200, 'The Trump 196', 'Trump Supporters for San Jose!\r\nTRUMP 2016!!!', 'Troy1478048495.jpg'),
(201, 'The Trump 197', 'Trump Supporters for San Jose!\r\nTRUMP 2016!!!', 'Troy1478048499.jpg'),
(202, 'The Trump 198', 'Trump Supporters for San Jose!\r\nTRUMP 2016!!!', 'Troy1478048503.jpg'),
(203, 'The Trump 199', 'Trump Supporters for San Jose!\r\nTRUMP 2016!!!', 'Troy1478048507.jpg'),
(204, 'The Trump 200', 'Trump Supporters for San Jose!\r\nTRUMP 2016!!!', 'Troy1478048545.jpg'),
(205, 'The Trump 201', 'Trump Supporters for San Jose!\r\nTRUMP 2016!!!', 'Troy1478048549.jpg'),
(206, 'The Trump 202', 'Trump Supporters for San Jose!\r\nTRUMP 2016!!!', 'Troy1478048553.jpg'),
(207, 'The Trump 203', 'Trump Supporters for San Jose!\r\nTRUMP 2016!!!', 'Troy1478048557.jpg'),
(208, 'The Trump 204', 'Trump Supporters for San Jose!\r\nTRUMP 2016!!!', 'Troy1478048561.jpg'),
(209, 'The Trump 205', 'Trump Supporters for San Jose!\r\nTRUMP 2016!!!', 'Troy1478048565.jpg'),
(210, 'The Trump 206', 'Trump Supporters for San Jose!\r\nTRUMP 2016!!!', 'Troy1478048569.jpg'),
(211, 'The Trump 207', 'Trump Supporters for San Jose!\r\nTRUMP 2016!!!', 'Troy1478048573.jpg'),
(212, 'The Trump 208', 'Trump Supporters for San Jose!\r\nTRUMP 2016!!!', 'Troy1478048577.jpg'),
(213, 'The Trump 209', 'Trump Supporters for San Jose!\r\nTRUMP 2016!!!', 'Troy1478048581.jpg'),
(214, 'The Trump 210', 'Trump Supporters for San Jose!\r\nTRUMP 2016!!!', 'Troy1478048585.jpg'),
(215, 'The Trump 211', 'Trump Supporters for San Jose!\r\nTRUMP 2016!!!', 'Troy1478048589.jpg'),
(216, 'The Trump 212', 'Trump Supporters for San Jose!\r\nTRUMP 2016!!!', 'Troy1478048592.jpg'),
(217, 'The Trump 213', 'Trump Supporters for San Jose!\r\nTRUMP 2016!!!', 'Troy1478048596.jpg'),
(218, 'The Trump 214', 'Trump Supporters for San Jose!\r\nTRUMP 2016!!!', 'Troy1478048600.jpg'),
(219, 'The Trump 215', 'Trump Supporters for San Jose!\r\nTRUMP 2016!!!', 'Troy1478048604.jpg'),
(220, 'The Trump 216', 'Trump Supporters for San Jose!\r\nTRUMP 2016!!!', 'Troy1478048607.jpg'),
(221, 'The Trump 217', 'Trump Supporters for San Jose!\r\nTRUMP 2016!!!', 'Troy1478048611.jpg'),
(222, 'The Trump 218', 'Trump Supporters for San Jose!\r\nTRUMP 2016!!!', 'Troy1478048615.jpg'),
(223, 'The Trump 219', 'Trump Supporters for San Jose!\r\nTRUMP 2016!!!', 'Troy1478048619.jpg'),
(224, 'The Trump 220', 'Trump Supporters for San Jose!\r\nTRUMP 2016!!!', 'Troy1478048622.jpg'),
(225, 'The Trump 221', 'Trump Supporters for San Jose!\r\nTRUMP 2016!!!', 'Troy1478048626.jpg'),
(226, 'The Trump 222', 'Trump Supporters for San Jose!\r\nTRUMP 2016!!!', 'Troy1478048630.jpg'),
(227, 'The Trump 223', 'Trump Supporters for San Jose!\r\nTRUMP 2016!!!', 'Troy1478048633.jpg'),
(228, 'The Trump 224', 'Trump Supporters for San Jose!\r\nTRUMP 2016!!!', 'Troy1478048637.jpg'),
(229, 'The Trump 225', 'Trump Supporters for San Jose!\r\nTRUMP 2016!!!', 'Troy1478048641.jpg'),
(230, 'The Trump 226', 'Trump Supporters for San Jose!\r\nTRUMP 2016!!!', 'Troy1478048645.jpg'),
(231, 'The Trump 227', 'Trump Supporters for San Jose!\r\nTRUMP 2016!!!', 'Troy1478048648.jpg'),
(232, 'The Trump 228', 'Trump Supporters for San Jose!\r\nTRUMP 2016!!!', 'Troy1478048652.jpg'),
(233, 'The Trump 229', 'Trump Supporters for San Jose!\r\nTRUMP 2016!!!', 'Troy1478048656.jpg'),
(234, 'The Trump 230', 'Trump Supporters for San Jose!\r\nTRUMP 2016!!!', 'Troy1478048660.jpg'),
(235, 'The Trump 231', 'Trump Supporters for San Jose!\r\nTRUMP 2016!!!', 'Troy1478048664.jpg'),
(236, 'The Trump 232', 'Trump Supporters for San Jose!\r\nTRUMP 2016!!!', 'Troy1478048668.jpg'),
(237, 'The Trump 233', 'Trump Supporters for San Jose!\r\nTRUMP 2016!!!', 'Troy1478048671.jpg'),
(238, 'The Trump 234', 'Trump Supporters for San Jose!\r\nTRUMP 2016!!!', 'Troy1478048675.jpg'),
(239, 'The Trump 235', 'Trump Supporters for San Jose!\r\nTRUMP 2016!!!', 'Troy1478048679.jpg'),
(240, 'The Trump 236', 'Trump Supporters for San Jose!\r\nTRUMP 2016!!!', 'Troy1478048682.jpg'),
(241, 'The Trump 237', 'Trump Supporters for San Jose!\r\nTRUMP 2016!!!', 'Troy1478048685.jpg'),
(242, 'The Trump 238', 'Trump Supporters for San Jose!\r\nTRUMP 2016!!!', 'Troy1478048689.jpg'),
(243, 'The Trump 239', 'Trump Supporters for San Jose!\r\nTRUMP 2016!!!', 'Troy1478048692.jpg'),
(244, 'The Trump 240', 'Trump Supporters for San Jose!\r\nTRUMP 2016!!!', 'Troy1478048696.jpg'),
(245, 'The Trump 241', 'Trump Supporters for San Jose!\r\nTRUMP 2016!!!', 'Troy1478048700.jpg'),
(246, 'The Trump 242', 'Trump Supporters for San Jose!\r\nTRUMP 2016!!!', 'Troy1478048704.jpg'),
(247, 'The Trump 243', 'Trump Supporters for San Jose!\r\nTRUMP 2016!!!', 'Troy1478048707.jpg'),
(248, 'The Trump 244', 'Trump Supporters for San Jose!\r\nTRUMP 2016!!!', 'Troy1478048712.jpg'),
(249, 'The Trump 245', 'Trump Supporters for San Jose!\r\nTRUMP 2016!!!', 'Troy1478048715.jpg'),
(250, 'The Trump 246', 'Trump Supporters for San Jose!\r\nTRUMP 2016!!!', 'Troy1478048719.jpg'),
(251, 'The Trump 247', 'Trump Supporters for San Jose!\r\nTRUMP 2016!!!', 'Troy1478048723.jpg'),
(252, 'The Trump 248', 'Trump Supporters for San Jose!\r\nTRUMP 2016!!!', 'Troy1478048727.jpg'),
(253, 'The Trump 249', 'Trump Supporters for San Jose!\r\nTRUMP 2016!!!', 'Troy1478048731.jpg'),
(254, 'The Trump 250', 'Trump Supporters for San Jose!\r\nTRUMP 2016!!!', 'Troy1478048734.jpg');

-- --------------------------------------------------------

--
-- Table structure for table `organization_event`
--

CREATE TABLE `organization_event` (
  `org_id` bigint(20) NOT NULL,
  `event_id` bigint(20) NOT NULL
) ENGINE=InnoDB DEFAULT CHARSET=latin1;

-- --------------------------------------------------------

--
-- Table structure for table `organization_location`
--

CREATE TABLE `organization_location` (
  `org_id` bigint(20) NOT NULL,
  `location_id` bigint(20) NOT NULL
) ENGINE=InnoDB DEFAULT CHARSET=latin1;

--
-- Dumping data for table `organization_location`
--

INSERT INTO `organization_location` (`org_id`, `location_id`) VALUES
(1, 1),
(2, 1),
(3, 1),
(4, 1),
(5, 1),
(6, 1),
(7, 1),
(8, 1),
(9, 1),
(10, 1),
(11, 1),
(12, 1),
(13, 1),
(14, 1),
(15, 1),
(16, 1),
(17, 1),
(18, 1),
(19, 1),
(20, 1),
(21, 1),
(22, 1),
(23, 1),
(24, 1),
(25, 1),
(26, 1),
(27, 1),
(28, 1),
(29, 1),
(30, 1),
(31, 1),
(32, 1),
(33, 1),
(34, 1),
(35, 1),
(36, 1),
(37, 1),
(38, 1),
(39, 1),
(40, 1),
(41, 1),
(42, 1),
(43, 1),
(44, 1),
(45, 1),
(46, 1),
(47, 1),
(48, 1),
(49, 1),
(50, 1),
(51, 1),
(52, 1),
(53, 1),
(54, 1),
(55, 1),
(56, 1),
(57, 1),
(58, 1),
(59, 1),
(60, 1),
(61, 1),
(62, 1),
(63, 1),
(64, 1),
(65, 1),
(66, 1),
(67, 1),
(68, 1),
(69, 1),
(70, 1),
(71, 1),
(72, 1),
(73, 1),
(74, 1),
(75, 1),
(76, 1),
(77, 1),
(78, 1),
(79, 1),
(80, 1),
(81, 1),
(82, 1),
(83, 1),
(84, 1),
(85, 1),
(86, 1),
(87, 1),
(89, 1),
(90, 1),
(91, 1),
(92, 1),
(93, 1),
(94, 1),
(95, 1),
(96, 1),
(97, 1),
(98, 1),
(99, 1),
(100, 1),
(101, 1),
(102, 1),
(103, 1),
(104, 1),
(105, 1),
(106, 1),
(107, 1),
(108, 1),
(109, 1),
(110, 1),
(111, 1),
(112, 1),
(113, 1),
(114, 1),
(115, 1),
(116, 1),
(117, 1),
(118, 1),
(119, 1),
(120, 1),
(121, 1),
(122, 1),
(123, 1),
(124, 1),
(125, 1),
(126, 1),
(127, 1),
(128, 1),
(129, 1),
(130, 1),
(131, 1),
(132, 1),
(133, 1),
(134, 1),
(135, 1),
(136, 1),
(137, 1),
(138, 1),
(139, 1),
(140, 1),
(141, 1),
(142, 1),
(143, 1),
(144, 1),
(145, 1),
(146, 1),
(147, 1),
(148, 1),
(149, 1),
(150, 1),
(151, 1),
(152, 1),
(153, 1),
(155, 1),
(156, 1),
(157, 1),
(159, 1),
(160, 1),
(161, 1),
(162, 1),
(163, 1),
(164, 1),
(165, 1),
(166, 1),
(167, 1),
(168, 1),
(169, 1),
(170, 1),
(171, 1),
(172, 1),
(173, 1),
(174, 1),
(175, 1),
(176, 1),
(177, 1),
(178, 1),
(179, 1),
(180, 1),
(181, 1),
(182, 1),
(183, 1),
(184, 1),
(185, 1),
(186, 1),
(187, 1),
(188, 1),
(189, 1),
(190, 1),
(191, 1),
(192, 1),
(193, 1),
(194, 1),
(195, 1),
(196, 1),
(198, 1),
(199, 1),
(200, 1),
(201, 1),
(202, 1),
(203, 1),
(204, 1),
(205, 1),
(206, 1),
(207, 1),
(208, 1),
(209, 1),
(210, 1),
(211, 1),
(212, 1),
(213, 1),
(214, 1),
(215, 1),
(216, 1),
(217, 1),
(218, 1),
(219, 1),
(220, 1),
(221, 1),
(222, 1),
(223, 1),
(224, 1),
(225, 1),
(226, 1),
(227, 1),
(228, 1),
(229, 1),
(230, 1),
(231, 1),
(232, 1),
(233, 1),
(234, 1),
(235, 1),
(236, 1),
(237, 1),
(238, 1),
(239, 1),
(240, 1),
(241, 1),
(242, 1),
(243, 1),
(244, 1),
(245, 1),
(246, 1),
(247, 1),
(248, 1),
(249, 1),
(250, 1),
(251, 1),
(252, 1),
(253, 1),
(254, 1);

-- --------------------------------------------------------

--
-- Table structure for table `organization_tag`
--

CREATE TABLE `organization_tag` (
  `org_id` bigint(20) NOT NULL,
  `tag_id` bigint(20) NOT NULL
) ENGINE=InnoDB DEFAULT CHARSET=latin1;

--
-- Dumping data for table `organization_tag`
--

INSERT INTO `organization_tag` (`org_id`, `tag_id`) VALUES
(1, 4),
(2, 3),
(3, 2),
(4, 1),
(5, 5),
(6, 4),
(7, 5),
(8, 1),
(9, 5),
(10, 3),
(11, 2),
(12, 2),
(13, 3),
(14, 2),
(15, 4),
(16, 5),
(17, 3),
(18, 1),
(19, 2),
(20, 1),
(21, 2),
(22, 1),
(23, 4),
(24, 4),
(25, 3),
(26, 2),
(27, 4),
(28, 1),
(29, 2),
(30, 1),
(31, 3),
(32, 3),
(33, 4),
(34, 4),
(35, 5),
(36, 4),
(37, 1),
(38, 3),
(39, 1),
(40, 3),
(41, 5),
(42, 5),
(43, 5),
(44, 2),
(45, 4),
(46, 2),
(47, 2),
(48, 5),
(49, 2),
(50, 3),
(51, 2),
(52, 4),
(53, 5),
(54, 3),
(55, 4),
(56, 2),
(57, 2),
(58, 2),
(59, 2),
(60, 1),
(61, 4),
(62, 2),
(63, 4),
(64, 1),
(65, 5),
(66, 5),
(67, 3),
(68, 2),
(69, 5),
(70, 5),
(71, 1),
(72, 4),
(73, 1),
(74, 1),
(75, 5),
(76, 1),
(77, 5),
(78, 1),
(79, 3),
(80, 3),
(81, 2),
(82, 3),
(83, 2),
(84, 3),
(85, 1),
(86, 2),
(87, 3),
(89, 4),
(90, 4),
(91, 2),
(92, 4),
(93, 3),
(94, 5),
(95, 5),
(96, 5),
(97, 3),
(98, 4),
(99, 1),
(100, 2),
(101, 4),
(102, 5),
(103, 2),
(104, 5),
(105, 3),
(106, 5),
(107, 2),
(108, 1),
(109, 4),
(110, 2),
(111, 3),
(112, 1),
(113, 5),
(114, 3),
(115, 2),
(116, 2),
(117, 3),
(118, 1),
(119, 2),
(120, 5),
(121, 1),
(122, 4),
(123, 4),
(124, 5),
(125, 1),
(126, 4),
(127, 1),
(128, 4),
(129, 4),
(130, 2),
(131, 4),
(132, 1),
(133, 2),
(134, 1),
(135, 3),
(136, 2),
(137, 2),
(138, 3),
(139, 3),
(140, 2),
(141, 2),
(142, 1),
(143, 1),
(144, 3),
(145, 5),
(146, 3),
(147, 1),
(148, 2),
(149, 2),
(150, 4),
(151, 5),
(152, 2),
(153, 3),
(155, 2),
(156, 5),
(157, 2),
(159, 2),
(160, 2),
(161, 3),
(162, 3),
(163, 1),
(164, 1),
(165, 4),
(166, 4),
(167, 5),
(168, 5),
(169, 2),
(170, 3),
(171, 3),
(172, 2),
(173, 1),
(174, 3),
(175, 3),
(176, 3),
(177, 2),
(178, 4),
(179, 4),
(180, 4),
(181, 5),
(182, 1),
(183, 5),
(184, 2),
(185, 3),
(186, 4),
(187, 3),
(188, 3),
(189, 5),
(190, 2),
(191, 4),
(192, 1),
(193, 2),
(194, 4),
(195, 3),
(196, 3),
(198, 4),
(199, 3),
(200, 1),
(201, 3),
(202, 3),
(203, 3),
(204, 2),
(205, 3),
(206, 1),
(207, 4),
(208, 5),
(209, 4),
(210, 2),
(211, 4),
(212, 5),
(213, 5),
(214, 1),
(215, 2),
(216, 3),
(217, 4),
(218, 4),
(219, 4),
(220, 5),
(221, 5),
(222, 2),
(223, 5),
(224, 3),
(225, 2),
(226, 1),
(227, 2),
(228, 1),
(229, 4),
(230, 4),
(231, 2),
(232, 1),
(233, 4),
(234, 5),
(235, 3),
(236, 1),
(237, 4),
(238, 1),
(239, 5),
(240, 5),
(241, 2),
(242, 3),
(243, 5),
(244, 4),
(245, 5),
(246, 2),
(247, 3),
(248, 2),
(249, 1),
(250, 5),
(251, 3),
(252, 4),
(253, 3),
(254, 4);

-- --------------------------------------------------------

--
-- Table structure for table `owner`
--

CREATE TABLE `owner` (
  `owner_id` bigint(20) NOT NULL,
  `user_id` bigint(20) NOT NULL,
  `org_id` bigint(20) NOT NULL
) ENGINE=InnoDB DEFAULT CHARSET=latin1;

--
-- Dumping data for table `owner`
--

INSERT INTO `owner` (`owner_id`, `user_id`, `org_id`) VALUES
(1, 2, 1),
(2, 2, 2),
(3, 2, 3),
(4, 2, 4),
(5, 2, 5),
(6, 2, 6),
(7, 2, 7),
(8, 2, 8),
(9, 2, 9),
(10, 2, 10),
(11, 2, 11),
(12, 2, 12),
(13, 2, 13),
(14, 2, 14),
(15, 2, 15),
(16, 2, 16),
(17, 2, 17),
(18, 2, 18),
(19, 2, 19),
(20, 2, 20),
(21, 2, 21),
(22, 2, 22),
(23, 2, 23),
(24, 2, 24),
(25, 2, 25),
(26, 2, 26),
(27, 2, 27),
(28, 2, 28),
(29, 2, 29),
(30, 2, 30),
(31, 2, 31),
(32, 2, 32),
(33, 2, 33),
(34, 2, 34),
(35, 2, 35),
(36, 2, 36),
(37, 2, 37),
(38, 2, 38),
(39, 2, 39),
(40, 2, 40),
(41, 2, 41),
(42, 2, 42),
(43, 2, 43),
(44, 2, 44),
(45, 2, 45),
(46, 2, 46),
(47, 2, 47),
(48, 2, 48),
(49, 2, 49),
(50, 2, 50),
(51, 2, 51),
(52, 2, 52),
(53, 2, 53),
(54, 2, 54),
(55, 2, 55),
(56, 2, 56),
(57, 2, 57),
(58, 2, 58),
(59, 2, 59),
(60, 2, 60),
(61, 2, 61),
(62, 2, 62),
(63, 2, 63),
(64, 2, 64),
(65, 2, 65),
(66, 2, 66),
(67, 2, 67),
(68, 2, 68),
(69, 2, 69),
(70, 2, 70),
(71, 2, 71),
(72, 2, 72),
(73, 2, 73),
(74, 2, 74),
(75, 2, 75),
(76, 2, 76),
(77, 2, 77),
(78, 2, 78),
(79, 2, 79),
(80, 2, 80),
(81, 2, 81),
(82, 2, 82),
(83, 2, 83),
(84, 2, 84),
(85, 2, 85),
(86, 2, 86),
(87, 2, 87),
(88, 2, 89),
(89, 2, 90),
(90, 2, 91),
(91, 2, 92),
(92, 2, 93),
(93, 2, 94),
(94, 2, 95),
(95, 2, 96),
(96, 2, 97),
(97, 2, 98),
(98, 2, 99),
(99, 2, 100),
(100, 2, 101),
(101, 2, 102),
(102, 2, 103),
(103, 2, 104),
(104, 2, 105),
(105, 2, 106),
(106, 2, 107),
(107, 2, 108),
(108, 2, 109),
(109, 2, 110),
(110, 2, 111),
(111, 2, 112),
(112, 2, 113),
(113, 2, 114),
(114, 2, 115),
(115, 2, 116),
(116, 2, 117),
(117, 2, 118),
(118, 2, 119),
(119, 2, 120),
(120, 2, 121),
(121, 2, 122),
(122, 2, 123),
(123, 2, 124),
(124, 2, 125),
(125, 2, 126),
(126, 2, 127),
(127, 2, 128),
(128, 2, 129),
(129, 2, 130),
(130, 2, 131),
(131, 2, 132),
(132, 2, 133),
(133, 2, 134),
(134, 2, 135),
(135, 2, 136),
(136, 2, 137),
(137, 2, 138),
(138, 2, 139),
(139, 2, 140),
(140, 2, 141),
(141, 2, 142),
(142, 2, 143),
(143, 2, 144),
(144, 2, 145),
(145, 2, 146),
(146, 2, 147),
(147, 2, 148),
(148, 2, 149),
(149, 2, 150),
(150, 2, 151),
(151, 2, 152),
(152, 2, 153),
(153, 2, 155),
(154, 2, 156),
(155, 2, 157),
(156, 2, 159),
(157, 2, 160),
(158, 2, 161),
(159, 2, 162),
(160, 2, 163),
(161, 2, 164),
(162, 2, 165),
(163, 2, 166),
(164, 2, 167),
(165, 2, 168),
(166, 2, 169),
(167, 2, 170),
(168, 2, 171),
(169, 2, 172),
(170, 2, 173),
(171, 2, 174),
(172, 2, 175),
(173, 2, 176),
(174, 2, 177),
(175, 2, 178),
(176, 2, 179),
(177, 2, 180),
(178, 2, 181),
(179, 2, 182),
(180, 2, 183),
(181, 2, 184),
(182, 2, 185),
(183, 2, 186),
(184, 2, 187),
(185, 2, 188),
(186, 2, 189),
(187, 2, 190),
(188, 2, 191),
(189, 2, 192),
(190, 2, 193),
(191, 2, 194),
(192, 2, 195),
(193, 2, 196),
(194, 2, 198),
(195, 2, 199),
(196, 2, 200),
(197, 2, 201),
(198, 2, 202),
(199, 2, 203),
(200, 2, 204),
(201, 2, 205),
(202, 2, 206),
(203, 2, 207),
(204, 2, 208),
(205, 2, 209),
(206, 2, 210),
(207, 2, 211),
(208, 2, 212),
(209, 2, 213),
(210, 2, 214),
(211, 2, 215),
(212, 2, 216),
(213, 2, 217),
(214, 2, 218),
(215, 2, 219),
(216, 2, 220),
(217, 2, 221),
(218, 2, 222),
(219, 2, 223),
(220, 2, 224),
(221, 2, 225),
(222, 2, 226),
(223, 2, 227),
(224, 2, 228),
(225, 2, 229),
(226, 2, 230),
(227, 2, 231),
(228, 2, 232),
(229, 2, 233),
(230, 2, 234),
(231, 2, 235),
(232, 2, 236),
(233, 2, 237),
(234, 2, 238),
(235, 2, 239),
(236, 2, 240),
(237, 2, 241),
(238, 2, 242),
(239, 2, 243),
(240, 2, 244),
(241, 2, 245),
(242, 2, 246),
(243, 2, 247),
(244, 2, 248),
(245, 2, 249),
(246, 2, 250),
(247, 2, 251),
(248, 2, 252),
(249, 2, 253),
(250, 2, 254);

-- --------------------------------------------------------

--
-- Table structure for table `tag`
--

CREATE TABLE `tag` (
  `tag_id` bigint(20) NOT NULL,
  `tag_title` varchar(255) NOT NULL
) ENGINE=InnoDB DEFAULT CHARSET=latin1;

--
-- Dumping data for table `tag`
--

INSERT INTO `tag` (`tag_id`, `tag_title`) VALUES
(1, 'Movies'),
(2, 'Education'),
(3, 'Sports'),
(4, 'Food'),
(5, 'Coffee');

-- --------------------------------------------------------

--
-- Table structure for table `user`
--

CREATE TABLE `user` (
  `user_id` bigint(20) NOT NULL,
  `user_fname` varchar(255) NOT NULL,
  `user_lname` varchar(255) NOT NULL,
  `user_email` varchar(255) NOT NULL,
  `user_password` varchar(255) NOT NULL,
  `user_eNotifications` tinyint(1) NOT NULL
) ENGINE=InnoDB DEFAULT CHARSET=latin1;

--
-- Dumping data for table `user`
--

INSERT INTO `user` (`user_id`, `user_fname`, `user_lname`, `user_email`, `user_password`, `user_eNotifications`) VALUES
(2, 'Troy', 'Nguyen', 'troy.nguyen@sjsu.edu', '208a0a3bf93ba9d7683d596a3b065f55', 0);

-- --------------------------------------------------------

--
-- Table structure for table `user_location`
--

CREATE TABLE `user_location` (
  `user_id` bigint(20) NOT NULL,
  `location_id` bigint(20) NOT NULL
) ENGINE=InnoDB DEFAULT CHARSET=latin1;

--
-- Dumping data for table `user_location`
--

INSERT INTO `user_location` (`user_id`, `location_id`) VALUES
(2, 1);

--
-- Indexes for dumped tables
--

--
-- Indexes for table `attendee`
--
ALTER TABLE `attendee`
  ADD PRIMARY KEY (`attendee_id`);

--
-- Indexes for table `event`
--
ALTER TABLE `event`
  ADD PRIMARY KEY (`event_id`);

--
-- Indexes for table `location`
--
ALTER TABLE `location`
  ADD PRIMARY KEY (`location_id`);

--
-- Indexes for table `member`
--
ALTER TABLE `member`
  ADD PRIMARY KEY (`member_id`);

--
-- Indexes for table `organization`
--
ALTER TABLE `organization`
  ADD PRIMARY KEY (`org_id`);

--
-- Indexes for table `owner`
--
ALTER TABLE `owner`
  ADD PRIMARY KEY (`owner_id`);

--
-- Indexes for table `tag`
--
ALTER TABLE `tag`
  ADD PRIMARY KEY (`tag_id`);

--
-- Indexes for table `user`
--
ALTER TABLE `user`
  ADD PRIMARY KEY (`user_id`);

--
-- AUTO_INCREMENT for dumped tables
--

--
-- AUTO_INCREMENT for table `attendee`
--
ALTER TABLE `attendee`
  MODIFY `attendee_id` bigint(20) NOT NULL AUTO_INCREMENT;
--
-- AUTO_INCREMENT for table `event`
--
ALTER TABLE `event`
  MODIFY `event_id` bigint(20) NOT NULL AUTO_INCREMENT;
--
-- AUTO_INCREMENT for table `location`
--
ALTER TABLE `location`
  MODIFY `location_id` bigint(20) NOT NULL AUTO_INCREMENT, AUTO_INCREMENT=3;
--
-- AUTO_INCREMENT for table `member`
--
ALTER TABLE `member`
  MODIFY `member_id` bigint(20) NOT NULL AUTO_INCREMENT, AUTO_INCREMENT=251;
--
-- AUTO_INCREMENT for table `organization`
--
ALTER TABLE `organization`
  MODIFY `org_id` bigint(20) NOT NULL AUTO_INCREMENT, AUTO_INCREMENT=255;
--
-- AUTO_INCREMENT for table `owner`
--
ALTER TABLE `owner`
  MODIFY `owner_id` bigint(20) NOT NULL AUTO_INCREMENT, AUTO_INCREMENT=251;
--
-- AUTO_INCREMENT for table `tag`
--
ALTER TABLE `tag`
  MODIFY `tag_id` bigint(20) NOT NULL AUTO_INCREMENT, AUTO_INCREMENT=8;
--
-- AUTO_INCREMENT for table `user`
--
ALTER TABLE `user`
  MODIFY `user_id` bigint(20) NOT NULL AUTO_INCREMENT, AUTO_INCREMENT=3;
/*!40101 SET CHARACTER_SET_CLIENT=@OLD_CHARACTER_SET_CLIENT */;
/*!40101 SET CHARACTER_SET_RESULTS=@OLD_CHARACTER_SET_RESULTS */;
/*!40101 SET COLLATION_CONNECTION=@OLD_COLLATION_CONNECTION */;
